{
  "product_id": "597957146361",
  "seed": 1974453235,
  "colors": [
    "#1EF1F2",
    "#DC4FDD",
    "#F6FA31"
  ],
  "shape_types": [
    "loop",
    "arc",
    "oval"
  ],
  "size": 800,
  "per_shape": [
    {
      "index": 0,
      "color": "#1EF1F2",
      "shape": "loop",
      "center": [
        0.3952390920348121,
        -0.024427520513195133
      ],
      "amp": 0.08433204134169346,
      "phase": 1.272196016649485,
      "lobes": 3,
      "density": 18,
      "scale": 1.1316375327803327,
      "loop_exponent": 2.5
    },
    {
      "index": 1,
      "color": "#DC4FDD",
      "shape": "arc",
      "center": [
        0.34551814749473475,
        0.0943623436940021
      ],
      "amp": 0.29856316282973194,
      "phase": 5.888981505018678,
      "lobes": 3,
      "density": 35,
      "scale": 0.8522668415099549
    },
    {
      "index": 2,
      "color": "#F6FA31",
      "shape": "oval",
      "center": [
        0.13736741166867628,
        0.18357709777189757
      ],
      "amp": 0.10935633593108447,
      "phase": 2.869333966271665,
      "lobes": 4,
      "density": 20,
      "scale": 1.1154787995175424,
      "oval_a": 1.2606462079611114,
      "oval_b": 0.7174033742424527
    }
  ]
}