{
  "product_id": "597957142705",
  "seed": 3571521185,
  "colors": [
    "#1EF1F2",
    "#DC4FDD",
    "#F6FA31"
  ],
  "shape_types": [
    "loop",
    "leaf",
    "oval"
  ],
  "size": 800,
  "per_shape": [
    {
      "index": 0,
      "color": "#1EF1F2",
      "shape": "loop",
      "center": [
        0.3893799807864743,
        -0.004125414608264155
      ],
      "amp": 0.14854761863247334,
      "phase": 2.648781502742042,
      "lobes": 2,
      "density": 27,
      "scale": 1.0195665728592522,
      "loop_exponent": 2.5
    },
    {
      "index": 1,
      "color": "#DC4FDD",
      "shape": "leaf",
      "center": [
        0.2794298566451555,
        0.25926224073185755
      ],
      "amp": 0.08089445249080769,
      "phase": 5.496980112861671,
      "lobes": 2,
      "density": 28,
      "scale": 1.055401677230013,
      "leaf_type": "heart_polar_r=1-sin(theta+phase)"
    },
    {
      "index": 2,
      "color": "#F6FA31",
      "shape": "oval",
      "center": [
        -0.3497959041913665,
        -0.061581777257504744
      ],
      "amp": 0.11031742118842695,
      "phase": 2.748250759744569,
      "lobes": 3,
      "density": 27,
      "scale": 1.1877396382314718,
      "oval_a": 1.1014858204874027,
      "oval_b": 0.8549401666579061
    }
  ]
}