{
  "product_id": "597957143231",
  "seed": 1888966599,
  "colors": [
    "#1EF1F2",
    "#DC4FDD",
    "#F6FA31"
  ],
  "shape_types": [
    "leaf",
    "loop",
    "oval"
  ],
  "size": 800,
  "per_shape": [
    {
      "index": 0,
      "color": "#1EF1F2",
      "shape": "leaf",
      "center": [
        0.23775666101647852,
        0.1252976947721124
      ],
      "amp": 0.13704868802593279,
      "phase": 1.2653273873043183,
      "lobes": 4,
      "density": 19,
      "scale": 0.8400099499142222,
      "leaf_type": "heart_polar_r=1-sin(theta+phase)"
    },
    {
      "index": 1,
      "color": "#DC4FDD",
      "shape": "loop",
      "center": [
        0.3577019120168845,
        0.11874968967310306
      ],
      "amp": 0.06556939818421804,
      "phase": 2.714529897809289,
      "lobes": 3,
      "density": 19,
      "scale": 1.0976291319594695,
      "loop_exponent": 2.5
    },
    {
      "index": 2,
      "color": "#F6FA31",
      "shape": "oval",
      "center": [
        -0.16302554712068967,
        -0.1885614599989884
      ],
      "amp": 0.2623347757249655,
      "phase": 4.499342502595525,
      "lobes": 3,
      "density": 19,
      "scale": 1.0957010856127845,
      "oval_a": 1.2081071934264445,
      "oval_b": 0.7352672523495974
    }
  ]
}