{
  "product_id": "597957143749",
  "seed": 3400936382,
  "colors": [
    "#1EF1F2",
    "#DC4FDD",
    "#F6FA31"
  ],
  "shape_types": [
    "arc",
    "oval",
    "leaf"
  ],
  "size": 800,
  "per_shape": [
    {
      "index": 0,
      "color": "#1EF1F2",
      "shape": "arc",
      "center": [
        -0.23371252804475884,
        -0.043520226190284395
      ],
      "amp": 0.16429648757272547,
      "phase": 3.9591180245858344,
      "lobes": 2,
      "density": 25,
      "scale": 1.0514485833343667
    },
    {
      "index": 1,
      "color": "#DC4FDD",
      "shape": "oval",
      "center": [
        0.3064229652119439,
        0.058133379412046604
      ],
      "amp": 0.15901998712962767,
      "phase": 5.346226364346117,
      "lobes": 4,
      "density": 23,
      "scale": 0.8083775185073638,
      "oval_a": 1.178979490988766,
      "oval_b": 0.713325855737859
    },
    {
      "index": 2,
      "color": "#F6FA31",
      "shape": "leaf",
      "center": [
        -0.037750408446956374,
        0.3985110726867286
      ],
      "amp": 0.17702742491187057,
      "phase": 4.662027813668985,
      "lobes": 4,
      "density": 31,
      "scale": 0.8502745608505627,
      "leaf_type": "heart_polar_r=1-sin(theta+phase)"
    }
  ]
}