{
  "product_id": "597957146907",
  "seed": 1169654959,
  "colors": [
    "#1EF1F2",
    "#DC4FDD",
    "#F6FA31"
  ],
  "shape_types": [
    "leaf",
    "loop",
    "arc"
  ],
  "size": 800,
  "per_shape": [
    {
      "index": 0,
      "color": "#1EF1F2",
      "shape": "leaf",
      "center": [
        0.26935066752423387,
        -0.032649783496402296
      ],
      "amp": 0.2241901237379625,
      "phase": 6.014915232873861,
      "lobes": 3,
      "density": 29,
      "scale": 0.9608976511130555,
      "leaf_type": "heart_polar_r=1-sin(theta+phase)"
    },
    {
      "index": 1,
      "color": "#DC4FDD",
      "shape": "loop",
      "center": [
        0.3873157850939335,
        -0.330674825782637
      ],
      "amp": 0.23393130862768846,
      "phase": 1.3449925929419888,
      "lobes": 3,
      "density": 29,
      "scale": 0.9457583495987886,
      "loop_exponent": 2.5
    },
    {
      "index": 2,
      "color": "#F6FA31",
      "shape": "arc",
      "center": [
        0.08754097980067882,
        -0.28121438442981667
      ],
      "amp": 0.18224266385287108,
      "phase": 2.241961691770501,
      "lobes": 3,
      "density": 18,
      "scale": 0.9184224749659017
    }
  ]
}