{
  "product_id": "597957141559",
  "seed": 1354264153,
  "colors": [
    "#1EF1F2",
    "#DC4FDD",
    "#F6FA31"
  ],
  "shape_types": [
    "arc",
    "loop",
    "oval"
  ],
  "size": 800,
  "per_shape": [
    {
      "index": 0,
      "color": "#1EF1F2",
      "shape": "arc",
      "center": [
        0.35934016332636376,
        -0.3153751941622554
      ],
      "amp": 0.1622014308322935,
      "phase": 0.3238054681896315,
      "lobes": 3,
      "density": 19,
      "scale": 0.825506749466687
    },
    {
      "index": 1,
      "color": "#DC4FDD",
      "shape": "loop",
      "center": [
        -0.3318599877739633,
        0.05005161392223306
      ],
      "amp": 0.22779479621909232,
      "phase": 0.9592562803012783,
      "lobes": 4,
      "density": 24,
      "scale": 1.1761552546147942,
      "loop_exponent": 2.5
    },
    {
      "index": 2,
      "color": "#F6FA31",
      "shape": "oval",
      "center": [
        0.10108699788769593,
        0.05781077008791913
      ],
      "amp": 0.2733025065609643,
      "phase": 4.247078786061666,
      "lobes": 2,
      "density": 19,
      "scale": 1.029367618058857,
      "oval_a": 1.2329672366493585,
      "oval_b": 0.8338436585793353
    }
  ]
}