{
  "product_id": "597957146635",
  "seed": 851497386,
  "colors": [
    "#1EF1F2",
    "#DC4FDD",
    "#F6FA31"
  ],
  "shape_types": [
    "leaf",
    "arc",
    "oval"
  ],
  "size": 800,
  "per_shape": [
    {
      "index": 0,
      "color": "#1EF1F2",
      "shape": "leaf",
      "center": [
        0.3902225944181805,
        -0.05437255304483457
      ],
      "amp": 0.2816026484623258,
      "phase": 2.8670193834468396,
      "lobes": 3,
      "density": 26,
      "scale": 1.0965500040970038,
      "leaf_type": "heart_polar_r=1-sin(theta+phase)"
    },
    {
      "index": 1,
      "color": "#DC4FDD",
      "shape": "arc",
      "center": [
        0.15492471901915572,
        -0.3459555549838578
      ],
      "amp": 0.09102767753200537,
      "phase": 3.740796532510007,
      "lobes": 3,
      "density": 36,
      "scale": 1.0976104851193302
    },
    {
      "index": 2,
      "color": "#F6FA31",
      "shape": "oval",
      "center": [
        0.3461531566051589,
        0.09817460586646903
      ],
      "amp": 0.27836061357412173,
      "phase": 1.9174727832649228,
      "lobes": 2,
      "density": 27,
      "scale": 0.8758106557069333,
      "oval_a": 1.2328571939621809,
      "oval_b": 0.8585400294230586
    }
  ]
}