{
  "product_id": "597957139251",
  "seed": 1346948090,
  "colors": [
    "#1EF1F2",
    "#DC4FDD",
    "#F6FA31"
  ],
  "shape_types": [
    "loop",
    "leaf",
    "oval"
  ],
  "size": 800,
  "per_shape": [
    {
      "index": 0,
      "color": "#1EF1F2",
      "shape": "loop",
      "center": [
        -0.144289426111051,
        0.0789166370322194
      ],
      "amp": 0.13309772179792356,
      "phase": 2.4474595958459484,
      "lobes": 4,
      "density": 28,
      "scale": 1.156198432923997,
      "loop_exponent": 2.5
    },
    {
      "index": 1,
      "color": "#DC4FDD",
      "shape": "leaf",
      "center": [
        -0.35828020561356166,
        -0.22659831733315966
      ],
      "amp": 0.1076399679085052,
      "phase": 2.1927480651201368,
      "lobes": 3,
      "density": 30,
      "scale": 1.069134914372368,
      "leaf_type": "heart_polar_r=1-sin(theta+phase)"
    },
    {
      "index": 2,
      "color": "#F6FA31",
      "shape": "oval",
      "center": [
        -0.07452838434094511,
        -0.09996849938454933
      ],
      "amp": 0.07341919780638477,
      "phase": 3.1815710135591653,
      "lobes": 3,
      "density": 36,
      "scale": 0.9419414587981604,
      "oval_a": 1.1408292245780158,
      "oval_b": 0.7431627780452286
    }
  ]
}