{
  "product_id": "597957146971",
  "seed": 791206736,
  "colors": [
    "#1EF1F2",
    "#DC4FDD",
    "#F6FA31"
  ],
  "shape_types": [
    "loop",
    "arc",
    "leaf"
  ],
  "size": 800,
  "per_shape": [
    {
      "index": 0,
      "color": "#1EF1F2",
      "shape": "loop",
      "center": [
        0.29884670004445313,
        -0.16153516381420296
      ],
      "amp": 0.19527343265975894,
      "phase": 3.1753564220777206,
      "lobes": 4,
      "density": 35,
      "scale": 1.1302717494244905,
      "loop_exponent": 2.5
    },
    {
      "index": 1,
      "color": "#DC4FDD",
      "shape": "arc",
      "center": [
        -0.38658105619261995,
        -0.07715050847042298
      ],
      "amp": 0.2898942742438269,
      "phase": 3.0285756129179697,
      "lobes": 3,
      "density": 25,
      "scale": 0.8934566385931046
    },
    {
      "index": 2,
      "color": "#F6FA31",
      "shape": "leaf",
      "center": [
        0.12836953093225734,
        -0.15629726982345807
      ],
      "amp": 0.20498643838402836,
      "phase": 1.375265630462056,
      "lobes": 2,
      "density": 25,
      "scale": 1.0969956774809053,
      "leaf_type": "heart_polar_r=1-sin(theta+phase)"
    }
  ]
}