{
  "product_id": "597957143569",
  "seed": 3202536136,
  "colors": [
    "#1EF1F2",
    "#DC4FDD",
    "#F6FA31"
  ],
  "shape_types": [
    "loop",
    "oval",
    "arc"
  ],
  "size": 800,
  "per_shape": [
    {
      "index": 0,
      "color": "#1EF1F2",
      "shape": "loop",
      "center": [
        -0.12124006956862815,
        -0.3456334104092842
      ],
      "amp": 0.17484986014900122,
      "phase": 4.2781751926734035,
      "lobes": 4,
      "density": 31,
      "scale": 1.1118018873505646,
      "loop_exponent": 2.5
    },
    {
      "index": 1,
      "color": "#DC4FDD",
      "shape": "oval",
      "center": [
        -0.2238718621529494,
        0.2888484044880757
      ],
      "amp": 0.12590966945464954,
      "phase": 5.154918643294273,
      "lobes": 3,
      "density": 33,
      "scale": 0.8041771818411712,
      "oval_a": 1.1623380075615182,
      "oval_b": 0.8840040371204938
    },
    {
      "index": 2,
      "color": "#F6FA31",
      "shape": "arc",
      "center": [
        0.1274454767141343,
        0.336817645453109
      ],
      "amp": 0.09731398223133457,
      "phase": 5.9226723323452815,
      "lobes": 4,
      "density": 32,
      "scale": 1.1699945600282062
    }
  ]
}