{
  "product_id": "597957140095",
  "seed": 3319300306,
  "colors": [
    "#1EF1F2",
    "#DC4FDD",
    "#F6FA31"
  ],
  "shape_types": [
    "loop",
    "oval",
    "arc"
  ],
  "size": 800,
  "per_shape": [
    {
      "index": 0,
      "color": "#1EF1F2",
      "shape": "loop",
      "center": [
        0.21924586115799827,
        -0.11053709273632145
      ],
      "amp": 0.06903892190855289,
      "phase": 4.995903337880518,
      "lobes": 3,
      "density": 22,
      "scale": 1.0541192112016997,
      "loop_exponent": 2.5
    },
    {
      "index": 1,
      "color": "#DC4FDD",
      "shape": "oval",
      "center": [
        -0.08358989242835618,
        0.25732663815586
      ],
      "amp": 0.25855474693327984,
      "phase": 2.939091840802294,
      "lobes": 3,
      "density": 24,
      "scale": 1.090161195915007,
      "oval_a": 1.1903636048607293,
      "oval_b": 0.7307667797542858
    },
    {
      "index": 2,
      "color": "#F6FA31",
      "shape": "arc",
      "center": [
        0.26468257287964403,
        -0.23993840272470807
      ],
      "amp": 0.25825281740817513,
      "phase": 2.6824800064679373,
      "lobes": 3,
      "density": 35,
      "scale": 0.9303072927224995
    }
  ]
}