{
  "product_id": "597957147177",
  "seed": 3675199535,
  "colors": [
    "#1EF1F2",
    "#DC4FDD",
    "#F6FA31"
  ],
  "shape_types": [
    "leaf",
    "loop",
    "oval"
  ],
  "size": 800,
  "per_shape": [
    {
      "index": 0,
      "color": "#1EF1F2",
      "shape": "leaf",
      "center": [
        -0.13548683766921182,
        0.08429398573161828
      ],
      "amp": 0.20384217855959164,
      "phase": 3.339126587470912,
      "lobes": 3,
      "density": 20,
      "scale": 0.894259023677517,
      "leaf_type": "heart_polar_r=1-sin(theta+phase)"
    },
    {
      "index": 1,
      "color": "#DC4FDD",
      "shape": "loop",
      "center": [
        -0.15905046225131692,
        -0.39339593308945986
      ],
      "amp": 0.2903072273373017,
      "phase": 5.818897530625644,
      "lobes": 4,
      "density": 29,
      "scale": 0.8990843970490691,
      "loop_exponent": 2.5
    },
    {
      "index": 2,
      "color": "#F6FA31",
      "shape": "oval",
      "center": [
        0.020781829917316474,
        0.23799263403854432
      ],
      "amp": 0.095315284983524,
      "phase": 5.990885884145715,
      "lobes": 2,
      "density": 26,
      "scale": 1.058249823454351,
      "oval_a": 1.136453214414307,
      "oval_b": 0.7245345041825727
    }
  ]
}