{
  "product_id": "597957143745",
  "seed": 2382858340,
  "colors": [
    "#1EF1F2",
    "#DC4FDD",
    "#F6FA31"
  ],
  "shape_types": [
    "loop",
    "arc",
    "leaf"
  ],
  "size": 800,
  "per_shape": [
    {
      "index": 0,
      "color": "#1EF1F2",
      "shape": "loop",
      "center": [
        -0.3881102571677908,
        0.23955788697960145
      ],
      "amp": 0.2656196856179105,
      "phase": 3.6316976405396475,
      "lobes": 4,
      "density": 35,
      "scale": 1.1380526337822114,
      "loop_exponent": 2.5
    },
    {
      "index": 1,
      "color": "#DC4FDD",
      "shape": "arc",
      "center": [
        -0.3470759994229067,
        0.13922604964357277
      ],
      "amp": 0.2932476479975076,
      "phase": 5.152625726521121,
      "lobes": 3,
      "density": 22,
      "scale": 1.0733767797264708
    },
    {
      "index": 2,
      "color": "#F6FA31",
      "shape": "leaf",
      "center": [
        -0.28484292134128614,
        0.34491899835905115
      ],
      "amp": 0.08974931476714605,
      "phase": 0.49611355896882897,
      "lobes": 4,
      "density": 30,
      "scale": 1.1946881699844067,
      "leaf_type": "heart_polar_r=1-sin(theta+phase)"
    }
  ]
}