{
  "product_id": "597957138661",
  "seed": 1901712556,
  "colors": [
    "#1EF1F2",
    "#DC4FDD",
    "#F6FA31"
  ],
  "shape_types": [
    "oval",
    "leaf",
    "loop"
  ],
  "size": 800,
  "per_shape": [
    {
      "index": 0,
      "color": "#1EF1F2",
      "shape": "oval",
      "center": [
        -0.3815266182795119,
        -0.31778513498653915
      ],
      "amp": 0.08289786696032216,
      "phase": 2.433310178229063,
      "lobes": 3,
      "density": 22,
      "scale": 1.1398827600112478,
      "oval_a": 1.106964278507773,
      "oval_b": 0.7326845711282306
    },
    {
      "index": 1,
      "color": "#DC4FDD",
      "shape": "leaf",
      "center": [
        0.367797194241242,
        0.35876095406265684
      ],
      "amp": 0.22409923677478538,
      "phase": 2.6182821979705047,
      "lobes": 4,
      "density": 36,
      "scale": 0.9832664786934622,
      "leaf_type": "heart_polar_r=1-sin(theta+phase)"
    },
    {
      "index": 2,
      "color": "#F6FA31",
      "shape": "loop",
      "center": [
        -0.04802791013311358,
        0.18556726694902193
      ],
      "amp": 0.15718485433865498,
      "phase": 5.543238098366775,
      "lobes": 3,
      "density": 23,
      "scale": 1.0726281872977954,
      "loop_exponent": 2.5
    }
  ]
}