{
  "product_id": "597957144645",
  "seed": 2052816089,
  "colors": [
    "#1EF1F2",
    "#DC4FDD",
    "#F6FA31"
  ],
  "shape_types": [
    "oval",
    "arc",
    "loop"
  ],
  "size": 800,
  "per_shape": [
    {
      "index": 0,
      "color": "#1EF1F2",
      "shape": "oval",
      "center": [
        -0.26781848947768055,
        -0.03077331242129755
      ],
      "amp": 0.23484562831783895,
      "phase": 6.1796289816822725,
      "lobes": 3,
      "density": 23,
      "scale": 0.8045989427311638,
      "oval_a": 1.1459404333582908,
      "oval_b": 0.7521878483271086
    },
    {
      "index": 1,
      "color": "#DC4FDD",
      "shape": "arc",
      "center": [
        -0.3339090063974591,
        0.03037357760997994
      ],
      "amp": 0.17991018472484277,
      "phase": 5.432025434668681,
      "lobes": 4,
      "density": 25,
      "scale": 0.9633449586100421
    },
    {
      "index": 2,
      "color": "#F6FA31",
      "shape": "loop",
      "center": [
        -0.07294475549542723,
        0.19479245211417928
      ],
      "amp": 0.0985225898726476,
      "phase": 5.602449575371834,
      "lobes": 2,
      "density": 31,
      "scale": 0.8724139054155694,
      "loop_exponent": 2.5
    }
  ]
}