{
  "product_id": "597957144171",
  "seed": 1215468001,
  "colors": [
    "#1EF1F2",
    "#DC4FDD",
    "#F6FA31"
  ],
  "shape_types": [
    "oval",
    "arc",
    "loop"
  ],
  "size": 800,
  "per_shape": [
    {
      "index": 0,
      "color": "#1EF1F2",
      "shape": "oval",
      "center": [
        0.28393598847673096,
        0.3652878024239593
      ],
      "amp": 0.20219228634722947,
      "phase": 0.5504630597414717,
      "lobes": 2,
      "density": 33,
      "scale": 1.0712707922840328,
      "oval_a": 1.1689984128855948,
      "oval_b": 0.7774776673941977
    },
    {
      "index": 1,
      "color": "#DC4FDD",
      "shape": "arc",
      "center": [
        -0.38311541201266897,
        0.15775520613092864
      ],
      "amp": 0.0858709336055321,
      "phase": 2.7940747511804376,
      "lobes": 4,
      "density": 24,
      "scale": 1.1645308130300887
    },
    {
      "index": 2,
      "color": "#F6FA31",
      "shape": "loop",
      "center": [
        0.040782321947124944,
        -0.3122182277447272
      ],
      "amp": 0.17149718815060616,
      "phase": 0.38300942791704334,
      "lobes": 4,
      "density": 22,
      "scale": 0.9820741926942447,
      "loop_exponent": 2.5
    }
  ]
}