{
  "product_id": "597957147751",
  "seed": 681392236,
  "colors": [
    "#1EF1F2",
    "#DC4FDD",
    "#F6FA31"
  ],
  "shape_types": [
    "oval",
    "leaf",
    "loop"
  ],
  "size": 800,
  "per_shape": [
    {
      "index": 0,
      "color": "#1EF1F2",
      "shape": "oval",
      "center": [
        0.08943992493245762,
        0.17129230819672303
      ],
      "amp": 0.15139291036798896,
      "phase": 4.93391370133344,
      "lobes": 4,
      "density": 34,
      "scale": 0.9325105043293033,
      "oval_a": 1.1673057880917557,
      "oval_b": 0.7453833314701885
    },
    {
      "index": 1,
      "color": "#DC4FDD",
      "shape": "leaf",
      "center": [
        -0.1055211190577171,
        -0.3606960216898066
      ],
      "amp": 0.09426311273638706,
      "phase": 5.771553137632911,
      "lobes": 3,
      "density": 19,
      "scale": 1.1123090497199017,
      "leaf_type": "heart_polar_r=1-sin(theta+phase)"
    },
    {
      "index": 2,
      "color": "#F6FA31",
      "shape": "loop",
      "center": [
        0.37295181913493447,
        0.22407804399525344
      ],
      "amp": 0.15592044706005131,
      "phase": 5.097819040916397,
      "lobes": 2,
      "density": 30,
      "scale": 0.9468954573367092,
      "loop_exponent": 2.5
    }
  ]
}