{
  "product_id": "597957147053",
  "seed": 2837752185,
  "colors": [
    "#1EF1F2",
    "#DC4FDD",
    "#F6FA31"
  ],
  "shape_types": [
    "leaf",
    "oval",
    "arc"
  ],
  "size": 800,
  "per_shape": [
    {
      "index": 0,
      "color": "#1EF1F2",
      "shape": "leaf",
      "center": [
        0.057802340166634825,
        -0.00037988788399118123
      ],
      "amp": 0.10592897072922501,
      "phase": 1.4168946017512634,
      "lobes": 4,
      "density": 18,
      "scale": 1.0638093282512209,
      "leaf_type": "heart_polar_r=1-sin(theta+phase)"
    },
    {
      "index": 1,
      "color": "#DC4FDD",
      "shape": "oval",
      "center": [
        -0.15407125675891128,
        0.19615880625772075
      ],
      "amp": 0.263122428628588,
      "phase": 4.60110542214228,
      "lobes": 2,
      "density": 32,
      "scale": 0.8056950608291543,
      "oval_a": 1.1752032890020672,
      "oval_b": 0.7724437024575079
    },
    {
      "index": 2,
      "color": "#F6FA31",
      "shape": "arc",
      "center": [
        0.2646648996465186,
        -0.18781984586275585
      ],
      "amp": 0.08594074009727633,
      "phase": 4.75333247666322,
      "lobes": 3,
      "density": 30,
      "scale": 1.18071323635108
    }
  ]
}