{
  "product_id": "597957145721",
  "seed": 2520321471,
  "colors": [
    "#1EF1F2",
    "#DC4FDD",
    "#F6FA31"
  ],
  "shape_types": [
    "leaf",
    "arc",
    "oval"
  ],
  "size": 800,
  "per_shape": [
    {
      "index": 0,
      "color": "#1EF1F2",
      "shape": "leaf",
      "center": [
        0.15048132420102456,
        0.11216148310984975
      ],
      "amp": 0.20191491649097992,
      "phase": 5.8749803173198805,
      "lobes": 4,
      "density": 19,
      "scale": 1.1074830966946256,
      "leaf_type": "heart_polar_r=1-sin(theta+phase)"
    },
    {
      "index": 1,
      "color": "#DC4FDD",
      "shape": "arc",
      "center": [
        -0.275953611648254,
        -0.12869351665904738
      ],
      "amp": 0.07386906439412423,
      "phase": 0.07686599678548398,
      "lobes": 2,
      "density": 35,
      "scale": 0.95092659646062
    },
    {
      "index": 2,
      "color": "#F6FA31",
      "shape": "oval",
      "center": [
        0.33688775378454316,
        0.10600489741946739
      ],
      "amp": 0.11798630531418096,
      "phase": 5.326919670851698,
      "lobes": 2,
      "density": 36,
      "scale": 0.8815500377284029,
      "oval_a": 1.1751588153399657,
      "oval_b": 0.7214806057251281
    }
  ]
}