{
  "product_id": "597957139565",
  "seed": 3809094906,
  "colors": [
    "#1EF1F2",
    "#DC4FDD",
    "#F6FA31"
  ],
  "shape_types": [
    "loop",
    "leaf",
    "arc"
  ],
  "size": 800,
  "per_shape": [
    {
      "index": 0,
      "color": "#1EF1F2",
      "shape": "loop",
      "center": [
        0.12210127840808993,
        -0.14923268657729577
      ],
      "amp": 0.11231603346445275,
      "phase": 2.5903297916757744,
      "lobes": 3,
      "density": 28,
      "scale": 0.8956466018466733,
      "loop_exponent": 2.5
    },
    {
      "index": 1,
      "color": "#DC4FDD",
      "shape": "leaf",
      "center": [
        -0.20000498614720608,
        0.13516000694529828
      ],
      "amp": 0.23450000331391335,
      "phase": 6.0983301587389125,
      "lobes": 4,
      "density": 35,
      "scale": 0.9210251486528229,
      "leaf_type": "heart_polar_r=1-sin(theta+phase)"
    },
    {
      "index": 2,
      "color": "#F6FA31",
      "shape": "arc",
      "center": [
        -0.3683135405394115,
        0.02464433117125886
      ],
      "amp": 0.095426408419396,
      "phase": 1.7306305956538826,
      "lobes": 2,
      "density": 18,
      "scale": 0.8682900930023847
    }
  ]
}