{
  "product_id": "597957140979",
  "seed": 2850838323,
  "colors": [
    "#1EF1F2",
    "#DC4FDD",
    "#F6FA31"
  ],
  "shape_types": [
    "oval",
    "leaf",
    "arc"
  ],
  "size": 800,
  "per_shape": [
    {
      "index": 0,
      "color": "#1EF1F2",
      "shape": "oval",
      "center": [
        -0.38272596873832,
        -0.07298162434600924
      ],
      "amp": 0.06473021787193152,
      "phase": 0.7690097550410616,
      "lobes": 4,
      "density": 19,
      "scale": 1.1608592840246028,
      "oval_a": 1.2511618327717295,
      "oval_b": 0.8384255822275275
    },
    {
      "index": 1,
      "color": "#DC4FDD",
      "shape": "leaf",
      "center": [
        -0.0003339908885097165,
        -0.09705478609228174
      ],
      "amp": 0.13657364063057853,
      "phase": 5.8335265244840375,
      "lobes": 2,
      "density": 34,
      "scale": 0.8478280192811676,
      "leaf_type": "heart_polar_r=1-sin(theta+phase)"
    },
    {
      "index": 2,
      "color": "#F6FA31",
      "shape": "arc",
      "center": [
        0.30335930878945616,
        0.21010325102329952
      ],
      "amp": 0.28756319204255415,
      "phase": 1.100196947384421,
      "lobes": 4,
      "density": 21,
      "scale": 1.0603460621419014
    }
  ]
}