{
  "product_id": "597957145385",
  "seed": 2966153073,
  "colors": [
    "#1EF1F2",
    "#DC4FDD",
    "#F6FA31"
  ],
  "shape_types": [
    "loop",
    "leaf",
    "oval"
  ],
  "size": 800,
  "per_shape": [
    {
      "index": 0,
      "color": "#1EF1F2",
      "shape": "loop",
      "center": [
        -0.29886328677232,
        0.05775645535669077
      ],
      "amp": 0.1379836688121291,
      "phase": 2.220293098874732,
      "lobes": 3,
      "density": 36,
      "scale": 1.1996720018489875,
      "loop_exponent": 2.5
    },
    {
      "index": 1,
      "color": "#DC4FDD",
      "shape": "leaf",
      "center": [
        0.06840684629212196,
        0.24470138942050013
      ],
      "amp": 0.2567340441905489,
      "phase": 2.0024407995477707,
      "lobes": 4,
      "density": 21,
      "scale": 0.8572478676072216,
      "leaf_type": "heart_polar_r=1-sin(theta+phase)"
    },
    {
      "index": 2,
      "color": "#F6FA31",
      "shape": "oval",
      "center": [
        -0.26107476915320255,
        0.03710565410598682
      ],
      "amp": 0.20544289525359177,
      "phase": 0.3340863609609442,
      "lobes": 3,
      "density": 34,
      "scale": 0.8553037055175453,
      "oval_a": 1.1456776979186254,
      "oval_b": 0.8592616053773714
    }
  ]
}