{
  "product_id": "597957147679",
  "seed": 2314324765,
  "colors": [
    "#1EF1F2",
    "#DC4FDD",
    "#F6FA31"
  ],
  "shape_types": [
    "leaf",
    "arc",
    "oval"
  ],
  "size": 800,
  "per_shape": [
    {
      "index": 0,
      "color": "#1EF1F2",
      "shape": "leaf",
      "center": [
        -0.2270074043266373,
        0.0627575324160487
      ],
      "amp": 0.20478360223448827,
      "phase": 3.7437892322427144,
      "lobes": 2,
      "density": 22,
      "scale": 1.0712485767753228,
      "leaf_type": "heart_polar_r=1-sin(theta+phase)"
    },
    {
      "index": 1,
      "color": "#DC4FDD",
      "shape": "arc",
      "center": [
        0.026356064144734237,
        0.07458621125020526
      ],
      "amp": 0.15341399053112298,
      "phase": 3.793793949079182,
      "lobes": 3,
      "density": 36,
      "scale": 0.9909756960853349
    },
    {
      "index": 2,
      "color": "#F6FA31",
      "shape": "oval",
      "center": [
        0.004604083050680274,
        0.25693639844188076
      ],
      "amp": 0.10866324896345335,
      "phase": 2.24575420941183,
      "lobes": 2,
      "density": 35,
      "scale": 0.8061266589268711,
      "oval_a": 1.241441374310448,
      "oval_b": 0.8655872632095729
    }
  ]
}