{
  "product_id": "597957139549",
  "seed": 3947311836,
  "colors": [
    "#1EF1F2",
    "#DC4FDD",
    "#F6FA31"
  ],
  "shape_types": [
    "leaf",
    "loop",
    "arc"
  ],
  "size": 800,
  "per_shape": [
    {
      "index": 0,
      "color": "#1EF1F2",
      "shape": "leaf",
      "center": [
        -0.036615453879380866,
        -0.15441797494510592
      ],
      "amp": 0.2756991850288947,
      "phase": 1.9808937113507554,
      "lobes": 2,
      "density": 27,
      "scale": 0.8490001171146234,
      "leaf_type": "heart_polar_r=1-sin(theta+phase)"
    },
    {
      "index": 1,
      "color": "#DC4FDD",
      "shape": "loop",
      "center": [
        0.36056034650734226,
        -0.3403927283771445
      ],
      "amp": 0.05594807224402053,
      "phase": 3.3970123209109184,
      "lobes": 4,
      "density": 22,
      "scale": 0.9163378540641736,
      "loop_exponent": 2.5
    },
    {
      "index": 2,
      "color": "#F6FA31",
      "shape": "arc",
      "center": [
        0.3452049890667306,
        0.39534709103925125
      ],
      "amp": 0.16099524271518306,
      "phase": 2.3460942476207975,
      "lobes": 2,
      "density": 27,
      "scale": 0.8309651374011692
    }
  ]
}