{
  "product_id": "597957139509",
  "seed": 3321767564,
  "colors": [
    "#1EF1F2",
    "#DC4FDD",
    "#F6FA31"
  ],
  "shape_types": [
    "arc",
    "oval",
    "leaf"
  ],
  "size": 800,
  "per_shape": [
    {
      "index": 0,
      "color": "#1EF1F2",
      "shape": "arc",
      "center": [
        0.16665851162205914,
        -0.21839230173814192
      ],
      "amp": 0.2513655655930357,
      "phase": 5.963201985789689,
      "lobes": 4,
      "density": 25,
      "scale": 1.084481561638249
    },
    {
      "index": 1,
      "color": "#DC4FDD",
      "shape": "oval",
      "center": [
        0.3244119848630078,
        0.022022007536222965
      ],
      "amp": 0.15373337994923347,
      "phase": 6.087771151369402,
      "lobes": 4,
      "density": 18,
      "scale": 1.1432448910026933,
      "oval_a": 1.1381592143241557,
      "oval_b": 0.7530113493437769
    },
    {
      "index": 2,
      "color": "#F6FA31",
      "shape": "leaf",
      "center": [
        0.13103419965471075,
        -0.10267755724326799
      ],
      "amp": 0.2891761731077935,
      "phase": 4.128725187960297,
      "lobes": 4,
      "density": 26,
      "scale": 0.8200348041681065,
      "leaf_type": "heart_polar_r=1-sin(theta+phase)"
    }
  ]
}