{
  "product_id": "597957139965",
  "seed": 2918270865,
  "colors": [
    "#1EF1F2",
    "#DC4FDD",
    "#F6FA31"
  ],
  "shape_types": [
    "oval",
    "leaf",
    "loop"
  ],
  "size": 800,
  "per_shape": [
    {
      "index": 0,
      "color": "#1EF1F2",
      "shape": "oval",
      "center": [
        -0.08371143190734298,
        0.17352152872267235
      ],
      "amp": 0.1446424228742157,
      "phase": 4.047156348347045,
      "lobes": 3,
      "density": 21,
      "scale": 0.8541547137606686,
      "oval_a": 1.2008968811746388,
      "oval_b": 0.8837040352243362
    },
    {
      "index": 1,
      "color": "#DC4FDD",
      "shape": "leaf",
      "center": [
        0.017341091921536822,
        0.343973812785363
      ],
      "amp": 0.12482714282344777,
      "phase": 2.7091061101482397,
      "lobes": 2,
      "density": 36,
      "scale": 1.1965245037763865,
      "leaf_type": "heart_polar_r=1-sin(theta+phase)"
    },
    {
      "index": 2,
      "color": "#F6FA31",
      "shape": "loop",
      "center": [
        -0.27152599632207364,
        -0.15505003350549185
      ],
      "amp": 0.22589026566586973,
      "phase": 2.107062969825865,
      "lobes": 3,
      "density": 22,
      "scale": 1.1702571075477664,
      "loop_exponent": 2.5
    }
  ]
}