{
  "product_id": "597957148471",
  "seed": 2624943406,
  "colors": [
    "#1EF1F2",
    "#DC4FDD",
    "#F6FA31"
  ],
  "shape_types": [
    "loop",
    "arc",
    "leaf"
  ],
  "size": 800,
  "per_shape": [
    {
      "index": 0,
      "color": "#1EF1F2",
      "shape": "loop",
      "center": [
        0.3013342505951916,
        0.3163204536298483
      ],
      "amp": 0.23435196316206347,
      "phase": 4.208508115053943,
      "lobes": 3,
      "density": 32,
      "scale": 0.9729023494840602,
      "loop_exponent": 2.5
    },
    {
      "index": 1,
      "color": "#DC4FDD",
      "shape": "arc",
      "center": [
        0.26136438499184933,
        -0.2724317274298138
      ],
      "amp": 0.18099670208565655,
      "phase": 0.12043415708945605,
      "lobes": 2,
      "density": 21,
      "scale": 0.888971657077325
    },
    {
      "index": 2,
      "color": "#F6FA31",
      "shape": "leaf",
      "center": [
        -0.21176445159294366,
        -0.3328924487550716
      ],
      "amp": 0.2513817748156924,
      "phase": 2.5420634785865044,
      "lobes": 4,
      "density": 34,
      "scale": 0.8396238715487871,
      "leaf_type": "heart_polar_r=1-sin(theta+phase)"
    }
  ]
}