{
  "product_id": "597957146025",
  "seed": 1717547393,
  "colors": [
    "#1EF1F2",
    "#DC4FDD",
    "#F6FA31"
  ],
  "shape_types": [
    "arc",
    "oval",
    "loop"
  ],
  "size": 800,
  "per_shape": [
    {
      "index": 0,
      "color": "#1EF1F2",
      "shape": "arc",
      "center": [
        0.31709183452611656,
        0.033863310597983365
      ],
      "amp": 0.2480663650384124,
      "phase": 3.361745873084452,
      "lobes": 2,
      "density": 23,
      "scale": 0.8893400451632644
    },
    {
      "index": 1,
      "color": "#DC4FDD",
      "shape": "oval",
      "center": [
        -0.2370505615561065,
        -0.2430184526578204
      ],
      "amp": 0.11429786470605958,
      "phase": 1.4671697887417938,
      "lobes": 4,
      "density": 33,
      "scale": 1.183522138588331,
      "oval_a": 1.2529145797257337,
      "oval_b": 0.8185771736517123
    },
    {
      "index": 2,
      "color": "#F6FA31",
      "shape": "loop",
      "center": [
        0.22008719292005308,
        -0.22046322852954603
      ],
      "amp": 0.2339854608951279,
      "phase": 5.751049433231717,
      "lobes": 2,
      "density": 30,
      "scale": 1.0665280520142728,
      "loop_exponent": 2.5
    }
  ]
}