{
  "product_id": "597957144297",
  "seed": 2382937318,
  "colors": [
    "#1EF1F2",
    "#DC4FDD",
    "#F6FA31"
  ],
  "shape_types": [
    "leaf",
    "oval",
    "loop"
  ],
  "size": 800,
  "per_shape": [
    {
      "index": 0,
      "color": "#1EF1F2",
      "shape": "leaf",
      "center": [
        -0.2512926858551964,
        0.35163920730039877
      ],
      "amp": 0.25293763814580567,
      "phase": 2.470842038495887,
      "lobes": 4,
      "density": 36,
      "scale": 0.9542241756472994,
      "leaf_type": "heart_polar_r=1-sin(theta+phase)"
    },
    {
      "index": 1,
      "color": "#DC4FDD",
      "shape": "oval",
      "center": [
        0.3149461494976752,
        -0.22055935999748072
      ],
      "amp": 0.15689742088350478,
      "phase": 0.6715059623478348,
      "lobes": 4,
      "density": 20,
      "scale": 0.9885042841073939,
      "oval_a": 1.231408087099591,
      "oval_b": 0.8901331521607926
    },
    {
      "index": 2,
      "color": "#F6FA31",
      "shape": "loop",
      "center": [
        -0.3835624913232969,
        0.21247161219031985
      ],
      "amp": 0.19902254345830162,
      "phase": 5.532110711664866,
      "lobes": 2,
      "density": 33,
      "scale": 1.1064414766457527,
      "loop_exponent": 2.5
    }
  ]
}