{
  "product_id": "597957146815",
  "seed": 2726497004,
  "colors": [
    "#1EF1F2",
    "#DC4FDD",
    "#F6FA31"
  ],
  "shape_types": [
    "oval",
    "loop",
    "leaf"
  ],
  "size": 800,
  "per_shape": [
    {
      "index": 0,
      "color": "#1EF1F2",
      "shape": "oval",
      "center": [
        -0.08434529188281409,
        -0.14702853045413422
      ],
      "amp": 0.1751355035695632,
      "phase": 6.036634521625312,
      "lobes": 3,
      "density": 18,
      "scale": 1.1081480017359029,
      "oval_a": 1.290056297194314,
      "oval_b": 0.8996743560429158
    },
    {
      "index": 1,
      "color": "#DC4FDD",
      "shape": "loop",
      "center": [
        -0.09698094044682853,
        -0.28604851630989353
      ],
      "amp": 0.29809242317474177,
      "phase": 4.992776854949307,
      "lobes": 2,
      "density": 31,
      "scale": 0.9455802265252713,
      "loop_exponent": 2.5
    },
    {
      "index": 2,
      "color": "#F6FA31",
      "shape": "leaf",
      "center": [
        0.14645458785260868,
        -0.26353929377941443
      ],
      "amp": 0.14817875991160956,
      "phase": 1.0490586041031815,
      "lobes": 3,
      "density": 34,
      "scale": 1.178612098816143,
      "leaf_type": "heart_polar_r=1-sin(theta+phase)"
    }
  ]
}