{
  "product_id": "597957147291",
  "seed": 4151292192,
  "colors": [
    "#1EF1F2",
    "#DC4FDD",
    "#F6FA31"
  ],
  "shape_types": [
    "arc",
    "oval",
    "loop"
  ],
  "size": 800,
  "per_shape": [
    {
      "index": 0,
      "color": "#1EF1F2",
      "shape": "arc",
      "center": [
        -0.1119954446082363,
        -0.28403089620139543
      ],
      "amp": 0.1304483657309392,
      "phase": 5.2777139682970144,
      "lobes": 4,
      "density": 28,
      "scale": 1.004456535997486
    },
    {
      "index": 1,
      "color": "#DC4FDD",
      "shape": "oval",
      "center": [
        -0.38196421708886996,
        0.31499276326547143
      ],
      "amp": 0.24255715955311774,
      "phase": 4.5585931395563595,
      "lobes": 3,
      "density": 25,
      "scale": 0.8774492745183136,
      "oval_a": 1.2102075275582596,
      "oval_b": 0.7718965832986591
    },
    {
      "index": 2,
      "color": "#F6FA31",
      "shape": "loop",
      "center": [
        -0.30676839146481644,
        0.2714068632492882
      ],
      "amp": 0.09805181358732949,
      "phase": 3.909713480272804,
      "lobes": 3,
      "density": 23,
      "scale": 0.9859047985403215,
      "loop_exponent": 2.5
    }
  ]
}