{
  "product_id": "597957140671",
  "seed": 1384299813,
  "colors": [
    "#1EF1F2",
    "#DC4FDD",
    "#F6FA31"
  ],
  "shape_types": [
    "arc",
    "oval",
    "leaf"
  ],
  "size": 800,
  "per_shape": [
    {
      "index": 0,
      "color": "#1EF1F2",
      "shape": "arc",
      "center": [
        0.18490756573108036,
        0.2817494139390003
      ],
      "amp": 0.13776020293053953,
      "phase": 1.4068626616571533,
      "lobes": 3,
      "density": 32,
      "scale": 0.9862398946648613
    },
    {
      "index": 1,
      "color": "#DC4FDD",
      "shape": "oval",
      "center": [
        -0.10492468273587141,
        -0.12993798181046784
      ],
      "amp": 0.06911652260426036,
      "phase": 2.3376028797593267,
      "lobes": 2,
      "density": 28,
      "scale": 0.8996488277581036,
      "oval_a": 1.1869623409111305,
      "oval_b": 0.7885945676490034
    },
    {
      "index": 2,
      "color": "#F6FA31",
      "shape": "leaf",
      "center": [
        -0.16948799822367333,
        -0.05207200827063002
      ],
      "amp": 0.2266891767003335,
      "phase": 4.703329919154938,
      "lobes": 4,
      "density": 24,
      "scale": 0.8670795417271071,
      "leaf_type": "heart_polar_r=1-sin(theta+phase)"
    }
  ]
}