{
  "product_id": "597957145941",
  "seed": 854170824,
  "colors": [
    "#1EF1F2",
    "#DC4FDD",
    "#F6FA31"
  ],
  "shape_types": [
    "loop",
    "oval",
    "leaf"
  ],
  "size": 800,
  "per_shape": [
    {
      "index": 0,
      "color": "#1EF1F2",
      "shape": "loop",
      "center": [
        -0.160051363821509,
        -0.3195843720425985
      ],
      "amp": 0.12103223382475571,
      "phase": 5.332848737977301,
      "lobes": 3,
      "density": 26,
      "scale": 0.8499756431933181,
      "loop_exponent": 2.5
    },
    {
      "index": 1,
      "color": "#DC4FDD",
      "shape": "oval",
      "center": [
        -0.2436445839577365,
        -0.09366254427357645
      ],
      "amp": 0.11200908878494444,
      "phase": 4.333482421818442,
      "lobes": 2,
      "density": 20,
      "scale": 1.1243194940704904,
      "oval_a": 1.224502500015467,
      "oval_b": 0.8344673501060473
    },
    {
      "index": 2,
      "color": "#F6FA31",
      "shape": "leaf",
      "center": [
        0.1858505298433274,
        -0.1102028664744969
      ],
      "amp": 0.11776730548834961,
      "phase": 5.934277349599655,
      "lobes": 3,
      "density": 35,
      "scale": 1.129690758111554,
      "leaf_type": "heart_polar_r=1-sin(theta+phase)"
    }
  ]
}