{
  "product_id": "597957141447",
  "seed": 2557640868,
  "colors": [
    "#1EF1F2",
    "#DC4FDD",
    "#F6FA31"
  ],
  "shape_types": [
    "leaf",
    "loop",
    "arc"
  ],
  "size": 800,
  "per_shape": [
    {
      "index": 0,
      "color": "#1EF1F2",
      "shape": "leaf",
      "center": [
        0.20656008632539025,
        0.37661846150630973
      ],
      "amp": 0.16709536243051032,
      "phase": 1.4391871847038438,
      "lobes": 2,
      "density": 33,
      "scale": 1.006641089145124,
      "leaf_type": "heart_polar_r=1-sin(theta+phase)"
    },
    {
      "index": 1,
      "color": "#DC4FDD",
      "shape": "loop",
      "center": [
        -0.14399874911073568,
        0.2939086230003438
      ],
      "amp": 0.10637319632418417,
      "phase": 2.044111670191758,
      "lobes": 3,
      "density": 20,
      "scale": 1.060567585937874,
      "loop_exponent": 2.5
    },
    {
      "index": 2,
      "color": "#F6FA31",
      "shape": "arc",
      "center": [
        0.32258468109283533,
        -0.1920518177567151
      ],
      "amp": 0.09285160238780092,
      "phase": 0.22672527851692897,
      "lobes": 4,
      "density": 29,
      "scale": 0.8484442676253297
    }
  ]
}