{
  "product_id": "597957141353",
  "seed": 3658229338,
  "colors": [
    "#1EF1F2",
    "#DC4FDD",
    "#F6FA31"
  ],
  "shape_types": [
    "loop",
    "leaf",
    "arc"
  ],
  "size": 800,
  "per_shape": [
    {
      "index": 0,
      "color": "#1EF1F2",
      "shape": "loop",
      "center": [
        -0.14517584436822156,
        0.06711306307584974
      ],
      "amp": 0.15840514874242356,
      "phase": 5.717166347878713,
      "lobes": 4,
      "density": 22,
      "scale": 1.0850698660284537,
      "loop_exponent": 2.5
    },
    {
      "index": 1,
      "color": "#DC4FDD",
      "shape": "leaf",
      "center": [
        -0.02279921037434035,
        -0.04279682732314766
      ],
      "amp": 0.26082591776613523,
      "phase": 5.052413310308252,
      "lobes": 2,
      "density": 32,
      "scale": 0.8019533377328453,
      "leaf_type": "heart_polar_r=1-sin(theta+phase)"
    },
    {
      "index": 2,
      "color": "#F6FA31",
      "shape": "arc",
      "center": [
        0.3267976268708309,
        -0.059658950666915955
      ],
      "amp": 0.1244215406472169,
      "phase": 4.038388992146016,
      "lobes": 4,
      "density": 19,
      "scale": 1.1827587303124134
    }
  ]
}