{
  "product_id": "597957138987",
  "seed": 1355779242,
  "colors": [
    "#1EF1F2",
    "#DC4FDD",
    "#F6FA31"
  ],
  "shape_types": [
    "arc",
    "leaf",
    "oval"
  ],
  "size": 800,
  "per_shape": [
    {
      "index": 0,
      "color": "#1EF1F2",
      "shape": "arc",
      "center": [
        0.21053824234628082,
        0.335633609456394
      ],
      "amp": 0.2672142911040359,
      "phase": 3.1803107004976456,
      "lobes": 4,
      "density": 36,
      "scale": 1.1254991270128494
    },
    {
      "index": 1,
      "color": "#DC4FDD",
      "shape": "leaf",
      "center": [
        -0.1927372670869959,
        -0.3751225963920827
      ],
      "amp": 0.15732966291471823,
      "phase": 3.403974833671629,
      "lobes": 4,
      "density": 19,
      "scale": 0.9934151853459396,
      "leaf_type": "heart_polar_r=1-sin(theta+phase)"
    },
    {
      "index": 2,
      "color": "#F6FA31",
      "shape": "oval",
      "center": [
        0.24521703358738656,
        -0.17913419300647793
      ],
      "amp": 0.09931006895251752,
      "phase": 1.2666097058864112,
      "lobes": 3,
      "density": 32,
      "scale": 1.1347551996823668,
      "oval_a": 1.1744331914857726,
      "oval_b": 0.8852262818153387
    }
  ]
}