{
  "product_id": "597957143837",
  "seed": 871048133,
  "colors": [
    "#1EF1F2",
    "#DC4FDD",
    "#F6FA31"
  ],
  "shape_types": [
    "oval",
    "arc",
    "loop"
  ],
  "size": 800,
  "per_shape": [
    {
      "index": 0,
      "color": "#1EF1F2",
      "shape": "oval",
      "center": [
        0.0259130028058584,
        -0.0015074422098580453
      ],
      "amp": 0.0892918032438307,
      "phase": 3.768854982036623,
      "lobes": 4,
      "density": 24,
      "scale": 0.9341280579126675,
      "oval_a": 1.2016633826085739,
      "oval_b": 0.8715858119960731
    },
    {
      "index": 1,
      "color": "#DC4FDD",
      "shape": "arc",
      "center": [
        0.2178945609947912,
        0.1369876702685121
      ],
      "amp": 0.2482846622430404,
      "phase": 3.5159875244642405,
      "lobes": 2,
      "density": 32,
      "scale": 1.1547864397703345
    },
    {
      "index": 2,
      "color": "#F6FA31",
      "shape": "loop",
      "center": [
        -0.21687413834451563,
        0.016535733966245136
      ],
      "amp": 0.2802001508664793,
      "phase": 1.2235638745877202,
      "lobes": 3,
      "density": 27,
      "scale": 0.9992168076729374,
      "loop_exponent": 2.5
    }
  ]
}