{
  "product_id": "597957138657",
  "seed": 3678642925,
  "colors": [
    "#1EF1F2",
    "#DC4FDD",
    "#F6FA31"
  ],
  "shape_types": [
    "loop",
    "leaf",
    "arc"
  ],
  "size": 800,
  "per_shape": [
    {
      "index": 0,
      "color": "#1EF1F2",
      "shape": "loop",
      "center": [
        -0.33190495579747126,
        0.060897672832054606
      ],
      "amp": 0.07934284512702362,
      "phase": 4.4960037380312,
      "lobes": 2,
      "density": 34,
      "scale": 1.074582283219839,
      "loop_exponent": 2.5
    },
    {
      "index": 1,
      "color": "#DC4FDD",
      "shape": "leaf",
      "center": [
        -0.00868847035765885,
        0.10997053990014327
      ],
      "amp": 0.054505938369325255,
      "phase": 1.5924359304085212,
      "lobes": 3,
      "density": 21,
      "scale": 1.1134665927331304,
      "leaf_type": "heart_polar_r=1-sin(theta+phase)"
    },
    {
      "index": 2,
      "color": "#F6FA31",
      "shape": "arc",
      "center": [
        -0.1295248470540719,
        0.32629563561611874
      ],
      "amp": 0.1933004805013281,
      "phase": 1.3798488627141967,
      "lobes": 2,
      "density": 19,
      "scale": 0.9219551506917865
    }
  ]
}