{
  "product_id": "597957143071",
  "seed": 3613623389,
  "colors": [
    "#1EF1F2",
    "#DC4FDD",
    "#F6FA31"
  ],
  "shape_types": [
    "leaf",
    "loop",
    "oval"
  ],
  "size": 800,
  "per_shape": [
    {
      "index": 0,
      "color": "#1EF1F2",
      "shape": "leaf",
      "center": [
        0.10846015591363134,
        -0.3208374644941411
      ],
      "amp": 0.17316344554818464,
      "phase": 4.728844898643412,
      "lobes": 2,
      "density": 32,
      "scale": 1.1316330373132746,
      "leaf_type": "heart_polar_r=1-sin(theta+phase)"
    },
    {
      "index": 1,
      "color": "#DC4FDD",
      "shape": "loop",
      "center": [
        0.16438544076527883,
        0.020955096806862528
      ],
      "amp": 0.2538655866615742,
      "phase": 1.6223534565341318,
      "lobes": 3,
      "density": 23,
      "scale": 1.074919241010865,
      "loop_exponent": 2.5
    },
    {
      "index": 2,
      "color": "#F6FA31",
      "shape": "oval",
      "center": [
        -0.2594226978545489,
        -0.26445275608766505
      ],
      "amp": 0.11371514186456881,
      "phase": 2.0832905890942026,
      "lobes": 3,
      "density": 27,
      "scale": 1.0669593926623295,
      "oval_a": 1.2841012144322117,
      "oval_b": 0.7985452505767318
    }
  ]
}