{
  "product_id": "597957147907",
  "seed": 1667027107,
  "colors": [
    "#1EF1F2",
    "#DC4FDD",
    "#F6FA31"
  ],
  "shape_types": [
    "loop",
    "oval",
    "arc"
  ],
  "size": 800,
  "per_shape": [
    {
      "index": 0,
      "color": "#1EF1F2",
      "shape": "loop",
      "center": [
        -0.12556942029073304,
        0.08213633005284793
      ],
      "amp": 0.25693285484136746,
      "phase": 2.161548923656538,
      "lobes": 4,
      "density": 36,
      "scale": 1.057478083587685,
      "loop_exponent": 2.5
    },
    {
      "index": 1,
      "color": "#DC4FDD",
      "shape": "oval",
      "center": [
        -0.040597350535203525,
        -0.13447828391938083
      ],
      "amp": 0.1576937947603051,
      "phase": 0.7247978254020143,
      "lobes": 3,
      "density": 20,
      "scale": 1.1297993080795803,
      "oval_a": 1.256815538566707,
      "oval_b": 0.7621262683533809
    },
    {
      "index": 2,
      "color": "#F6FA31",
      "shape": "arc",
      "center": [
        0.24967839146568316,
        -0.2784473181545091
      ],
      "amp": 0.21830601020517398,
      "phase": 2.54440015781964,
      "lobes": 2,
      "density": 30,
      "scale": 0.8521128939773261
    }
  ]
}