{
  "product_id": "597957146195",
  "seed": 1168674362,
  "colors": [
    "#1EF1F2",
    "#DC4FDD",
    "#F6FA31"
  ],
  "shape_types": [
    "oval",
    "leaf",
    "arc"
  ],
  "size": 800,
  "per_shape": [
    {
      "index": 0,
      "color": "#1EF1F2",
      "shape": "oval",
      "center": [
        0.19878514656526058,
        0.20033023793872018
      ],
      "amp": 0.1882776514860386,
      "phase": 2.6852174037025534,
      "lobes": 3,
      "density": 26,
      "scale": 0.9083804397582592,
      "oval_a": 1.170846448800614,
      "oval_b": 0.838654295743049
    },
    {
      "index": 1,
      "color": "#DC4FDD",
      "shape": "leaf",
      "center": [
        -0.292182896610664,
        -0.1592548968422654
      ],
      "amp": 0.24712715145709252,
      "phase": 4.669848969698196,
      "lobes": 4,
      "density": 35,
      "scale": 0.8037892003947412,
      "leaf_type": "heart_polar_r=1-sin(theta+phase)"
    },
    {
      "index": 2,
      "color": "#F6FA31",
      "shape": "arc",
      "center": [
        -0.27951058412782226,
        -0.10791498199485455
      ],
      "amp": 0.07398703714485717,
      "phase": 0.6469927603315971,
      "lobes": 3,
      "density": 21,
      "scale": 1.081588833042798
    }
  ]
}