{
  "product_id": "597957146639",
  "seed": 3400837264,
  "colors": [
    "#1EF1F2",
    "#DC4FDD",
    "#F6FA31"
  ],
  "shape_types": [
    "leaf",
    "oval",
    "arc"
  ],
  "size": 800,
  "per_shape": [
    {
      "index": 0,
      "color": "#1EF1F2",
      "shape": "leaf",
      "center": [
        -0.11275690008864409,
        -0.28485753672330116
      ],
      "amp": 0.2494629645435586,
      "phase": 0.7152805311294591,
      "lobes": 4,
      "density": 23,
      "scale": 1.001723660066073,
      "leaf_type": "heart_polar_r=1-sin(theta+phase)"
    },
    {
      "index": 1,
      "color": "#DC4FDD",
      "shape": "oval",
      "center": [
        0.3301568105896544,
        -0.35043423662841633
      ],
      "amp": 0.15648122029542955,
      "phase": 1.366455007347675,
      "lobes": 3,
      "density": 32,
      "scale": 0.9097843500500323,
      "oval_a": 1.2928486460373825,
      "oval_b": 0.7218631926107395
    },
    {
      "index": 2,
      "color": "#F6FA31",
      "shape": "arc",
      "center": [
        0.05452175956777616,
        -0.3173085518988522
      ],
      "amp": 0.10674292070369303,
      "phase": 0.3150137643052991,
      "lobes": 3,
      "density": 21,
      "scale": 0.846235292807634
    }
  ]
}