{
  "product_id": "597957144185",
  "seed": 2653569825,
  "colors": [
    "#1EF1F2",
    "#DC4FDD",
    "#F6FA31"
  ],
  "shape_types": [
    "leaf",
    "oval",
    "arc"
  ],
  "size": 800,
  "per_shape": [
    {
      "index": 0,
      "color": "#1EF1F2",
      "shape": "leaf",
      "center": [
        -0.36174434999261956,
        -0.09243314419355492
      ],
      "amp": 0.24288008608463618,
      "phase": 1.316189481882882,
      "lobes": 3,
      "density": 30,
      "scale": 1.0228530651640124,
      "leaf_type": "heart_polar_r=1-sin(theta+phase)"
    },
    {
      "index": 1,
      "color": "#DC4FDD",
      "shape": "oval",
      "center": [
        -0.12899548071622297,
        -0.23821509409267244
      ],
      "amp": 0.2783490769785828,
      "phase": 5.395507546745399,
      "lobes": 4,
      "density": 20,
      "scale": 1.094235155666365,
      "oval_a": 1.254497966969884,
      "oval_b": 0.7588652431734487
    },
    {
      "index": 2,
      "color": "#F6FA31",
      "shape": "arc",
      "center": [
        -0.11925906749807647,
        -0.21170205213149176
      ],
      "amp": 0.05337341186462537,
      "phase": 5.317552323076426,
      "lobes": 3,
      "density": 21,
      "scale": 0.973560136520351
    }
  ]
}