{
  "product_id": "597957143227",
  "seed": 180620834,
  "colors": [
    "#1EF1F2",
    "#DC4FDD",
    "#F6FA31"
  ],
  "shape_types": [
    "oval",
    "leaf",
    "loop"
  ],
  "size": 800,
  "per_shape": [
    {
      "index": 0,
      "color": "#1EF1F2",
      "shape": "oval",
      "center": [
        0.3073673099595363,
        -0.21913197051130728
      ],
      "amp": 0.14655478858409426,
      "phase": 1.5575693040969425,
      "lobes": 2,
      "density": 32,
      "scale": 1.0146053036545402,
      "oval_a": 1.1121665886333638,
      "oval_b": 0.7503553305884402
    },
    {
      "index": 1,
      "color": "#DC4FDD",
      "shape": "leaf",
      "center": [
        0.23254204843137938,
        0.3460600240710845
      ],
      "amp": 0.14597561247848484,
      "phase": 0.2675021296829214,
      "lobes": 2,
      "density": 30,
      "scale": 1.0089921242631814,
      "leaf_type": "heart_polar_r=1-sin(theta+phase)"
    },
    {
      "index": 2,
      "color": "#F6FA31",
      "shape": "loop",
      "center": [
        -0.15226878451213308,
        0.2654072039925096
      ],
      "amp": 0.058350631163038943,
      "phase": 0.9208260600066945,
      "lobes": 3,
      "density": 33,
      "scale": 0.8338641778430308,
      "loop_exponent": 2.5
    }
  ]
}