{
  "product_id": "597957142011",
  "seed": 4099313169,
  "colors": [
    "#1EF1F2",
    "#DC4FDD",
    "#F6FA31"
  ],
  "shape_types": [
    "arc",
    "oval",
    "leaf"
  ],
  "size": 800,
  "per_shape": [
    {
      "index": 0,
      "color": "#1EF1F2",
      "shape": "arc",
      "center": [
        -0.25868786959082135,
        0.14050404086214185
      ],
      "amp": 0.2554000521031624,
      "phase": 0.8404034394867271,
      "lobes": 3,
      "density": 19,
      "scale": 1.166256657887949
    },
    {
      "index": 1,
      "color": "#DC4FDD",
      "shape": "oval",
      "center": [
        -0.21601208227183522,
        0.2923173722519653
      ],
      "amp": 0.2899594065489396,
      "phase": 4.227476569078991,
      "lobes": 4,
      "density": 19,
      "scale": 0.85591543518073,
      "oval_a": 1.193321185090161,
      "oval_b": 0.7823155104591233
    },
    {
      "index": 2,
      "color": "#F6FA31",
      "shape": "leaf",
      "center": [
        -0.0996038751767202,
        0.13769629076573797
      ],
      "amp": 0.27533627422849416,
      "phase": 3.903813869298921,
      "lobes": 4,
      "density": 28,
      "scale": 1.1004259484288206,
      "leaf_type": "heart_polar_r=1-sin(theta+phase)"
    }
  ]
}