{
  "product_id": "597957144239",
  "seed": 1906566208,
  "colors": [
    "#1EF1F2",
    "#DC4FDD",
    "#F6FA31"
  ],
  "shape_types": [
    "leaf",
    "arc",
    "oval"
  ],
  "size": 800,
  "per_shape": [
    {
      "index": 0,
      "color": "#1EF1F2",
      "shape": "leaf",
      "center": [
        0.27698490703923195,
        -0.28008039178012906
      ],
      "amp": 0.15637080680590776,
      "phase": 4.284536719695231,
      "lobes": 4,
      "density": 34,
      "scale": 1.1162861168750713,
      "leaf_type": "heart_polar_r=1-sin(theta+phase)"
    },
    {
      "index": 1,
      "color": "#DC4FDD",
      "shape": "arc",
      "center": [
        -0.09868837805476821,
        0.09842199583123756
      ],
      "amp": 0.07208859077054473,
      "phase": 1.4813792768643932,
      "lobes": 4,
      "density": 30,
      "scale": 0.9240858662351262
    },
    {
      "index": 2,
      "color": "#F6FA31",
      "shape": "oval",
      "center": [
        0.26787248439234723,
        -0.07572536019831266
      ],
      "amp": 0.09362687038512503,
      "phase": 4.245310843035624,
      "lobes": 3,
      "density": 24,
      "scale": 0.8376257449481354,
      "oval_a": 1.2274878676042174,
      "oval_b": 0.8593647130537714
    }
  ]
}