{
  "product_id": "597957142573",
  "seed": 3838842393,
  "colors": [
    "#1EF1F2",
    "#DC4FDD",
    "#F6FA31"
  ],
  "shape_types": [
    "leaf",
    "loop",
    "arc"
  ],
  "size": 800,
  "per_shape": [
    {
      "index": 0,
      "color": "#1EF1F2",
      "shape": "leaf",
      "center": [
        0.24555481328323436,
        -0.29688321659762934
      ],
      "amp": 0.220721289308485,
      "phase": 3.9381187916034195,
      "lobes": 2,
      "density": 18,
      "scale": 1.0447713551118445,
      "leaf_type": "heart_polar_r=1-sin(theta+phase)"
    },
    {
      "index": 1,
      "color": "#DC4FDD",
      "shape": "loop",
      "center": [
        -0.28184442784283725,
        -0.26306416491358703
      ],
      "amp": 0.19663270997246746,
      "phase": 4.7124980951165805,
      "lobes": 4,
      "density": 19,
      "scale": 0.944436725488296,
      "loop_exponent": 2.5
    },
    {
      "index": 2,
      "color": "#F6FA31",
      "shape": "arc",
      "center": [
        -0.1284411529354254,
        0.1376060989485588
      ],
      "amp": 0.2846546609663541,
      "phase": 4.59913028210251,
      "lobes": 3,
      "density": 25,
      "scale": 0.8799008774119589
    }
  ]
}