{
  "product_id": "597957140041",
  "seed": 2489532954,
  "colors": [
    "#1EF1F2",
    "#DC4FDD",
    "#F6FA31"
  ],
  "shape_types": [
    "leaf",
    "loop",
    "oval"
  ],
  "size": 800,
  "per_shape": [
    {
      "index": 0,
      "color": "#1EF1F2",
      "shape": "leaf",
      "center": [
        0.39249428968741573,
        -0.15749113297603776
      ],
      "amp": 0.25015204923918544,
      "phase": 4.365168513632232,
      "lobes": 4,
      "density": 33,
      "scale": 0.8094229698847828,
      "leaf_type": "heart_polar_r=1-sin(theta+phase)"
    },
    {
      "index": 1,
      "color": "#DC4FDD",
      "shape": "loop",
      "center": [
        0.05154627142721324,
        0.32922377898940947
      ],
      "amp": 0.24803843801399877,
      "phase": 6.2015738591878895,
      "lobes": 2,
      "density": 20,
      "scale": 0.8144492340166565,
      "loop_exponent": 2.5
    },
    {
      "index": 2,
      "color": "#F6FA31",
      "shape": "oval",
      "center": [
        -0.31595714341168857,
        -0.09039464655562596
      ],
      "amp": 0.10117597852755793,
      "phase": 5.189017405328106,
      "lobes": 3,
      "density": 33,
      "scale": 1.0282860837071701,
      "oval_a": 1.1341427988066934,
      "oval_b": 0.7864031985315973
    }
  ]
}