{
  "product_id": "597957141191",
  "seed": 1734461604,
  "colors": [
    "#1EF1F2",
    "#DC4FDD",
    "#F6FA31"
  ],
  "shape_types": [
    "arc",
    "oval",
    "leaf"
  ],
  "size": 800,
  "per_shape": [
    {
      "index": 0,
      "color": "#1EF1F2",
      "shape": "arc",
      "center": [
        -0.3014418755434212,
        0.24527605593779
      ],
      "amp": 0.1931922151323609,
      "phase": 4.117112308502804,
      "lobes": 2,
      "density": 21,
      "scale": 1.0111329939243179
    },
    {
      "index": 1,
      "color": "#DC4FDD",
      "shape": "oval",
      "center": [
        -0.21331053572976819,
        0.10114627985119795
      ],
      "amp": 0.257127377190077,
      "phase": 4.478206013079652,
      "lobes": 4,
      "density": 26,
      "scale": 1.145446145322655,
      "oval_a": 1.1439769377768003,
      "oval_b": 0.7366674196539537
    },
    {
      "index": 2,
      "color": "#F6FA31",
      "shape": "leaf",
      "center": [
        -0.2696643686261216,
        0.16828601193297776
      ],
      "amp": 0.16828819326491679,
      "phase": 0.7416268663382064,
      "lobes": 3,
      "density": 28,
      "scale": 1.08118959865048,
      "leaf_type": "heart_polar_r=1-sin(theta+phase)"
    }
  ]
}