{
  "product_id": "597957141739",
  "seed": 1900080474,
  "colors": [
    "#1EF1F2",
    "#DC4FDD",
    "#F6FA31"
  ],
  "shape_types": [
    "oval",
    "loop",
    "leaf"
  ],
  "size": 800,
  "per_shape": [
    {
      "index": 0,
      "color": "#1EF1F2",
      "shape": "oval",
      "center": [
        0.14882382797574067,
        0.35662308491007433
      ],
      "amp": 0.15863713394775047,
      "phase": 4.253167602743559,
      "lobes": 2,
      "density": 19,
      "scale": 1.0119588091119516,
      "oval_a": 1.2880138838822657,
      "oval_b": 0.8279356476254927
    },
    {
      "index": 1,
      "color": "#DC4FDD",
      "shape": "loop",
      "center": [
        0.3577713118264214,
        -0.0010725894309240869
      ],
      "amp": 0.13359827072766195,
      "phase": 0.41058582526850324,
      "lobes": 3,
      "density": 19,
      "scale": 0.9721383172279998,
      "loop_exponent": 2.5
    },
    {
      "index": 2,
      "color": "#F6FA31",
      "shape": "leaf",
      "center": [
        -0.289461239956351,
        -0.21982006971595283
      ],
      "amp": 0.15254529044559356,
      "phase": 2.4734825117453005,
      "lobes": 3,
      "density": 18,
      "scale": 0.9864759929735667,
      "leaf_type": "heart_polar_r=1-sin(theta+phase)"
    }
  ]
}