{
  "product_id": "597957143179",
  "seed": 1056244150,
  "colors": [
    "#1EF1F2",
    "#DC4FDD",
    "#F6FA31"
  ],
  "shape_types": [
    "oval",
    "leaf",
    "arc"
  ],
  "size": 800,
  "per_shape": [
    {
      "index": 0,
      "color": "#1EF1F2",
      "shape": "oval",
      "center": [
        0.19865211615711953,
        0.17595447151845844
      ],
      "amp": 0.1916093342395072,
      "phase": 0.9519716816722013,
      "lobes": 4,
      "density": 36,
      "scale": 0.9677529746007665,
      "oval_a": 1.144635283096406,
      "oval_b": 0.848488315530459
    },
    {
      "index": 1,
      "color": "#DC4FDD",
      "shape": "leaf",
      "center": [
        0.21058347166944869,
        0.37170869035795895
      ],
      "amp": 0.10648735113641157,
      "phase": 2.999977371932515,
      "lobes": 3,
      "density": 23,
      "scale": 1.0524240409274384,
      "leaf_type": "heart_polar_r=1-sin(theta+phase)"
    },
    {
      "index": 2,
      "color": "#F6FA31",
      "shape": "arc",
      "center": [
        0.05939467857854569,
        -0.3093784068118301
      ],
      "amp": 0.13336741237578892,
      "phase": 4.594781863723565,
      "lobes": 4,
      "density": 21,
      "scale": 1.1196631514993403
    }
  ]
}