{
  "product_id": "597957142545",
  "seed": 2121698349,
  "colors": [
    "#1EF1F2",
    "#DC4FDD",
    "#F6FA31"
  ],
  "shape_types": [
    "loop",
    "leaf",
    "arc"
  ],
  "size": 800,
  "per_shape": [
    {
      "index": 0,
      "color": "#1EF1F2",
      "shape": "loop",
      "center": [
        0.3967277967490369,
        0.3771606971359249
      ],
      "amp": 0.1440387573364284,
      "phase": 3.6779875601000747,
      "lobes": 4,
      "density": 35,
      "scale": 1.0481352526835683,
      "loop_exponent": 2.5
    },
    {
      "index": 1,
      "color": "#DC4FDD",
      "shape": "leaf",
      "center": [
        -0.22193414633004302,
        0.25441988389227876
      ],
      "amp": 0.1055710961683836,
      "phase": 1.9450260007429077,
      "lobes": 2,
      "density": 27,
      "scale": 1.0819806901437459,
      "leaf_type": "heart_polar_r=1-sin(theta+phase)"
    },
    {
      "index": 2,
      "color": "#F6FA31",
      "shape": "arc",
      "center": [
        0.15059243114885157,
        -0.22726968886813667
      ],
      "amp": 0.0925510317566285,
      "phase": 6.132950678254227,
      "lobes": 2,
      "density": 25,
      "scale": 1.1475720322438412
    }
  ]
}