{
  "product_id": "597957139115",
  "seed": 2590942359,
  "colors": [
    "#1EF1F2",
    "#DC4FDD",
    "#F6FA31"
  ],
  "shape_types": [
    "arc",
    "oval",
    "leaf"
  ],
  "size": 800,
  "per_shape": [
    {
      "index": 0,
      "color": "#1EF1F2",
      "shape": "arc",
      "center": [
        -0.28458659739899583,
        0.20120646794994823
      ],
      "amp": 0.056233140453367456,
      "phase": 2.9171215945510354,
      "lobes": 3,
      "density": 19,
      "scale": 0.9557567435118628
    },
    {
      "index": 1,
      "color": "#DC4FDD",
      "shape": "oval",
      "center": [
        -0.07101978019611621,
        -0.18761791884679768
      ],
      "amp": 0.20804856674878613,
      "phase": 0.6357705081151693,
      "lobes": 4,
      "density": 21,
      "scale": 1.1318764488134916,
      "oval_a": 1.2250177552201613,
      "oval_b": 0.8424551230395856
    },
    {
      "index": 2,
      "color": "#F6FA31",
      "shape": "leaf",
      "center": [
        0.32989601069000185,
        0.024943231244346165
      ],
      "amp": 0.21412448890292562,
      "phase": 2.134820339502626,
      "lobes": 4,
      "density": 19,
      "scale": 1.0344196569014932,
      "leaf_type": "heart_polar_r=1-sin(theta+phase)"
    }
  ]
}