{
  "product_id": "597957147985",
  "seed": 379859170,
  "colors": [
    "#1EF1F2",
    "#DC4FDD",
    "#F6FA31"
  ],
  "shape_types": [
    "oval",
    "leaf",
    "arc"
  ],
  "size": 800,
  "per_shape": [
    {
      "index": 0,
      "color": "#1EF1F2",
      "shape": "oval",
      "center": [
        0.2913300144725852,
        -0.3257207354610479
      ],
      "amp": 0.1585398195629591,
      "phase": 4.609259376494145,
      "lobes": 2,
      "density": 25,
      "scale": 1.141849859184062,
      "oval_a": 1.126899448932126,
      "oval_b": 0.8349607250489595
    },
    {
      "index": 1,
      "color": "#DC4FDD",
      "shape": "leaf",
      "center": [
        0.32585621799826614,
        -0.12398608021622043
      ],
      "amp": 0.05577650716849762,
      "phase": 5.71452904579745,
      "lobes": 3,
      "density": 28,
      "scale": 0.9906934639931373,
      "leaf_type": "heart_polar_r=1-sin(theta+phase)"
    },
    {
      "index": 2,
      "color": "#F6FA31",
      "shape": "arc",
      "center": [
        0.1419453832589611,
        0.014649613336508271
      ],
      "amp": 0.2887122157377846,
      "phase": 2.1693368658079537,
      "lobes": 3,
      "density": 26,
      "scale": 1.110924838454347
    }
  ]
}