{
  "product_id": "597957146681",
  "seed": 3298689036,
  "colors": [
    "#1EF1F2",
    "#DC4FDD",
    "#F6FA31"
  ],
  "shape_types": [
    "loop",
    "arc",
    "leaf"
  ],
  "size": 800,
  "per_shape": [
    {
      "index": 0,
      "color": "#1EF1F2",
      "shape": "loop",
      "center": [
        -0.3313867168787528,
        -0.30081813095815724
      ],
      "amp": 0.0957522399303906,
      "phase": 6.234316734528399,
      "lobes": 4,
      "density": 28,
      "scale": 1.1292722620520934,
      "loop_exponent": 2.5
    },
    {
      "index": 1,
      "color": "#DC4FDD",
      "shape": "arc",
      "center": [
        -0.04004535392950448,
        -0.3795821692275658
      ],
      "amp": 0.08234359241810961,
      "phase": 4.009832017668169,
      "lobes": 3,
      "density": 20,
      "scale": 1.010756872540914
    },
    {
      "index": 2,
      "color": "#F6FA31",
      "shape": "leaf",
      "center": [
        -0.2077152580768991,
        -0.269286027134119
      ],
      "amp": 0.22895975767397897,
      "phase": 2.145640066436764,
      "lobes": 2,
      "density": 35,
      "scale": 0.8214773938135047,
      "leaf_type": "heart_polar_r=1-sin(theta+phase)"
    }
  ]
}