{
  "product_id": "597957140743",
  "seed": 754426409,
  "colors": [
    "#1EF1F2",
    "#DC4FDD",
    "#F6FA31"
  ],
  "shape_types": [
    "arc",
    "oval",
    "loop"
  ],
  "size": 800,
  "per_shape": [
    {
      "index": 0,
      "color": "#1EF1F2",
      "shape": "arc",
      "center": [
        0.1075216597399884,
        0.23114906586826778
      ],
      "amp": 0.09790300970642708,
      "phase": 2.9096497956460037,
      "lobes": 3,
      "density": 28,
      "scale": 1.0609183712906591
    },
    {
      "index": 1,
      "color": "#DC4FDD",
      "shape": "oval",
      "center": [
        -0.31456813465850336,
        -0.2620949178648956
      ],
      "amp": 0.056980884368979925,
      "phase": 0.7342851566200929,
      "lobes": 3,
      "density": 29,
      "scale": 0.9621398193918355,
      "oval_a": 1.1696995086181528,
      "oval_b": 0.8556526675324618
    },
    {
      "index": 2,
      "color": "#F6FA31",
      "shape": "loop",
      "center": [
        0.25031694094514856,
        -0.34426210491059045
      ],
      "amp": 0.13693538451134324,
      "phase": 0.9023047139955754,
      "lobes": 3,
      "density": 25,
      "scale": 0.8094186199819401,
      "loop_exponent": 2.5
    }
  ]
}