{
  "product_id": "597957143139",
  "seed": 937739335,
  "colors": [
    "#1EF1F2",
    "#DC4FDD",
    "#F6FA31"
  ],
  "shape_types": [
    "loop",
    "leaf",
    "oval"
  ],
  "size": 800,
  "per_shape": [
    {
      "index": 0,
      "color": "#1EF1F2",
      "shape": "loop",
      "center": [
        -0.23579107051527962,
        0.1056332898543565
      ],
      "amp": 0.2923260071244734,
      "phase": 4.036002584736736,
      "lobes": 4,
      "density": 20,
      "scale": 1.119469965437655,
      "loop_exponent": 2.5
    },
    {
      "index": 1,
      "color": "#DC4FDD",
      "shape": "leaf",
      "center": [
        0.13523744446109065,
        0.06417793900465274
      ],
      "amp": 0.07113612756631742,
      "phase": 5.4436352064034335,
      "lobes": 2,
      "density": 20,
      "scale": 0.8790750300133372,
      "leaf_type": "heart_polar_r=1-sin(theta+phase)"
    },
    {
      "index": 2,
      "color": "#F6FA31",
      "shape": "oval",
      "center": [
        0.32598705231864156,
        -0.2164810429712296
      ],
      "amp": 0.28781000148172786,
      "phase": 5.788695652958375,
      "lobes": 2,
      "density": 36,
      "scale": 0.9819790276765349,
      "oval_a": 1.2197823075752279,
      "oval_b": 0.8767806511880224
    }
  ]
}