{
  "product_id": "597957148017",
  "seed": 2109008684,
  "colors": [
    "#1EF1F2",
    "#DC4FDD",
    "#F6FA31"
  ],
  "shape_types": [
    "arc",
    "oval",
    "leaf"
  ],
  "size": 800,
  "per_shape": [
    {
      "index": 0,
      "color": "#1EF1F2",
      "shape": "arc",
      "center": [
        0.15083697749350056,
        0.3863336905901321
      ],
      "amp": 0.20433595994550152,
      "phase": 5.431271022544607,
      "lobes": 2,
      "density": 26,
      "scale": 1.1188318694679382
    },
    {
      "index": 1,
      "color": "#DC4FDD",
      "shape": "oval",
      "center": [
        -0.27141524724256066,
        -0.36020908206358276
      ],
      "amp": 0.15593280435936963,
      "phase": 2.4258596192029667,
      "lobes": 4,
      "density": 27,
      "scale": 0.8267785257292274,
      "oval_a": 1.150685385612841,
      "oval_b": 0.8383369839803176
    },
    {
      "index": 2,
      "color": "#F6FA31",
      "shape": "leaf",
      "center": [
        0.0845819970758045,
        0.3098399946617544
      ],
      "amp": 0.09151029901101583,
      "phase": 2.474528076453755,
      "lobes": 3,
      "density": 35,
      "scale": 1.0299304299851635,
      "leaf_type": "heart_polar_r=1-sin(theta+phase)"
    }
  ]
}