{
  "product_id": "597957142817",
  "seed": 441478746,
  "colors": [
    "#1EF1F2",
    "#DC4FDD",
    "#F6FA31"
  ],
  "shape_types": [
    "oval",
    "loop",
    "arc"
  ],
  "size": 800,
  "per_shape": [
    {
      "index": 0,
      "color": "#1EF1F2",
      "shape": "oval",
      "center": [
        -0.2962472715260984,
        0.3669186163570144
      ],
      "amp": 0.08420230959684959,
      "phase": 4.092381881511426,
      "lobes": 2,
      "density": 27,
      "scale": 0.8846039440854095,
      "oval_a": 1.2382654743607096,
      "oval_b": 0.8992970928740025
    },
    {
      "index": 1,
      "color": "#DC4FDD",
      "shape": "loop",
      "center": [
        -0.36893493839696573,
        -0.33122045392388516
      ],
      "amp": 0.24470771820067683,
      "phase": 4.645463485540099,
      "lobes": 2,
      "density": 26,
      "scale": 1.085353246735338,
      "loop_exponent": 2.5
    },
    {
      "index": 2,
      "color": "#F6FA31",
      "shape": "arc",
      "center": [
        0.30900929754707585,
        0.04681147546846426
      ],
      "amp": 0.19431982868962533,
      "phase": 0.8234059098556179,
      "lobes": 3,
      "density": 29,
      "scale": 1.1104828157940296
    }
  ]
}