{
  "product_id": "597957144219",
  "seed": 3792803012,
  "colors": [
    "#1EF1F2",
    "#DC4FDD",
    "#F6FA31"
  ],
  "shape_types": [
    "oval",
    "arc",
    "loop"
  ],
  "size": 800,
  "per_shape": [
    {
      "index": 0,
      "color": "#1EF1F2",
      "shape": "oval",
      "center": [
        -0.36333481923603106,
        -0.12420097762043447
      ],
      "amp": 0.19852947230280443,
      "phase": 3.3437310235258453,
      "lobes": 4,
      "density": 21,
      "scale": 1.0478903920656322,
      "oval_a": 1.1875767838436855,
      "oval_b": 0.8946049706380287
    },
    {
      "index": 1,
      "color": "#DC4FDD",
      "shape": "arc",
      "center": [
        0.20922868643913295,
        -0.1160276949775117
      ],
      "amp": 0.09088909855181652,
      "phase": 0.6659521025852503,
      "lobes": 3,
      "density": 29,
      "scale": 0.9022870694784185
    },
    {
      "index": 2,
      "color": "#F6FA31",
      "shape": "loop",
      "center": [
        0.13378957095752464,
        -0.29177489159236025
      ],
      "amp": 0.1456407907271024,
      "phase": 1.312494032646048,
      "lobes": 3,
      "density": 34,
      "scale": 0.9850425492071284,
      "loop_exponent": 2.5
    }
  ]
}