{
  "product_id": "597957140427",
  "seed": 1657904078,
  "colors": [
    "#1EF1F2",
    "#DC4FDD",
    "#F6FA31"
  ],
  "shape_types": [
    "loop",
    "arc",
    "leaf"
  ],
  "size": 800,
  "per_shape": [
    {
      "index": 0,
      "color": "#1EF1F2",
      "shape": "loop",
      "center": [
        -0.11780215194180432,
        -0.3924607587686234
      ],
      "amp": 0.17730695753587705,
      "phase": 2.3502553652482097,
      "lobes": 2,
      "density": 27,
      "scale": 0.8847271075841311,
      "loop_exponent": 2.5
    },
    {
      "index": 1,
      "color": "#DC4FDD",
      "shape": "arc",
      "center": [
        0.03047590405485945,
        -0.36023252968419667
      ],
      "amp": 0.16765108139238005,
      "phase": 3.0637602399265553,
      "lobes": 4,
      "density": 25,
      "scale": 1.036219541914075
    },
    {
      "index": 2,
      "color": "#F6FA31",
      "shape": "leaf",
      "center": [
        0.34796848334801855,
        -0.06493953036239553
      ],
      "amp": 0.2989987878633798,
      "phase": 2.9579474968832318,
      "lobes": 4,
      "density": 28,
      "scale": 0.8640611642563597,
      "leaf_type": "heart_polar_r=1-sin(theta+phase)"
    }
  ]
}