{
  "product_id": "597957146707",
  "seed": 3097071239,
  "colors": [
    "#1EF1F2",
    "#DC4FDD",
    "#F6FA31"
  ],
  "shape_types": [
    "oval",
    "arc",
    "leaf"
  ],
  "size": 800,
  "per_shape": [
    {
      "index": 0,
      "color": "#1EF1F2",
      "shape": "oval",
      "center": [
        -0.3761076393406727,
        0.2289562277200089
      ],
      "amp": 0.1469066759912508,
      "phase": 4.187351867912662,
      "lobes": 2,
      "density": 18,
      "scale": 0.9398434260258947,
      "oval_a": 1.1358695705891824,
      "oval_b": 0.8044983549490692
    },
    {
      "index": 1,
      "color": "#DC4FDD",
      "shape": "arc",
      "center": [
        -0.23286768879227573,
        -0.3077395553643698
      ],
      "amp": 0.2716489913911128,
      "phase": 2.1834308169327836,
      "lobes": 3,
      "density": 31,
      "scale": 0.8826716950188437
    },
    {
      "index": 2,
      "color": "#F6FA31",
      "shape": "leaf",
      "center": [
        -0.21304382694166046,
        -0.011006966077743208
      ],
      "amp": 0.22008747170425047,
      "phase": 4.158101992527851,
      "lobes": 2,
      "density": 30,
      "scale": 0.9059414580185295,
      "leaf_type": "heart_polar_r=1-sin(theta+phase)"
    }
  ]
}