{
  "product_id": "597957147931",
  "seed": 2825097736,
  "colors": [
    "#1EF1F2",
    "#DC4FDD",
    "#F6FA31"
  ],
  "shape_types": [
    "oval",
    "loop",
    "arc"
  ],
  "size": 800,
  "per_shape": [
    {
      "index": 0,
      "color": "#1EF1F2",
      "shape": "oval",
      "center": [
        -0.15475949033833142,
        -0.15974026603370142
      ],
      "amp": 0.1326854830615417,
      "phase": 5.316809676122417,
      "lobes": 3,
      "density": 22,
      "scale": 1.1648816940683626,
      "oval_a": 1.136002325834247,
      "oval_b": 0.7699815757131128
    },
    {
      "index": 1,
      "color": "#DC4FDD",
      "shape": "loop",
      "center": [
        -0.17055699612789504,
        -0.2666477859815518
      ],
      "amp": 0.0849772176047598,
      "phase": 1.5333731906243866,
      "lobes": 3,
      "density": 32,
      "scale": 1.0034065726727361,
      "loop_exponent": 2.5
    },
    {
      "index": 2,
      "color": "#F6FA31",
      "shape": "arc",
      "center": [
        -0.22040894464342042,
        0.28329187299681446
      ],
      "amp": 0.17803167207999143,
      "phase": 4.310219191975683,
      "lobes": 4,
      "density": 22,
      "scale": 0.946008371066825
    }
  ]
}