{
  "product_id": "597957140935",
  "seed": 3544594411,
  "colors": [
    "#1EF1F2",
    "#DC4FDD",
    "#F6FA31"
  ],
  "shape_types": [
    "loop",
    "arc",
    "leaf"
  ],
  "size": 800,
  "per_shape": [
    {
      "index": 0,
      "color": "#1EF1F2",
      "shape": "loop",
      "center": [
        0.20500569917238964,
        -0.07840682765777479
      ],
      "amp": 0.07947234685892444,
      "phase": 1.8948700678043087,
      "lobes": 4,
      "density": 33,
      "scale": 0.8723652104374002,
      "loop_exponent": 2.5
    },
    {
      "index": 1,
      "color": "#DC4FDD",
      "shape": "arc",
      "center": [
        0.2798196167610084,
        0.16819512117451763
      ],
      "amp": 0.1767452995829608,
      "phase": 5.215134822836997,
      "lobes": 4,
      "density": 34,
      "scale": 0.9591000375129448
    },
    {
      "index": 2,
      "color": "#F6FA31",
      "shape": "leaf",
      "center": [
        0.2880578171475018,
        0.2016739692707442
      ],
      "amp": 0.15703633067052553,
      "phase": 5.915072499773243,
      "lobes": 3,
      "density": 34,
      "scale": 1.149431566568712,
      "leaf_type": "heart_polar_r=1-sin(theta+phase)"
    }
  ]
}