{
  "product_id": "597957139573",
  "seed": 4137590037,
  "colors": [
    "#1EF1F2",
    "#DC4FDD",
    "#F6FA31"
  ],
  "shape_types": [
    "arc",
    "oval",
    "loop"
  ],
  "size": 800,
  "per_shape": [
    {
      "index": 0,
      "color": "#1EF1F2",
      "shape": "arc",
      "center": [
        0.15135020403411004,
        -0.06368128452508748
      ],
      "amp": 0.0516797128600711,
      "phase": 3.997165944207716,
      "lobes": 4,
      "density": 23,
      "scale": 1.1517143643945569
    },
    {
      "index": 1,
      "color": "#DC4FDD",
      "shape": "oval",
      "center": [
        0.34953956098845507,
        0.2901885402904889
      ],
      "amp": 0.10874986328467472,
      "phase": 4.898110913830227,
      "lobes": 4,
      "density": 24,
      "scale": 1.0495926168806438,
      "oval_a": 1.2881771987220776,
      "oval_b": 0.8313249533945358
    },
    {
      "index": 2,
      "color": "#F6FA31",
      "shape": "loop",
      "center": [
        0.05358146932066116,
        0.0012353005966135866
      ],
      "amp": 0.16252089753400872,
      "phase": 2.8872913603379655,
      "lobes": 2,
      "density": 18,
      "scale": 0.8254997321826693,
      "loop_exponent": 2.5
    }
  ]
}