{
  "product_id": "597957148221",
  "seed": 61077515,
  "colors": [
    "#1EF1F2",
    "#DC4FDD",
    "#F6FA31"
  ],
  "shape_types": [
    "leaf",
    "oval",
    "loop"
  ],
  "size": 800,
  "per_shape": [
    {
      "index": 0,
      "color": "#1EF1F2",
      "shape": "leaf",
      "center": [
        0.031269569695939414,
        0.08902930682662313
      ],
      "amp": 0.14104829551413745,
      "phase": 5.710521359794638,
      "lobes": 4,
      "density": 33,
      "scale": 1.177613409239065,
      "leaf_type": "heart_polar_r=1-sin(theta+phase)"
    },
    {
      "index": 1,
      "color": "#DC4FDD",
      "shape": "oval",
      "center": [
        -0.35627221879354254,
        -0.012204934352688213
      ],
      "amp": 0.22345683985355014,
      "phase": 0.9837809818519675,
      "lobes": 2,
      "density": 24,
      "scale": 1.1508015393726803,
      "oval_a": 1.1589626553718186,
      "oval_b": 0.8484323249747678
    },
    {
      "index": 2,
      "color": "#F6FA31",
      "shape": "loop",
      "center": [
        -0.39953941484975053,
        0.07930965146281321
      ],
      "amp": 0.21053939699237184,
      "phase": 0.3986596606656594,
      "lobes": 3,
      "density": 30,
      "scale": 1.1366056102338133,
      "loop_exponent": 2.5
    }
  ]
}