{
  "product_id": "597957145449",
  "seed": 1104736434,
  "colors": [
    "#1EF1F2",
    "#DC4FDD",
    "#F6FA31"
  ],
  "shape_types": [
    "oval",
    "arc",
    "leaf"
  ],
  "size": 800,
  "per_shape": [
    {
      "index": 0,
      "color": "#1EF1F2",
      "shape": "oval",
      "center": [
        -0.36496187449276046,
        -0.139774989079738
      ],
      "amp": 0.12204047329343935,
      "phase": 2.7870523501162654,
      "lobes": 3,
      "density": 33,
      "scale": 1.0775430834780784,
      "oval_a": 1.2832696790345008,
      "oval_b": 0.8722737682345509
    },
    {
      "index": 1,
      "color": "#DC4FDD",
      "shape": "arc",
      "center": [
        0.3697791598629001,
        0.018763074235948474
      ],
      "amp": 0.1631621684665735,
      "phase": 2.9920094116006295,
      "lobes": 3,
      "density": 31,
      "scale": 1.0312796360630059
    },
    {
      "index": 2,
      "color": "#F6FA31",
      "shape": "leaf",
      "center": [
        0.07543078348233179,
        -0.30183928520847225
      ],
      "amp": 0.07950580808089507,
      "phase": 4.990141216134049,
      "lobes": 3,
      "density": 31,
      "scale": 1.16376571535894,
      "leaf_type": "heart_polar_r=1-sin(theta+phase)"
    }
  ]
}