{
  "product_id": "597957142359",
  "seed": 1761304204,
  "colors": [
    "#1EF1F2",
    "#DC4FDD",
    "#F6FA31"
  ],
  "shape_types": [
    "leaf",
    "arc",
    "loop"
  ],
  "size": 800,
  "per_shape": [
    {
      "index": 0,
      "color": "#1EF1F2",
      "shape": "leaf",
      "center": [
        0.36596675622630215,
        0.26784254152518316
      ],
      "amp": 0.1811736964293002,
      "phase": 0.09781326231712112,
      "lobes": 3,
      "density": 36,
      "scale": 0.9253821201163329,
      "leaf_type": "heart_polar_r=1-sin(theta+phase)"
    },
    {
      "index": 1,
      "color": "#DC4FDD",
      "shape": "arc",
      "center": [
        -0.13128777786479112,
        -0.1016561338872835
      ],
      "amp": 0.09248029737046666,
      "phase": 0.9041497970447592,
      "lobes": 3,
      "density": 31,
      "scale": 1.1398724093209507
    },
    {
      "index": 2,
      "color": "#F6FA31",
      "shape": "loop",
      "center": [
        0.0037828287244854875,
        -0.05204354136713335
      ],
      "amp": 0.06209874104522929,
      "phase": 0.7341818474791704,
      "lobes": 4,
      "density": 19,
      "scale": 0.8386283333664659,
      "loop_exponent": 2.5
    }
  ]
}