{
  "product_id": "597957146253",
  "seed": 2329206844,
  "colors": [
    "#1EF1F2",
    "#DC4FDD",
    "#F6FA31"
  ],
  "shape_types": [
    "arc",
    "loop",
    "oval"
  ],
  "size": 800,
  "per_shape": [
    {
      "index": 0,
      "color": "#1EF1F2",
      "shape": "arc",
      "center": [
        0.12495143398586217,
        0.19670687710434853
      ],
      "amp": 0.20369462283636391,
      "phase": 2.486266709729117,
      "lobes": 4,
      "density": 32,
      "scale": 0.9861435137980707
    },
    {
      "index": 1,
      "color": "#DC4FDD",
      "shape": "loop",
      "center": [
        -0.27425515464468153,
        0.07587091854722755
      ],
      "amp": 0.1849421174433497,
      "phase": 0.29792561581231564,
      "lobes": 2,
      "density": 24,
      "scale": 1.0363081673840608,
      "loop_exponent": 2.5
    },
    {
      "index": 2,
      "color": "#F6FA31",
      "shape": "oval",
      "center": [
        -0.1745540784704196,
        -0.23973066985643607
      ],
      "amp": 0.08643682894407688,
      "phase": 3.8243818940086944,
      "lobes": 3,
      "density": 23,
      "scale": 1.1134133774021662,
      "oval_a": 1.1852389128012015,
      "oval_b": 0.7065413041797775
    }
  ]
}