{
  "product_id": "597957146383",
  "seed": 464237450,
  "colors": [
    "#1EF1F2",
    "#DC4FDD",
    "#F6FA31"
  ],
  "shape_types": [
    "loop",
    "arc",
    "oval"
  ],
  "size": 800,
  "per_shape": [
    {
      "index": 0,
      "color": "#1EF1F2",
      "shape": "loop",
      "center": [
        -0.1989345234201541,
        0.16220160681235318
      ],
      "amp": 0.1780480207555094,
      "phase": 1.8007465123829007,
      "lobes": 4,
      "density": 19,
      "scale": 0.9066254489524213,
      "loop_exponent": 2.5
    },
    {
      "index": 1,
      "color": "#DC4FDD",
      "shape": "arc",
      "center": [
        0.12998957547341883,
        -0.20069287500788954
      ],
      "amp": 0.1322623284900189,
      "phase": 0.6020382558288498,
      "lobes": 2,
      "density": 20,
      "scale": 1.1552700058618433
    },
    {
      "index": 2,
      "color": "#F6FA31",
      "shape": "oval",
      "center": [
        -0.024911111892633897,
        -0.363150303319663
      ],
      "amp": 0.2694713350640449,
      "phase": 4.504196261569316,
      "lobes": 4,
      "density": 35,
      "scale": 1.1908493760993315,
      "oval_a": 1.1216938420238725,
      "oval_b": 0.8200531042427268
    }
  ]
}