{
  "product_id": "597957143509",
  "seed": 4189550321,
  "colors": [
    "#1EF1F2",
    "#DC4FDD",
    "#F6FA31"
  ],
  "shape_types": [
    "oval",
    "arc",
    "loop"
  ],
  "size": 800,
  "per_shape": [
    {
      "index": 0,
      "color": "#1EF1F2",
      "shape": "oval",
      "center": [
        -0.00044690980655720525,
        0.31475546566647683
      ],
      "amp": 0.22327506499278454,
      "phase": 0.5262675417951065,
      "lobes": 3,
      "density": 35,
      "scale": 1.0212821830318062,
      "oval_a": 1.1592309534396517,
      "oval_b": 0.8164358611606429
    },
    {
      "index": 1,
      "color": "#DC4FDD",
      "shape": "arc",
      "center": [
        0.20175086339624415,
        0.3106784039991146
      ],
      "amp": 0.29111240592664656,
      "phase": 5.696798092415661,
      "lobes": 4,
      "density": 19,
      "scale": 1.1671793594095226
    },
    {
      "index": 2,
      "color": "#F6FA31",
      "shape": "loop",
      "center": [
        -0.2360197843261851,
        0.2297446592215171
      ],
      "amp": 0.20536182543996268,
      "phase": 2.5707937156424534,
      "lobes": 3,
      "density": 35,
      "scale": 0.8801799487589104,
      "loop_exponent": 2.5
    }
  ]
}