{
  "product_id": "597957142343",
  "seed": 1593764178,
  "colors": [
    "#1EF1F2",
    "#DC4FDD",
    "#F6FA31"
  ],
  "shape_types": [
    "arc",
    "loop",
    "oval"
  ],
  "size": 800,
  "per_shape": [
    {
      "index": 0,
      "color": "#1EF1F2",
      "shape": "arc",
      "center": [
        -0.15895640245755382,
        0.0667234793067541
      ],
      "amp": 0.13095171135219746,
      "phase": 4.718079178118255,
      "lobes": 4,
      "density": 20,
      "scale": 0.9800099369639684
    },
    {
      "index": 1,
      "color": "#DC4FDD",
      "shape": "loop",
      "center": [
        0.23194815212237174,
        0.23134529481075938
      ],
      "amp": 0.11906449284449235,
      "phase": 5.014997126660861,
      "lobes": 3,
      "density": 24,
      "scale": 0.9937261567796187,
      "loop_exponent": 2.5
    },
    {
      "index": 2,
      "color": "#F6FA31",
      "shape": "oval",
      "center": [
        0.09550833609829085,
        -0.06272605269749504
      ],
      "amp": 0.0862399399234987,
      "phase": 5.374177328119746,
      "lobes": 2,
      "density": 20,
      "scale": 0.8830529103506194,
      "oval_a": 1.2778121495266515,
      "oval_b": 0.7620679935655625
    }
  ]
}