{
  "product_id": "597957143591",
  "seed": 4118413504,
  "colors": [
    "#1EF1F2",
    "#DC4FDD",
    "#F6FA31"
  ],
  "shape_types": [
    "leaf",
    "loop",
    "arc"
  ],
  "size": 800,
  "per_shape": [
    {
      "index": 0,
      "color": "#1EF1F2",
      "shape": "leaf",
      "center": [
        0.11698580889787302,
        -0.14043014208601073
      ],
      "amp": 0.2976671396691729,
      "phase": 0.4247788641023357,
      "lobes": 3,
      "density": 27,
      "scale": 1.1938741062006948,
      "leaf_type": "heart_polar_r=1-sin(theta+phase)"
    },
    {
      "index": 1,
      "color": "#DC4FDD",
      "shape": "loop",
      "center": [
        -0.23487848321557847,
        0.37352382547701657
      ],
      "amp": 0.24885817038977998,
      "phase": 0.586499212209669,
      "lobes": 3,
      "density": 27,
      "scale": 1.046156305544019,
      "loop_exponent": 2.5
    },
    {
      "index": 2,
      "color": "#F6FA31",
      "shape": "arc",
      "center": [
        -0.2721843356137632,
        -0.32251916936820524
      ],
      "amp": 0.1848581741537786,
      "phase": 4.93760876088971,
      "lobes": 4,
      "density": 21,
      "scale": 1.1691886406580143
    }
  ]
}