{
  "product_id": "597957143051",
  "seed": 1981167014,
  "colors": [
    "#1EF1F2",
    "#DC4FDD",
    "#F6FA31"
  ],
  "shape_types": [
    "loop",
    "arc",
    "oval"
  ],
  "size": 800,
  "per_shape": [
    {
      "index": 0,
      "color": "#1EF1F2",
      "shape": "loop",
      "center": [
        0.017796103633063776,
        -0.02604508146925094
      ],
      "amp": 0.24634895367018278,
      "phase": 5.680409904668422,
      "lobes": 2,
      "density": 24,
      "scale": 0.8331261997980239,
      "loop_exponent": 2.5
    },
    {
      "index": 1,
      "color": "#DC4FDD",
      "shape": "arc",
      "center": [
        -0.11853543047834203,
        0.1898436860604923
      ],
      "amp": 0.16266667915638988,
      "phase": 5.215369422252408,
      "lobes": 2,
      "density": 28,
      "scale": 1.1201493216217766
    },
    {
      "index": 2,
      "color": "#F6FA31",
      "shape": "oval",
      "center": [
        0.32323290684110806,
        -0.02101807937642075
      ],
      "amp": 0.2773136151094442,
      "phase": 2.4642652574756645,
      "lobes": 4,
      "density": 22,
      "scale": 0.9272965254408119,
      "oval_a": 1.1393850495654423,
      "oval_b": 0.8627940739324182
    }
  ]
}