{
  "product_id": "597957145107",
  "seed": 2858604771,
  "colors": [
    "#1EF1F2",
    "#DC4FDD",
    "#F6FA31"
  ],
  "shape_types": [
    "oval",
    "arc",
    "leaf"
  ],
  "size": 800,
  "per_shape": [
    {
      "index": 0,
      "color": "#1EF1F2",
      "shape": "oval",
      "center": [
        0.07997470321671096,
        0.114387396187977
      ],
      "amp": 0.2785064386746769,
      "phase": 5.5056221650079795,
      "lobes": 4,
      "density": 25,
      "scale": 0.9646499265460935,
      "oval_a": 1.1184914280573703,
      "oval_b": 0.7277326787240019
    },
    {
      "index": 1,
      "color": "#DC4FDD",
      "shape": "arc",
      "center": [
        0.037632537252167975,
        -0.25814738813067517
      ],
      "amp": 0.20534438167911928,
      "phase": 2.266509625997532,
      "lobes": 3,
      "density": 34,
      "scale": 0.9556899169274339
    },
    {
      "index": 2,
      "color": "#F6FA31",
      "shape": "leaf",
      "center": [
        -0.1143302228880656,
        0.16832521836785008
      ],
      "amp": 0.19192926330122406,
      "phase": 2.213924275827712,
      "lobes": 4,
      "density": 23,
      "scale": 1.0395319642656144,
      "leaf_type": "heart_polar_r=1-sin(theta+phase)"
    }
  ]
}