{
  "product_id": "597957147659",
  "seed": 214991730,
  "colors": [
    "#1EF1F2",
    "#DC4FDD",
    "#F6FA31"
  ],
  "shape_types": [
    "loop",
    "leaf",
    "arc"
  ],
  "size": 800,
  "per_shape": [
    {
      "index": 0,
      "color": "#1EF1F2",
      "shape": "loop",
      "center": [
        0.2395232834300831,
        -0.020071512951530868
      ],
      "amp": 0.08935109747872678,
      "phase": 0.6728923743411046,
      "lobes": 2,
      "density": 21,
      "scale": 1.0657009426400084,
      "loop_exponent": 2.5
    },
    {
      "index": 1,
      "color": "#DC4FDD",
      "shape": "leaf",
      "center": [
        -0.11488477166584382,
        0.24087027052142518
      ],
      "amp": 0.22929764239085887,
      "phase": 1.8652707894483118,
      "lobes": 4,
      "density": 22,
      "scale": 1.1147462940923836,
      "leaf_type": "heart_polar_r=1-sin(theta+phase)"
    },
    {
      "index": 2,
      "color": "#F6FA31",
      "shape": "arc",
      "center": [
        -0.13968203397973655,
        -0.19033772998876597
      ],
      "amp": 0.1561949773617627,
      "phase": 4.101177474620489,
      "lobes": 2,
      "density": 23,
      "scale": 1.1181375128733324
    }
  ]
}