{
  "product_id": "597957144433",
  "seed": 3747124904,
  "colors": [
    "#1EF1F2",
    "#DC4FDD",
    "#F6FA31"
  ],
  "shape_types": [
    "leaf",
    "oval",
    "arc"
  ],
  "size": 800,
  "per_shape": [
    {
      "index": 0,
      "color": "#1EF1F2",
      "shape": "leaf",
      "center": [
        0.1998513081588683,
        0.16202875858676358
      ],
      "amp": 0.19002076185655947,
      "phase": 0.17591629534101078,
      "lobes": 3,
      "density": 25,
      "scale": 1.076824690900084,
      "leaf_type": "heart_polar_r=1-sin(theta+phase)"
    },
    {
      "index": 1,
      "color": "#DC4FDD",
      "shape": "oval",
      "center": [
        -0.04685185481599741,
        0.2193564755661137
      ],
      "amp": 0.1766442568796207,
      "phase": 1.7154512950144005,
      "lobes": 2,
      "density": 22,
      "scale": 0.9454645197855542,
      "oval_a": 1.2866409144743545,
      "oval_b": 0.8381194311438094
    },
    {
      "index": 2,
      "color": "#F6FA31",
      "shape": "arc",
      "center": [
        0.37580288107402715,
        -0.24497100975247293
      ],
      "amp": 0.2021760897396065,
      "phase": 2.1928698108685616,
      "lobes": 3,
      "density": 34,
      "scale": 1.180896792591821
    }
  ]
}