{
  "product_id": "597957143323",
  "seed": 4082575948,
  "colors": [
    "#1EF1F2",
    "#DC4FDD",
    "#F6FA31"
  ],
  "shape_types": [
    "oval",
    "arc",
    "leaf"
  ],
  "size": 800,
  "per_shape": [
    {
      "index": 0,
      "color": "#1EF1F2",
      "shape": "oval",
      "center": [
        -0.048497962081600066,
        0.24127146128598986
      ],
      "amp": 0.08545422774444518,
      "phase": 5.117600004939436,
      "lobes": 4,
      "density": 29,
      "scale": 0.8721951305539135,
      "oval_a": 1.2681363748337613,
      "oval_b": 0.866027343733454
    },
    {
      "index": 1,
      "color": "#DC4FDD",
      "shape": "arc",
      "center": [
        -0.3039451931876726,
        0.10971513242108144
      ],
      "amp": 0.24432800543525823,
      "phase": 1.2000147103573355,
      "lobes": 3,
      "density": 20,
      "scale": 1.156036779113233
    },
    {
      "index": 2,
      "color": "#F6FA31",
      "shape": "leaf",
      "center": [
        -0.11103801515835388,
        -0.1895837562442404
      ],
      "amp": 0.10126060574177663,
      "phase": 4.12470136617972,
      "lobes": 2,
      "density": 28,
      "scale": 0.8466141556963325,
      "leaf_type": "heart_polar_r=1-sin(theta+phase)"
    }
  ]
}