{
  "product_id": "597957139227",
  "seed": 2392686990,
  "colors": [
    "#1EF1F2",
    "#DC4FDD",
    "#F6FA31"
  ],
  "shape_types": [
    "arc",
    "leaf",
    "oval"
  ],
  "size": 800,
  "per_shape": [
    {
      "index": 0,
      "color": "#1EF1F2",
      "shape": "arc",
      "center": [
        -0.12243494302783775,
        0.00955352462839959
      ],
      "amp": 0.1184539382212584,
      "phase": 3.269652583935046,
      "lobes": 4,
      "density": 19,
      "scale": 0.9355376452947276
    },
    {
      "index": 1,
      "color": "#DC4FDD",
      "shape": "leaf",
      "center": [
        0.11748515284628946,
        -0.35343635148317176
      ],
      "amp": 0.07116246271804395,
      "phase": 1.576884289189089,
      "lobes": 2,
      "density": 22,
      "scale": 1.1815996311315469,
      "leaf_type": "heart_polar_r=1-sin(theta+phase)"
    },
    {
      "index": 2,
      "color": "#F6FA31",
      "shape": "oval",
      "center": [
        0.19303020789713554,
        0.11237618525399173
      ],
      "amp": 0.07678538818578216,
      "phase": 5.368790213430627,
      "lobes": 2,
      "density": 34,
      "scale": 1.1827142678516622,
      "oval_a": 1.2349222925664076,
      "oval_b": 0.720920917012014
    }
  ]
}