{
  "product_id": "597957144741",
  "seed": 1876093350,
  "colors": [
    "#1EF1F2",
    "#DC4FDD",
    "#F6FA31"
  ],
  "shape_types": [
    "leaf",
    "loop",
    "arc"
  ],
  "size": 800,
  "per_shape": [
    {
      "index": 0,
      "color": "#1EF1F2",
      "shape": "leaf",
      "center": [
        0.29767072931917504,
        0.011714847496513081
      ],
      "amp": 0.2996968531898503,
      "phase": 1.2981089495278937,
      "lobes": 4,
      "density": 20,
      "scale": 0.8588238492133611,
      "leaf_type": "heart_polar_r=1-sin(theta+phase)"
    },
    {
      "index": 1,
      "color": "#DC4FDD",
      "shape": "loop",
      "center": [
        -0.16854429504425206,
        0.06581111616515123
      ],
      "amp": 0.2075525915478717,
      "phase": 0.5606174007759006,
      "lobes": 3,
      "density": 35,
      "scale": 1.0407400524102899,
      "loop_exponent": 2.5
    },
    {
      "index": 2,
      "color": "#F6FA31",
      "shape": "arc",
      "center": [
        0.18578185282435622,
        0.3218596566570432
      ],
      "amp": 0.129016481688016,
      "phase": 0.40393536868172203,
      "lobes": 3,
      "density": 28,
      "scale": 0.8010738942212033
    }
  ]
}