{
  "product_id": "597957139695",
  "seed": 2437990859,
  "colors": [
    "#1EF1F2",
    "#DC4FDD",
    "#F6FA31"
  ],
  "shape_types": [
    "arc",
    "loop",
    "oval"
  ],
  "size": 800,
  "per_shape": [
    {
      "index": 0,
      "color": "#1EF1F2",
      "shape": "arc",
      "center": [
        -0.15677649579261593,
        -0.21919671470741103
      ],
      "amp": 0.09795871489891765,
      "phase": 3.300185271280361,
      "lobes": 4,
      "density": 30,
      "scale": 1.111349913705981
    },
    {
      "index": 1,
      "color": "#DC4FDD",
      "shape": "loop",
      "center": [
        0.30328559298196944,
        -0.11391176697275418
      ],
      "amp": 0.15317787645606812,
      "phase": 6.080895086010019,
      "lobes": 3,
      "density": 29,
      "scale": 1.0008127703457061,
      "loop_exponent": 2.5
    },
    {
      "index": 2,
      "color": "#F6FA31",
      "shape": "oval",
      "center": [
        -0.08489905444258328,
        -0.39285437096604703
      ],
      "amp": 0.2160889495488349,
      "phase": 1.131972011748322,
      "lobes": 2,
      "density": 36,
      "scale": 1.1489598306536748,
      "oval_a": 1.184280416761668,
      "oval_b": 0.7310966671943439
    }
  ]
}