{
  "product_id": "597957146679",
  "seed": 909247611,
  "colors": [
    "#1EF1F2",
    "#DC4FDD",
    "#F6FA31"
  ],
  "shape_types": [
    "loop",
    "oval",
    "leaf"
  ],
  "size": 800,
  "per_shape": [
    {
      "index": 0,
      "color": "#1EF1F2",
      "shape": "loop",
      "center": [
        0.05076772335066959,
        0.18852695735639446
      ],
      "amp": 0.1722259898506383,
      "phase": 3.2296360537700504,
      "lobes": 4,
      "density": 26,
      "scale": 1.0569996900957817,
      "loop_exponent": 2.5
    },
    {
      "index": 1,
      "color": "#DC4FDD",
      "shape": "oval",
      "center": [
        -0.3342825832290326,
        -0.11440228365479438
      ],
      "amp": 0.22898220579715872,
      "phase": 4.868776638357261,
      "lobes": 4,
      "density": 31,
      "scale": 0.9185739883694437,
      "oval_a": 1.2532523583962978,
      "oval_b": 0.7603328823789752
    },
    {
      "index": 2,
      "color": "#F6FA31",
      "shape": "leaf",
      "center": [
        -0.04029255614306981,
        -0.08802076153052046
      ],
      "amp": 0.0811605997505135,
      "phase": 3.491049336555522,
      "lobes": 4,
      "density": 30,
      "scale": 0.8875178444253244,
      "leaf_type": "heart_polar_r=1-sin(theta+phase)"
    }
  ]
}