{
  "product_id": "597957146475",
  "seed": 2034070937,
  "colors": [
    "#1EF1F2",
    "#DC4FDD",
    "#F6FA31"
  ],
  "shape_types": [
    "loop",
    "leaf",
    "oval"
  ],
  "size": 800,
  "per_shape": [
    {
      "index": 0,
      "color": "#1EF1F2",
      "shape": "loop",
      "center": [
        0.03220742579564362,
        -0.38160347894147945
      ],
      "amp": 0.27452476454580116,
      "phase": 2.483714359465741,
      "lobes": 4,
      "density": 22,
      "scale": 0.9527946695366681,
      "loop_exponent": 2.5
    },
    {
      "index": 1,
      "color": "#DC4FDD",
      "shape": "leaf",
      "center": [
        0.16382174935228566,
        -0.1950798509657301
      ],
      "amp": 0.16790904083455438,
      "phase": 5.772582024069328,
      "lobes": 3,
      "density": 28,
      "scale": 0.9694233141778328,
      "leaf_type": "heart_polar_r=1-sin(theta+phase)"
    },
    {
      "index": 2,
      "color": "#F6FA31",
      "shape": "oval",
      "center": [
        -0.06843862473096457,
        -0.2311014536828626
      ],
      "amp": 0.20262591167354643,
      "phase": 0.8550273411552121,
      "lobes": 4,
      "density": 22,
      "scale": 1.161270160595758,
      "oval_a": 1.2468434829091504,
      "oval_b": 0.8674379519299815
    }
  ]
}