{
  "product_id": "597957144081",
  "seed": 3543988071,
  "colors": [
    "#1EF1F2",
    "#DC4FDD",
    "#F6FA31"
  ],
  "shape_types": [
    "leaf",
    "arc",
    "loop"
  ],
  "size": 800,
  "per_shape": [
    {
      "index": 0,
      "color": "#1EF1F2",
      "shape": "leaf",
      "center": [
        -0.1470169486928305,
        0.05673505339223828
      ],
      "amp": 0.21929715632047353,
      "phase": 2.4968429871110556,
      "lobes": 4,
      "density": 24,
      "scale": 0.895355415177366,
      "leaf_type": "heart_polar_r=1-sin(theta+phase)"
    },
    {
      "index": 1,
      "color": "#DC4FDD",
      "shape": "arc",
      "center": [
        -0.17138508072923236,
        -0.0902771706360298
      ],
      "amp": 0.12285386362326929,
      "phase": 2.8074672709658084,
      "lobes": 4,
      "density": 21,
      "scale": 1.0491041980847338
    },
    {
      "index": 2,
      "color": "#F6FA31",
      "shape": "loop",
      "center": [
        0.14001091524183162,
        -0.20663055656861334
      ],
      "amp": 0.1223978233843848,
      "phase": 5.76499781545559,
      "lobes": 2,
      "density": 36,
      "scale": 1.1056962115702793,
      "loop_exponent": 2.5
    }
  ]
}