{
  "product_id": "597957144059",
  "seed": 4057958711,
  "colors": [
    "#1EF1F2",
    "#DC4FDD",
    "#F6FA31"
  ],
  "shape_types": [
    "arc",
    "leaf",
    "oval"
  ],
  "size": 800,
  "per_shape": [
    {
      "index": 0,
      "color": "#1EF1F2",
      "shape": "arc",
      "center": [
        -0.2217190980725528,
        0.26226218732300666
      ],
      "amp": 0.21092220252463767,
      "phase": 6.140033469355912,
      "lobes": 4,
      "density": 23,
      "scale": 0.9669095437549418
    },
    {
      "index": 1,
      "color": "#DC4FDD",
      "shape": "leaf",
      "center": [
        -0.3690693286548856,
        0.06671155391566719
      ],
      "amp": 0.10872425026300407,
      "phase": 0.9172053128455482,
      "lobes": 4,
      "density": 23,
      "scale": 1.1555941401485847,
      "leaf_type": "heart_polar_r=1-sin(theta+phase)"
    },
    {
      "index": 2,
      "color": "#F6FA31",
      "shape": "oval",
      "center": [
        -0.16703389454457807,
        -0.06283703131556068
      ],
      "amp": 0.2745779759974644,
      "phase": 4.560094455812797,
      "lobes": 3,
      "density": 24,
      "scale": 0.859272590799611,
      "oval_a": 1.1738957274035329,
      "oval_b": 0.86239892255381
    }
  ]
}