{
  "product_id": "597957142477",
  "seed": 2439365507,
  "colors": [
    "#1EF1F2",
    "#DC4FDD",
    "#F6FA31"
  ],
  "shape_types": [
    "oval",
    "loop",
    "leaf"
  ],
  "size": 800,
  "per_shape": [
    {
      "index": 0,
      "color": "#1EF1F2",
      "shape": "oval",
      "center": [
        0.03061104121184338,
        0.13355515562304776
      ],
      "amp": 0.29295138077726607,
      "phase": 4.744496676599224,
      "lobes": 3,
      "density": 26,
      "scale": 0.8325987926388674,
      "oval_a": 1.1393229370630567,
      "oval_b": 0.7058180444976045
    },
    {
      "index": 1,
      "color": "#DC4FDD",
      "shape": "loop",
      "center": [
        -0.38192056188565876,
        0.3657363458289321
      ],
      "amp": 0.144374748928142,
      "phase": 4.245913013915394,
      "lobes": 3,
      "density": 33,
      "scale": 0.9823233500434729,
      "loop_exponent": 2.5
    },
    {
      "index": 2,
      "color": "#F6FA31",
      "shape": "leaf",
      "center": [
        0.30387075709171574,
        -0.010952498257481846
      ],
      "amp": 0.24968596297405438,
      "phase": 1.0516707998101105,
      "lobes": 2,
      "density": 29,
      "scale": 0.9020680875336665,
      "leaf_type": "heart_polar_r=1-sin(theta+phase)"
    }
  ]
}