{
  "product_id": "597957147663",
  "seed": 1860801871,
  "colors": [
    "#1EF1F2",
    "#DC4FDD",
    "#F6FA31"
  ],
  "shape_types": [
    "arc",
    "oval",
    "loop"
  ],
  "size": 800,
  "per_shape": [
    {
      "index": 0,
      "color": "#1EF1F2",
      "shape": "arc",
      "center": [
        -0.09892981159661807,
        0.21252003225681892
      ],
      "amp": 0.07157893982512094,
      "phase": 1.3214483526844116,
      "lobes": 4,
      "density": 36,
      "scale": 0.8338704213110233
    },
    {
      "index": 1,
      "color": "#DC4FDD",
      "shape": "oval",
      "center": [
        0.02766789683501525,
        0.1093302722639019
      ],
      "amp": 0.059032205730408335,
      "phase": 1.8304018703923717,
      "lobes": 4,
      "density": 24,
      "scale": 1.0689024970660663,
      "oval_a": 1.1412082037798659,
      "oval_b": 0.7811192881907374
    },
    {
      "index": 2,
      "color": "#F6FA31",
      "shape": "loop",
      "center": [
        0.1855985403080136,
        0.038891389348337746
      ],
      "amp": 0.2348051566661709,
      "phase": 1.8817763176002924,
      "lobes": 4,
      "density": 29,
      "scale": 1.109303359317043,
      "loop_exponent": 2.5
    }
  ]
}