{
  "product_id": "597957147195",
  "seed": 800196875,
  "colors": [
    "#1EF1F2",
    "#DC4FDD",
    "#F6FA31"
  ],
  "shape_types": [
    "loop",
    "oval",
    "leaf"
  ],
  "size": 800,
  "per_shape": [
    {
      "index": 0,
      "color": "#1EF1F2",
      "shape": "loop",
      "center": [
        -0.20482163086575664,
        -0.26063409605718846
      ],
      "amp": 0.24313024282456036,
      "phase": 4.615407559385887,
      "lobes": 4,
      "density": 22,
      "scale": 1.0419499942908088,
      "loop_exponent": 2.5
    },
    {
      "index": 1,
      "color": "#DC4FDD",
      "shape": "oval",
      "center": [
        -0.09936202941322769,
        -0.30692907430339694
      ],
      "amp": 0.27110755728109814,
      "phase": 4.394729904840589,
      "lobes": 2,
      "density": 19,
      "scale": 0.8903615483853321,
      "oval_a": 1.2731731553310763,
      "oval_b": 0.7395556161811856
    },
    {
      "index": 2,
      "color": "#F6FA31",
      "shape": "leaf",
      "center": [
        -0.30671247975776006,
        -0.13175538952902927
      ],
      "amp": 0.19524351172405152,
      "phase": 3.3668118829052527,
      "lobes": 4,
      "density": 24,
      "scale": 0.8842002019129167,
      "leaf_type": "heart_polar_r=1-sin(theta+phase)"
    }
  ]
}