{
  "product_id": "597957139733",
  "seed": 3831630172,
  "colors": [
    "#1EF1F2",
    "#DC4FDD",
    "#F6FA31"
  ],
  "shape_types": [
    "arc",
    "loop",
    "leaf"
  ],
  "size": 800,
  "per_shape": [
    {
      "index": 0,
      "color": "#1EF1F2",
      "shape": "arc",
      "center": [
        0.35127108816431263,
        -0.25410439753094965
      ],
      "amp": 0.26417998009169047,
      "phase": 0.1893912010138204,
      "lobes": 2,
      "density": 18,
      "scale": 1.070590418083779
    },
    {
      "index": 1,
      "color": "#DC4FDD",
      "shape": "loop",
      "center": [
        -0.3318522433916018,
        -0.036865514575287084
      ],
      "amp": 0.23991389384306944,
      "phase": 1.410197506301534,
      "lobes": 3,
      "density": 36,
      "scale": 0.9947764239694487,
      "loop_exponent": 2.5
    },
    {
      "index": 2,
      "color": "#F6FA31",
      "shape": "leaf",
      "center": [
        0.1874529568270551,
        0.21227254343350532
      ],
      "amp": 0.2828524080549518,
      "phase": 4.1396610058964525,
      "lobes": 4,
      "density": 32,
      "scale": 0.8236914621755165,
      "leaf_type": "heart_polar_r=1-sin(theta+phase)"
    }
  ]
}