{
  "product_id": "597957143641",
  "seed": 3953209195,
  "colors": [
    "#1EF1F2",
    "#DC4FDD",
    "#F6FA31"
  ],
  "shape_types": [
    "leaf",
    "oval",
    "arc"
  ],
  "size": 800,
  "per_shape": [
    {
      "index": 0,
      "color": "#1EF1F2",
      "shape": "leaf",
      "center": [
        0.20547074311629532,
        0.056011576816719866
      ],
      "amp": 0.22672046707832522,
      "phase": 0.47306459045260113,
      "lobes": 4,
      "density": 24,
      "scale": 1.0921154928090642,
      "leaf_type": "heart_polar_r=1-sin(theta+phase)"
    },
    {
      "index": 1,
      "color": "#DC4FDD",
      "shape": "oval",
      "center": [
        0.243642477675858,
        -0.25447101413771744
      ],
      "amp": 0.10810900645661341,
      "phase": 1.1834967212982084,
      "lobes": 4,
      "density": 35,
      "scale": 0.9090395094581981,
      "oval_a": 1.2424146221652288,
      "oval_b": 0.8930841868379947
    },
    {
      "index": 2,
      "color": "#F6FA31",
      "shape": "arc",
      "center": [
        -0.008559340038396368,
        0.3677688760395389
      ],
      "amp": 0.2008114588478248,
      "phase": 0.6395999071685027,
      "lobes": 2,
      "density": 28,
      "scale": 1.0194453840739404
    }
  ]
}