{
  "product_id": "597957147049",
  "seed": 1620442476,
  "colors": [
    "#1EF1F2",
    "#DC4FDD",
    "#F6FA31"
  ],
  "shape_types": [
    "leaf",
    "oval",
    "loop"
  ],
  "size": 800,
  "per_shape": [
    {
      "index": 0,
      "color": "#1EF1F2",
      "shape": "leaf",
      "center": [
        -0.12423500364961265,
        0.33973743096847264
      ],
      "amp": 0.19309444682394838,
      "phase": 0.6634002729612053,
      "lobes": 2,
      "density": 28,
      "scale": 1.1695225078436386,
      "leaf_type": "heart_polar_r=1-sin(theta+phase)"
    },
    {
      "index": 1,
      "color": "#DC4FDD",
      "shape": "oval",
      "center": [
        0.099646659316308,
        0.2865073272542381
      ],
      "amp": 0.19698232143147715,
      "phase": 4.450314123954428,
      "lobes": 3,
      "density": 33,
      "scale": 0.9123606602207387,
      "oval_a": 1.111064384991864,
      "oval_b": 0.8348756021804263
    },
    {
      "index": 2,
      "color": "#F6FA31",
      "shape": "loop",
      "center": [
        -0.17375304734776087,
        0.06226006818319296
      ],
      "amp": 0.11012281316364213,
      "phase": 4.130668747211909,
      "lobes": 2,
      "density": 23,
      "scale": 0.8603264857651989,
      "loop_exponent": 2.5
    }
  ]
}