{
  "product_id": "597957144983",
  "seed": 3370050500,
  "colors": [
    "#1EF1F2",
    "#DC4FDD",
    "#F6FA31"
  ],
  "shape_types": [
    "oval",
    "leaf",
    "loop"
  ],
  "size": 800,
  "per_shape": [
    {
      "index": 0,
      "color": "#1EF1F2",
      "shape": "oval",
      "center": [
        -0.3591124475605805,
        0.09853268285886851
      ],
      "amp": 0.22575471878350512,
      "phase": 0.7053220604209319,
      "lobes": 4,
      "density": 27,
      "scale": 1.0379618725155262,
      "oval_a": 1.1182562505169318,
      "oval_b": 0.8095165289574118
    },
    {
      "index": 1,
      "color": "#DC4FDD",
      "shape": "leaf",
      "center": [
        0.3573008625926143,
        -0.25842764285940345
      ],
      "amp": 0.2719424308319258,
      "phase": 3.068216161561043,
      "lobes": 4,
      "density": 21,
      "scale": 0.997600020908628,
      "leaf_type": "heart_polar_r=1-sin(theta+phase)"
    },
    {
      "index": 2,
      "color": "#F6FA31",
      "shape": "loop",
      "center": [
        -0.008428177644490276,
        -0.05073722457287755
      ],
      "amp": 0.2367166316878807,
      "phase": 2.8301225898226923,
      "lobes": 3,
      "density": 28,
      "scale": 0.9647774148572165,
      "loop_exponent": 2.5
    }
  ]
}