{
  "product_id": "597957146045",
  "seed": 1787955878,
  "colors": [
    "#1EF1F2",
    "#DC4FDD",
    "#F6FA31"
  ],
  "shape_types": [
    "leaf",
    "arc",
    "oval"
  ],
  "size": 800,
  "per_shape": [
    {
      "index": 0,
      "color": "#1EF1F2",
      "shape": "leaf",
      "center": [
        0.3592139284290472,
        -0.15568827837912186
      ],
      "amp": 0.2645122311078015,
      "phase": 1.563299944548194,
      "lobes": 4,
      "density": 32,
      "scale": 1.0504560198270927,
      "leaf_type": "heart_polar_r=1-sin(theta+phase)"
    },
    {
      "index": 1,
      "color": "#DC4FDD",
      "shape": "arc",
      "center": [
        0.31992416842397486,
        0.08813789500467673
      ],
      "amp": 0.12628745919264395,
      "phase": 2.5691842699991456,
      "lobes": 4,
      "density": 21,
      "scale": 1.1182117541397825
    },
    {
      "index": 2,
      "color": "#F6FA31",
      "shape": "oval",
      "center": [
        -0.31080646745036705,
        -0.172962221999933
      ],
      "amp": 0.19671835664104353,
      "phase": 2.600412153620594,
      "lobes": 2,
      "density": 34,
      "scale": 0.9533943841178453,
      "oval_a": 1.1746599301251337,
      "oval_b": 0.846165686873254
    }
  ]
}