{
  "product_id": "597957145131",
  "seed": 1652887407,
  "colors": [
    "#1EF1F2",
    "#DC4FDD",
    "#F6FA31"
  ],
  "shape_types": [
    "loop",
    "arc",
    "oval"
  ],
  "size": 800,
  "per_shape": [
    {
      "index": 0,
      "color": "#1EF1F2",
      "shape": "loop",
      "center": [
        -0.2173316209492321,
        -0.01261728144073837
      ],
      "amp": 0.07745368299449625,
      "phase": 3.4960397927925717,
      "lobes": 4,
      "density": 29,
      "scale": 1.1752005289263585,
      "loop_exponent": 2.5
    },
    {
      "index": 1,
      "color": "#DC4FDD",
      "shape": "arc",
      "center": [
        -0.2717064060510691,
        0.25273253274861107
      ],
      "amp": 0.06981932484510713,
      "phase": 4.855505444797169,
      "lobes": 2,
      "density": 20,
      "scale": 1.1049253957584515
    },
    {
      "index": 2,
      "color": "#F6FA31",
      "shape": "oval",
      "center": [
        -0.21560106556208958,
        0.3992443453106279
      ],
      "amp": 0.19887993166483608,
      "phase": 4.166173924027651,
      "lobes": 3,
      "density": 35,
      "scale": 0.8578469332717685,
      "oval_a": 1.2839323852016562,
      "oval_b": 0.7813533731523606
    }
  ]
}