{
  "product_id": "597957143437",
  "seed": 1841482424,
  "colors": [
    "#1EF1F2",
    "#DC4FDD",
    "#F6FA31"
  ],
  "shape_types": [
    "leaf",
    "arc",
    "oval"
  ],
  "size": 800,
  "per_shape": [
    {
      "index": 0,
      "color": "#1EF1F2",
      "shape": "leaf",
      "center": [
        -0.32935577276827355,
        -0.2780847967578679
      ],
      "amp": 0.20832285601120165,
      "phase": 3.497283486069318,
      "lobes": 4,
      "density": 29,
      "scale": 0.8525324772625243,
      "leaf_type": "heart_polar_r=1-sin(theta+phase)"
    },
    {
      "index": 1,
      "color": "#DC4FDD",
      "shape": "arc",
      "center": [
        0.042473691950517256,
        -0.2576193309094297
      ],
      "amp": 0.08184202832901823,
      "phase": 0.5881176731027249,
      "lobes": 2,
      "density": 24,
      "scale": 1.1439524109245984
    },
    {
      "index": 2,
      "color": "#F6FA31",
      "shape": "oval",
      "center": [
        0.10311069621606328,
        -0.23828148788832265
      ],
      "amp": 0.06971421193714476,
      "phase": 6.121546234038644,
      "lobes": 3,
      "density": 21,
      "scale": 1.0882674676162787,
      "oval_a": 1.2378845335844466,
      "oval_b": 0.790291651198873
    }
  ]
}