{
  "product_id": "597957142695",
  "seed": 3089481248,
  "colors": [
    "#1EF1F2",
    "#DC4FDD",
    "#F6FA31"
  ],
  "shape_types": [
    "leaf",
    "oval",
    "arc"
  ],
  "size": 800,
  "per_shape": [
    {
      "index": 0,
      "color": "#1EF1F2",
      "shape": "leaf",
      "center": [
        -0.06586265733674351,
        -0.03218289028451604
      ],
      "amp": 0.28116306742422587,
      "phase": 1.124527410417969,
      "lobes": 2,
      "density": 25,
      "scale": 1.011498029467695,
      "leaf_type": "heart_polar_r=1-sin(theta+phase)"
    },
    {
      "index": 1,
      "color": "#DC4FDD",
      "shape": "oval",
      "center": [
        0.06522289920512386,
        -0.2523396115237794
      ],
      "amp": 0.29840173847959184,
      "phase": 0.5087180667787107,
      "lobes": 2,
      "density": 21,
      "scale": 1.0019674680605233,
      "oval_a": 1.2348691807697256,
      "oval_b": 0.8458922765402701
    },
    {
      "index": 2,
      "color": "#F6FA31",
      "shape": "arc",
      "center": [
        0.011393679120386024,
        -0.2579518044884768
      ],
      "amp": 0.1151677617708647,
      "phase": 2.845370641264729,
      "lobes": 4,
      "density": 29,
      "scale": 0.9000072888165074
    }
  ]
}