{
  "product_id": "597957139545",
  "seed": 1008960407,
  "colors": [
    "#1EF1F2",
    "#DC4FDD",
    "#F6FA31"
  ],
  "shape_types": [
    "leaf",
    "oval",
    "arc"
  ],
  "size": 800,
  "per_shape": [
    {
      "index": 0,
      "color": "#1EF1F2",
      "shape": "leaf",
      "center": [
        0.09701183564378307,
        -0.2631387920984076
      ],
      "amp": 0.07137559196609276,
      "phase": 1.8458992895656856,
      "lobes": 3,
      "density": 25,
      "scale": 1.1265048572685599,
      "leaf_type": "heart_polar_r=1-sin(theta+phase)"
    },
    {
      "index": 1,
      "color": "#DC4FDD",
      "shape": "oval",
      "center": [
        0.3977547830243592,
        -0.2736068257680093
      ],
      "amp": 0.27473411477815074,
      "phase": 0.5183005238775206,
      "lobes": 4,
      "density": 33,
      "scale": 0.9865846861747349,
      "oval_a": 1.281909912780803,
      "oval_b": 0.8386698668903964
    },
    {
      "index": 2,
      "color": "#F6FA31",
      "shape": "arc",
      "center": [
        0.10102598420311537,
        -0.15318845813814674
      ],
      "amp": 0.2504260540279321,
      "phase": 3.1222882190545302,
      "lobes": 4,
      "density": 18,
      "scale": 1.1774309323920833
    }
  ]
}