{
  "product_id": "597957143883",
  "seed": 1931078250,
  "colors": [
    "#1EF1F2",
    "#DC4FDD",
    "#F6FA31"
  ],
  "shape_types": [
    "arc",
    "leaf",
    "oval"
  ],
  "size": 800,
  "per_shape": [
    {
      "index": 0,
      "color": "#1EF1F2",
      "shape": "arc",
      "center": [
        0.25549214132492426,
        -0.09895020251854014
      ],
      "amp": 0.2122151037065882,
      "phase": 3.093443064662602,
      "lobes": 4,
      "density": 22,
      "scale": 0.8900560402897026
    },
    {
      "index": 1,
      "color": "#DC4FDD",
      "shape": "leaf",
      "center": [
        -0.29151877418045946,
        -0.3972989143415693
      ],
      "amp": 0.27894773069481626,
      "phase": 5.658180299639726,
      "lobes": 2,
      "density": 21,
      "scale": 1.1645290885867499,
      "leaf_type": "heart_polar_r=1-sin(theta+phase)"
    },
    {
      "index": 2,
      "color": "#F6FA31",
      "shape": "oval",
      "center": [
        -0.15134611862660652,
        -0.10176488874171952
      ],
      "amp": 0.050079708294060984,
      "phase": 2.196327459769758,
      "lobes": 3,
      "density": 18,
      "scale": 0.9434861738803271,
      "oval_a": 1.2400011471453802,
      "oval_b": 0.7897060921196082
    }
  ]
}