{
  "product_id": "597957142457",
  "seed": 532586397,
  "colors": [
    "#1EF1F2",
    "#DC4FDD",
    "#F6FA31"
  ],
  "shape_types": [
    "leaf",
    "loop",
    "oval"
  ],
  "size": 800,
  "per_shape": [
    {
      "index": 0,
      "color": "#1EF1F2",
      "shape": "leaf",
      "center": [
        -0.16814357774782343,
        0.10083514780920133
      ],
      "amp": 0.05110716239389439,
      "phase": 1.1410417784478333,
      "lobes": 3,
      "density": 22,
      "scale": 1.0674296577273996,
      "leaf_type": "heart_polar_r=1-sin(theta+phase)"
    },
    {
      "index": 1,
      "color": "#DC4FDD",
      "shape": "loop",
      "center": [
        0.2415416228498969,
        -0.14343837246900776
      ],
      "amp": 0.1681623804222338,
      "phase": 5.741495125014787,
      "lobes": 3,
      "density": 29,
      "scale": 0.8483201524979106,
      "loop_exponent": 2.5
    },
    {
      "index": 2,
      "color": "#F6FA31",
      "shape": "oval",
      "center": [
        -0.17203969027903634,
        0.28199397309648055
      ],
      "amp": 0.06079346786058963,
      "phase": 1.690392780220673,
      "lobes": 2,
      "density": 29,
      "scale": 1.1706371131788533,
      "oval_a": 1.1537326914869406,
      "oval_b": 0.8435480563127155
    }
  ]
}