{
  "product_id": "597957142569",
  "seed": 3949637102,
  "colors": [
    "#1EF1F2",
    "#DC4FDD",
    "#F6FA31"
  ],
  "shape_types": [
    "oval",
    "loop",
    "leaf"
  ],
  "size": 800,
  "per_shape": [
    {
      "index": 0,
      "color": "#1EF1F2",
      "shape": "oval",
      "center": [
        0.17363410020030123,
        -0.3357436686144708
      ],
      "amp": 0.09614219355624869,
      "phase": 0.2047075020216637,
      "lobes": 3,
      "density": 30,
      "scale": 1.1765134547352543,
      "oval_a": 1.1586872090163807,
      "oval_b": 0.7125267445338518
    },
    {
      "index": 1,
      "color": "#DC4FDD",
      "shape": "loop",
      "center": [
        -0.11142928869671931,
        0.0840235883975824
      ],
      "amp": 0.08034054078803406,
      "phase": 2.7261604806836113,
      "lobes": 3,
      "density": 30,
      "scale": 0.9139133932311939,
      "loop_exponent": 2.5
    },
    {
      "index": 2,
      "color": "#F6FA31",
      "shape": "leaf",
      "center": [
        0.21284703744301448,
        0.0063864796583421035
      ],
      "amp": 0.2420684699405316,
      "phase": 1.3302270592967187,
      "lobes": 4,
      "density": 26,
      "scale": 1.0464639900740298,
      "leaf_type": "heart_polar_r=1-sin(theta+phase)"
    }
  ]
}