{
  "product_id": "597957141797",
  "seed": 2155146420,
  "colors": [
    "#1EF1F2",
    "#DC4FDD",
    "#F6FA31"
  ],
  "shape_types": [
    "leaf",
    "arc",
    "oval"
  ],
  "size": 800,
  "per_shape": [
    {
      "index": 0,
      "color": "#1EF1F2",
      "shape": "leaf",
      "center": [
        -0.06047123622382439,
        -0.36934920765151746
      ],
      "amp": 0.09894818469758483,
      "phase": 5.213538803827311,
      "lobes": 2,
      "density": 23,
      "scale": 1.1438450466702448,
      "leaf_type": "heart_polar_r=1-sin(theta+phase)"
    },
    {
      "index": 1,
      "color": "#DC4FDD",
      "shape": "arc",
      "center": [
        -0.2886722256040637,
        0.08103067744985903
      ],
      "amp": 0.28907978554153924,
      "phase": 4.5795114827731584,
      "lobes": 2,
      "density": 35,
      "scale": 1.0558226436230962
    },
    {
      "index": 2,
      "color": "#F6FA31",
      "shape": "oval",
      "center": [
        -0.061597775988166625,
        -0.18848947455848652
      ],
      "amp": 0.2563155740954542,
      "phase": 0.1588156827931616,
      "lobes": 2,
      "density": 28,
      "scale": 0.8118122264494285,
      "oval_a": 1.1402771983307916,
      "oval_b": 0.8837460200900242
    }
  ]
}