{
  "product_id": "597957143067",
  "seed": 257495774,
  "colors": [
    "#1EF1F2",
    "#DC4FDD",
    "#F6FA31"
  ],
  "shape_types": [
    "oval",
    "arc",
    "loop"
  ],
  "size": 800,
  "per_shape": [
    {
      "index": 0,
      "color": "#1EF1F2",
      "shape": "oval",
      "center": [
        0.261028459868771,
        0.14071685151068625
      ],
      "amp": 0.2759052512949003,
      "phase": 0.2570044650009358,
      "lobes": 2,
      "density": 28,
      "scale": 0.8648234866673283,
      "oval_a": 1.1454972776593295,
      "oval_b": 0.7449437160610021
    },
    {
      "index": 1,
      "color": "#DC4FDD",
      "shape": "arc",
      "center": [
        0.14049566144106262,
        -0.21464186765658183
      ],
      "amp": 0.07186805454604096,
      "phase": 0.3285416562388599,
      "lobes": 2,
      "density": 28,
      "scale": 1.1910046541695074
    },
    {
      "index": 2,
      "color": "#F6FA31",
      "shape": "loop",
      "center": [
        0.020879983312781125,
        0.39286863649605885
      ],
      "amp": 0.17117159919245545,
      "phase": 4.923892096704878,
      "lobes": 2,
      "density": 26,
      "scale": 1.1683559318333294,
      "loop_exponent": 2.5
    }
  ]
}