{
  "product_id": "597957140607",
  "seed": 1512691883,
  "colors": [
    "#1EF1F2",
    "#DC4FDD",
    "#F6FA31"
  ],
  "shape_types": [
    "oval",
    "loop",
    "arc"
  ],
  "size": 800,
  "per_shape": [
    {
      "index": 0,
      "color": "#1EF1F2",
      "shape": "oval",
      "center": [
        -0.15482553390036857,
        -0.15154902654875813
      ],
      "amp": 0.17056508834605577,
      "phase": 3.426619453174728,
      "lobes": 3,
      "density": 27,
      "scale": 1.172012160183319,
      "oval_a": 1.2726366162127536,
      "oval_b": 0.8824314476311392
    },
    {
      "index": 1,
      "color": "#DC4FDD",
      "shape": "loop",
      "center": [
        -0.16968842269493792,
        0.3973204410505038
      ],
      "amp": 0.2771669590286722,
      "phase": 1.9479529749972524,
      "lobes": 3,
      "density": 24,
      "scale": 0.9641714302402924,
      "loop_exponent": 2.5
    },
    {
      "index": 2,
      "color": "#F6FA31",
      "shape": "arc",
      "center": [
        0.35725974397824245,
        -0.3199503301980875
      ],
      "amp": 0.07605750759549602,
      "phase": 4.2269221987944325,
      "lobes": 3,
      "density": 28,
      "scale": 0.9911302630282851
    }
  ]
}