{
  "product_id": "597957142441",
  "seed": 3844452147,
  "colors": [
    "#1EF1F2",
    "#DC4FDD",
    "#F6FA31"
  ],
  "shape_types": [
    "leaf",
    "oval",
    "loop"
  ],
  "size": 800,
  "per_shape": [
    {
      "index": 0,
      "color": "#1EF1F2",
      "shape": "leaf",
      "center": [
        -0.26739256282580515,
        -0.35478332888875336
      ],
      "amp": 0.11236613300714636,
      "phase": 5.509979423907777,
      "lobes": 3,
      "density": 20,
      "scale": 0.9638259196255543,
      "leaf_type": "heart_polar_r=1-sin(theta+phase)"
    },
    {
      "index": 1,
      "color": "#DC4FDD",
      "shape": "oval",
      "center": [
        -0.23011049865491087,
        0.11643119790999423
      ],
      "amp": 0.17634608296957055,
      "phase": 0.9232485628232706,
      "lobes": 3,
      "density": 20,
      "scale": 0.925395903326993,
      "oval_a": 1.2292451705465088,
      "oval_b": 0.8630785392844642
    },
    {
      "index": 2,
      "color": "#F6FA31",
      "shape": "loop",
      "center": [
        0.3622426094164721,
        -0.24212287233083574
      ],
      "amp": 0.2730020728818765,
      "phase": 3.6092282201520596,
      "lobes": 3,
      "density": 27,
      "scale": 1.1930558146101249,
      "loop_exponent": 2.5
    }
  ]
}