{
  "product_id": "597957144521",
  "seed": 3074937500,
  "colors": [
    "#1EF1F2",
    "#DC4FDD",
    "#F6FA31"
  ],
  "shape_types": [
    "leaf",
    "loop",
    "arc"
  ],
  "size": 800,
  "per_shape": [
    {
      "index": 0,
      "color": "#1EF1F2",
      "shape": "leaf",
      "center": [
        0.23767599024300823,
        -0.05711762257711095
      ],
      "amp": 0.08691802035692937,
      "phase": 0.3115491012206078,
      "lobes": 3,
      "density": 21,
      "scale": 0.9692173542084144,
      "leaf_type": "heart_polar_r=1-sin(theta+phase)"
    },
    {
      "index": 1,
      "color": "#DC4FDD",
      "shape": "loop",
      "center": [
        -0.0006704377951923801,
        0.2884846213388823
      ],
      "amp": 0.13520115416415418,
      "phase": 5.430149030832883,
      "lobes": 4,
      "density": 18,
      "scale": 1.0416732453843232,
      "loop_exponent": 2.5
    },
    {
      "index": 2,
      "color": "#F6FA31",
      "shape": "arc",
      "center": [
        -0.023165618539524424,
        -0.2287312410067365
      ],
      "amp": 0.24382498355919813,
      "phase": 4.483194981800847,
      "lobes": 3,
      "density": 27,
      "scale": 0.8119800288859773
    }
  ]
}