{
  "product_id": "597957140489",
  "seed": 2649381059,
  "colors": [
    "#1EF1F2",
    "#DC4FDD",
    "#F6FA31"
  ],
  "shape_types": [
    "loop",
    "leaf",
    "oval"
  ],
  "size": 800,
  "per_shape": [
    {
      "index": 0,
      "color": "#1EF1F2",
      "shape": "loop",
      "center": [
        0.06071545716744975,
        0.3318470143611987
      ],
      "amp": 0.2934952778213425,
      "phase": 2.4598134441410897,
      "lobes": 3,
      "density": 32,
      "scale": 0.9971627887350017,
      "loop_exponent": 2.5
    },
    {
      "index": 1,
      "color": "#DC4FDD",
      "shape": "leaf",
      "center": [
        0.032514348855794406,
        -0.04407892034356242
      ],
      "amp": 0.1187526349504003,
      "phase": 2.7184858381365995,
      "lobes": 4,
      "density": 21,
      "scale": 1.1011686990280352,
      "leaf_type": "heart_polar_r=1-sin(theta+phase)"
    },
    {
      "index": 2,
      "color": "#F6FA31",
      "shape": "oval",
      "center": [
        0.027394133787941755,
        -0.25412251974083083
      ],
      "amp": 0.13367391529359246,
      "phase": 3.4414212639103208,
      "lobes": 4,
      "density": 21,
      "scale": 0.8616557392288411,
      "oval_a": 1.2266186090498934,
      "oval_b": 0.839926250151932
    }
  ]
}