{
  "product_id": "597957146507",
  "seed": 12004522,
  "colors": [
    "#1EF1F2",
    "#DC4FDD",
    "#F6FA31"
  ],
  "shape_types": [
    "arc",
    "oval",
    "leaf"
  ],
  "size": 800,
  "per_shape": [
    {
      "index": 0,
      "color": "#1EF1F2",
      "shape": "arc",
      "center": [
        0.0984067303570802,
        0.38858892459699923
      ],
      "amp": 0.15220902576367007,
      "phase": 1.1826833351445092,
      "lobes": 4,
      "density": 32,
      "scale": 1.088134694122239
    },
    {
      "index": 1,
      "color": "#DC4FDD",
      "shape": "oval",
      "center": [
        0.03181385328015757,
        0.2773686810772745
      ],
      "amp": 0.15868689181911744,
      "phase": 3.254378231005121,
      "lobes": 3,
      "density": 20,
      "scale": 0.8624058269577447,
      "oval_a": 1.210828879258296,
      "oval_b": 0.8601814995417442
    },
    {
      "index": 2,
      "color": "#F6FA31",
      "shape": "leaf",
      "center": [
        0.14407676424340998,
        -0.20600674212811143
      ],
      "amp": 0.27131898268844074,
      "phase": 1.0911269829308239,
      "lobes": 2,
      "density": 28,
      "scale": 1.086388242752522,
      "leaf_type": "heart_polar_r=1-sin(theta+phase)"
    }
  ]
}