{
  "product_id": "597957145147",
  "seed": 394804833,
  "colors": [
    "#1EF1F2",
    "#DC4FDD",
    "#F6FA31"
  ],
  "shape_types": [
    "arc",
    "leaf",
    "oval"
  ],
  "size": 800,
  "per_shape": [
    {
      "index": 0,
      "color": "#1EF1F2",
      "shape": "arc",
      "center": [
        -0.09084415764875609,
        0.15958383658779807
      ],
      "amp": 0.17875497374863653,
      "phase": 3.224514791082211,
      "lobes": 4,
      "density": 24,
      "scale": 1.1755831115331765
    },
    {
      "index": 1,
      "color": "#DC4FDD",
      "shape": "leaf",
      "center": [
        0.3450432105700115,
        -0.28745215410940833
      ],
      "amp": 0.08138352160298136,
      "phase": 0.4825825980748102,
      "lobes": 4,
      "density": 30,
      "scale": 1.180475861111662,
      "leaf_type": "heart_polar_r=1-sin(theta+phase)"
    },
    {
      "index": 2,
      "color": "#F6FA31",
      "shape": "oval",
      "center": [
        0.39081743095556964,
        0.36863090720631475
      ],
      "amp": 0.053750086684003315,
      "phase": 1.2734976724662737,
      "lobes": 2,
      "density": 21,
      "scale": 0.9231380376866194,
      "oval_a": 1.1919355877337616,
      "oval_b": 0.800915335539329
    }
  ]
}