{
  "product_id": "597957140919",
  "seed": 3684535289,
  "colors": [
    "#1EF1F2",
    "#DC4FDD",
    "#F6FA31"
  ],
  "shape_types": [
    "loop",
    "arc",
    "oval"
  ],
  "size": 800,
  "per_shape": [
    {
      "index": 0,
      "color": "#1EF1F2",
      "shape": "loop",
      "center": [
        0.24488347038194824,
        -0.2171524387543042
      ],
      "amp": 0.1785766798400653,
      "phase": 3.977935285340704,
      "lobes": 2,
      "density": 31,
      "scale": 1.0542393524734068,
      "loop_exponent": 2.5
    },
    {
      "index": 1,
      "color": "#DC4FDD",
      "shape": "arc",
      "center": [
        0.18661506220065172,
        0.14389744325574272
      ],
      "amp": 0.058803120208643936,
      "phase": 1.7391614694396367,
      "lobes": 3,
      "density": 25,
      "scale": 0.97102044086598
    },
    {
      "index": 2,
      "color": "#F6FA31",
      "shape": "oval",
      "center": [
        -0.26549368100451776,
        -0.04921045822246739
      ],
      "amp": 0.20485393081825398,
      "phase": 5.783519003093194,
      "lobes": 2,
      "density": 32,
      "scale": 1.1501296200703583,
      "oval_a": 1.1940413115548878,
      "oval_b": 0.8454862718570031
    }
  ]
}