{
  "product_id": "597957141607",
  "seed": 2460533976,
  "colors": [
    "#1EF1F2",
    "#DC4FDD",
    "#F6FA31"
  ],
  "shape_types": [
    "loop",
    "oval",
    "leaf"
  ],
  "size": 800,
  "per_shape": [
    {
      "index": 0,
      "color": "#1EF1F2",
      "shape": "loop",
      "center": [
        0.07324285642677275,
        -0.13990973370227683
      ],
      "amp": 0.22875349525917138,
      "phase": 6.1968806949124,
      "lobes": 3,
      "density": 36,
      "scale": 1.0457159685067132,
      "loop_exponent": 2.5
    },
    {
      "index": 1,
      "color": "#DC4FDD",
      "shape": "oval",
      "center": [
        0.3642845227183784,
        -0.36997401924483975
      ],
      "amp": 0.05698360305630763,
      "phase": 4.197006347287741,
      "lobes": 4,
      "density": 24,
      "scale": 0.841912934169639,
      "oval_a": 1.2198383003958362,
      "oval_b": 0.8848566747918607
    },
    {
      "index": 2,
      "color": "#F6FA31",
      "shape": "leaf",
      "center": [
        0.16624718742678757,
        0.37302324761036876
      ],
      "amp": 0.17381156444707258,
      "phase": 3.218624073837654,
      "lobes": 2,
      "density": 29,
      "scale": 1.0917556880425021,
      "leaf_type": "heart_polar_r=1-sin(theta+phase)"
    }
  ]
}