{
  "product_id": "597957141627",
  "seed": 883020956,
  "colors": [
    "#1EF1F2",
    "#DC4FDD",
    "#F6FA31"
  ],
  "shape_types": [
    "loop",
    "leaf",
    "oval"
  ],
  "size": 800,
  "per_shape": [
    {
      "index": 0,
      "color": "#1EF1F2",
      "shape": "loop",
      "center": [
        0.12560813494277578,
        0.34545809891269186
      ],
      "amp": 0.2048303200230442,
      "phase": 4.523707525233898,
      "lobes": 4,
      "density": 34,
      "scale": 1.1317995758017836,
      "loop_exponent": 2.5
    },
    {
      "index": 1,
      "color": "#DC4FDD",
      "shape": "leaf",
      "center": [
        -0.26891545680554013,
        -0.028869125648805394
      ],
      "amp": 0.29741980710549837,
      "phase": 1.652319592399604,
      "lobes": 2,
      "density": 28,
      "scale": 1.1358028954203743,
      "leaf_type": "heart_polar_r=1-sin(theta+phase)"
    },
    {
      "index": 2,
      "color": "#F6FA31",
      "shape": "oval",
      "center": [
        -0.26922033698053954,
        0.08495009004820397
      ],
      "amp": 0.1598757050576189,
      "phase": 5.079922982851154,
      "lobes": 3,
      "density": 21,
      "scale": 0.9479126667292239,
      "oval_a": 1.155517915593859,
      "oval_b": 0.7744005256934569
    }
  ]
}