{
  "product_id": "597957147439",
  "seed": 3552136803,
  "colors": [
    "#1EF1F2",
    "#DC4FDD",
    "#F6FA31"
  ],
  "shape_types": [
    "arc",
    "oval",
    "loop"
  ],
  "size": 800,
  "per_shape": [
    {
      "index": 0,
      "color": "#1EF1F2",
      "shape": "arc",
      "center": [
        -0.14643555570741817,
        0.3722567831949939
      ],
      "amp": 0.2028815292337236,
      "phase": 1.8952980619914963,
      "lobes": 2,
      "density": 35,
      "scale": 1.1203255780004298
    },
    {
      "index": 1,
      "color": "#DC4FDD",
      "shape": "oval",
      "center": [
        -0.15042321531630193,
        -0.08447420336058975
      ],
      "amp": 0.23365815728943606,
      "phase": 4.519306743052428,
      "lobes": 4,
      "density": 31,
      "scale": 0.9931061149052833,
      "oval_a": 1.2675605940159613,
      "oval_b": 0.8812714479295976
    },
    {
      "index": 2,
      "color": "#F6FA31",
      "shape": "loop",
      "center": [
        -0.3487523833403713,
        -0.3475318471943191
      ],
      "amp": 0.07622590465054017,
      "phase": 6.129643542430228,
      "lobes": 4,
      "density": 26,
      "scale": 0.9960597239733531,
      "loop_exponent": 2.5
    }
  ]
}