{
  "product_id": "597957142355",
  "seed": 2182050352,
  "colors": [
    "#1EF1F2",
    "#DC4FDD",
    "#F6FA31"
  ],
  "shape_types": [
    "loop",
    "leaf",
    "arc"
  ],
  "size": 800,
  "per_shape": [
    {
      "index": 0,
      "color": "#1EF1F2",
      "shape": "loop",
      "center": [
        0.3590843011569015,
        -0.28058813463977944
      ],
      "amp": 0.12362028219859812,
      "phase": 4.330672465219,
      "lobes": 3,
      "density": 21,
      "scale": 0.8716799178864449,
      "loop_exponent": 2.5
    },
    {
      "index": 1,
      "color": "#DC4FDD",
      "shape": "leaf",
      "center": [
        0.043026122906919206,
        0.26067142930110954
      ],
      "amp": 0.0841201784684741,
      "phase": 2.8705092586957535,
      "lobes": 2,
      "density": 31,
      "scale": 0.8673557787979292,
      "leaf_type": "heart_polar_r=1-sin(theta+phase)"
    },
    {
      "index": 2,
      "color": "#F6FA31",
      "shape": "arc",
      "center": [
        -0.16857724200224125,
        -0.02195787510934366
      ],
      "amp": 0.2002551709961758,
      "phase": 6.059963757412049,
      "lobes": 4,
      "density": 32,
      "scale": 1.0875323330484197
    }
  ]
}