{
  "product_id": "597957139861",
  "seed": 3044557592,
  "colors": [
    "#1EF1F2",
    "#DC4FDD",
    "#F6FA31"
  ],
  "shape_types": [
    "oval",
    "arc",
    "loop"
  ],
  "size": 800,
  "per_shape": [
    {
      "index": 0,
      "color": "#1EF1F2",
      "shape": "oval",
      "center": [
        -0.20223734086616396,
        -0.10853521010887074
      ],
      "amp": 0.08540010970362592,
      "phase": 2.532760437278444,
      "lobes": 3,
      "density": 29,
      "scale": 0.8130036911644635,
      "oval_a": 1.291540428079024,
      "oval_b": 0.7262943146423435
    },
    {
      "index": 1,
      "color": "#DC4FDD",
      "shape": "arc",
      "center": [
        -0.0408103144195639,
        0.049647861600110865
      ],
      "amp": 0.23184445482839722,
      "phase": 2.7696994068716614,
      "lobes": 4,
      "density": 30,
      "scale": 1.0372800304565637
    },
    {
      "index": 2,
      "color": "#F6FA31",
      "shape": "loop",
      "center": [
        0.034770039194995994,
        -0.19093456877553516
      ],
      "amp": 0.1478349055650704,
      "phase": 3.7264864227655248,
      "lobes": 2,
      "density": 20,
      "scale": 0.8190168975968404,
      "loop_exponent": 2.5
    }
  ]
}