{
  "product_id": "597957146793",
  "seed": 1302766995,
  "colors": [
    "#1EF1F2",
    "#DC4FDD",
    "#F6FA31"
  ],
  "shape_types": [
    "leaf",
    "oval",
    "loop"
  ],
  "size": 800,
  "per_shape": [
    {
      "index": 0,
      "color": "#1EF1F2",
      "shape": "leaf",
      "center": [
        -0.34561867859402223,
        0.20686164638497773
      ],
      "amp": 0.09556824664491294,
      "phase": 0.5917196580840154,
      "lobes": 3,
      "density": 24,
      "scale": 0.9304679886059921,
      "leaf_type": "heart_polar_r=1-sin(theta+phase)"
    },
    {
      "index": 1,
      "color": "#DC4FDD",
      "shape": "oval",
      "center": [
        -0.14775563467251313,
        -0.38211584737365123
      ],
      "amp": 0.20044078525944425,
      "phase": 5.8314162041302495,
      "lobes": 4,
      "density": 21,
      "scale": 1.0364385264671099,
      "oval_a": 1.2252850029730424,
      "oval_b": 0.870024514777578
    },
    {
      "index": 2,
      "color": "#F6FA31",
      "shape": "loop",
      "center": [
        -0.01960430720096412,
        0.19153002235311667
      ],
      "amp": 0.1017837021935548,
      "phase": 1.7871955102530768,
      "lobes": 3,
      "density": 36,
      "scale": 0.9250525718088994,
      "loop_exponent": 2.5
    }
  ]
}