{
  "product_id": "597957140981",
  "seed": 3064925515,
  "colors": [
    "#1EF1F2",
    "#DC4FDD",
    "#F6FA31"
  ],
  "shape_types": [
    "oval",
    "leaf",
    "arc"
  ],
  "size": 800,
  "per_shape": [
    {
      "index": 0,
      "color": "#1EF1F2",
      "shape": "oval",
      "center": [
        -0.35626217622213807,
        0.17405636515882394
      ],
      "amp": 0.10466165179569932,
      "phase": 1.4221913807431634,
      "lobes": 2,
      "density": 34,
      "scale": 0.8723949980195086,
      "oval_a": 1.1929217742445946,
      "oval_b": 0.7850044192746417
    },
    {
      "index": 1,
      "color": "#DC4FDD",
      "shape": "leaf",
      "center": [
        0.26170432725654014,
        0.273712967154771
      ],
      "amp": 0.12606448853869384,
      "phase": 3.589784720641054,
      "lobes": 2,
      "density": 34,
      "scale": 0.9226605215957298,
      "leaf_type": "heart_polar_r=1-sin(theta+phase)"
    },
    {
      "index": 2,
      "color": "#F6FA31",
      "shape": "arc",
      "center": [
        0.20992116191715526,
        0.22237259161299938
      ],
      "amp": 0.239778789545657,
      "phase": 5.684572473980826,
      "lobes": 3,
      "density": 33,
      "scale": 1.0978049408161954
    }
  ]
}