{
  "product_id": "597957140221",
  "seed": 1203719254,
  "colors": [
    "#1EF1F2",
    "#DC4FDD",
    "#F6FA31"
  ],
  "shape_types": [
    "loop",
    "leaf",
    "oval"
  ],
  "size": 800,
  "per_shape": [
    {
      "index": 0,
      "color": "#1EF1F2",
      "shape": "loop",
      "center": [
        -0.29350862967031754,
        0.10599125906135276
      ],
      "amp": 0.2878231199642743,
      "phase": 5.044029403549971,
      "lobes": 3,
      "density": 30,
      "scale": 0.8650706081909871,
      "loop_exponent": 2.5
    },
    {
      "index": 1,
      "color": "#DC4FDD",
      "shape": "leaf",
      "center": [
        0.3350788402967718,
        -0.2477845968408519
      ],
      "amp": 0.15945666396490926,
      "phase": 1.8540198498473124,
      "lobes": 3,
      "density": 32,
      "scale": 1.1914793138186845,
      "leaf_type": "heart_polar_r=1-sin(theta+phase)"
    },
    {
      "index": 2,
      "color": "#F6FA31",
      "shape": "oval",
      "center": [
        0.35026455828978753,
        -0.04969548839975174
      ],
      "amp": 0.1375196915328492,
      "phase": 1.4507081853947466,
      "lobes": 3,
      "density": 32,
      "scale": 1.002357120272455,
      "oval_a": 1.2750297472119367,
      "oval_b": 0.8297600276091961
    }
  ]
}