{
  "product_id": "597957147419",
  "seed": 2210958281,
  "colors": [
    "#1EF1F2",
    "#DC4FDD",
    "#F6FA31"
  ],
  "shape_types": [
    "loop",
    "arc",
    "oval"
  ],
  "size": 800,
  "per_shape": [
    {
      "index": 0,
      "color": "#1EF1F2",
      "shape": "loop",
      "center": [
        0.02668231174871777,
        0.18393261301098351
      ],
      "amp": 0.06557319956517162,
      "phase": 0.4780753212816645,
      "lobes": 4,
      "density": 29,
      "scale": 1.0139998146264932,
      "loop_exponent": 2.5
    },
    {
      "index": 1,
      "color": "#DC4FDD",
      "shape": "arc",
      "center": [
        -0.040690376604957834,
        -0.05552404626733576
      ],
      "amp": 0.10602797106499569,
      "phase": 3.2518876339334577,
      "lobes": 3,
      "density": 30,
      "scale": 1.1933273046144852
    },
    {
      "index": 2,
      "color": "#F6FA31",
      "shape": "oval",
      "center": [
        0.22634785412992886,
        0.10563637281217075
      ],
      "amp": 0.22554304111359652,
      "phase": 2.9396361851164694,
      "lobes": 4,
      "density": 36,
      "scale": 1.0189868878257407,
      "oval_a": 1.13612494836707,
      "oval_b": 0.764649686095473
    }
  ]
}