{
  "product_id": "597957138749",
  "seed": 3128210023,
  "colors": [
    "#1EF1F2",
    "#DC4FDD",
    "#F6FA31"
  ],
  "shape_types": [
    "arc",
    "oval",
    "leaf"
  ],
  "size": 800,
  "per_shape": [
    {
      "index": 0,
      "color": "#1EF1F2",
      "shape": "arc",
      "center": [
        0.2258809879924526,
        -0.08547495686361561
      ],
      "amp": 0.1496152637323787,
      "phase": 1.2819892325096687,
      "lobes": 2,
      "density": 30,
      "scale": 0.8007125030523474
    },
    {
      "index": 1,
      "color": "#DC4FDD",
      "shape": "oval",
      "center": [
        -0.18629358404762383,
        0.19158168385246188
      ],
      "amp": 0.10459741332850168,
      "phase": 2.6898079725382344,
      "lobes": 2,
      "density": 30,
      "scale": 1.199749027460317,
      "oval_a": 1.2723628186019598,
      "oval_b": 0.8036398230764831
    },
    {
      "index": 2,
      "color": "#F6FA31",
      "shape": "leaf",
      "center": [
        -0.3154356084875242,
        0.1166456295418169
      ],
      "amp": 0.10561434447898498,
      "phase": 3.0653127754437026,
      "lobes": 2,
      "density": 31,
      "scale": 0.8193029278021051,
      "leaf_type": "heart_polar_r=1-sin(theta+phase)"
    }
  ]
}