{
  "product_id": "597957142293",
  "seed": 3898170655,
  "colors": [
    "#1EF1F2",
    "#DC4FDD",
    "#F6FA31"
  ],
  "shape_types": [
    "arc",
    "loop",
    "oval"
  ],
  "size": 800,
  "per_shape": [
    {
      "index": 0,
      "color": "#1EF1F2",
      "shape": "arc",
      "center": [
        0.15446568868928723,
        0.11372618943677693
      ],
      "amp": 0.08909937476526499,
      "phase": 4.52440456383479,
      "lobes": 4,
      "density": 18,
      "scale": 0.9724465809936061
    },
    {
      "index": 1,
      "color": "#DC4FDD",
      "shape": "loop",
      "center": [
        0.19619617679587342,
        0.14521705433752585
      ],
      "amp": 0.15518616394117624,
      "phase": 0.2507470048221672,
      "lobes": 2,
      "density": 18,
      "scale": 0.8312311983359199,
      "loop_exponent": 2.5
    },
    {
      "index": 2,
      "color": "#F6FA31",
      "shape": "oval",
      "center": [
        -0.13892921615948062,
        0.12076063410500293
      ],
      "amp": 0.1619483175355207,
      "phase": 2.8275682784143608,
      "lobes": 4,
      "density": 20,
      "scale": 0.9782290665609739,
      "oval_a": 1.2373883195579691,
      "oval_b": 0.8230200704172139
    }
  ]
}