{
  "product_id": "597957147879",
  "seed": 4110641851,
  "colors": [
    "#1EF1F2",
    "#DC4FDD",
    "#F6FA31"
  ],
  "shape_types": [
    "leaf",
    "loop",
    "oval"
  ],
  "size": 800,
  "per_shape": [
    {
      "index": 0,
      "color": "#1EF1F2",
      "shape": "leaf",
      "center": [
        -0.005815943032795534,
        -0.17224647203211615
      ],
      "amp": 0.1755549960885352,
      "phase": 2.0162353885232123,
      "lobes": 4,
      "density": 19,
      "scale": 0.9790621791390143,
      "leaf_type": "heart_polar_r=1-sin(theta+phase)"
    },
    {
      "index": 1,
      "color": "#DC4FDD",
      "shape": "loop",
      "center": [
        -0.2169216844055636,
        0.10046220173957754
      ],
      "amp": 0.14452530101856037,
      "phase": 4.769675244254473,
      "lobes": 3,
      "density": 22,
      "scale": 0.9067751364341726,
      "loop_exponent": 2.5
    },
    {
      "index": 2,
      "color": "#F6FA31",
      "shape": "oval",
      "center": [
        0.2042802662616754,
        0.1345327982922263
      ],
      "amp": 0.08673741750683746,
      "phase": 2.9239905312058316,
      "lobes": 3,
      "density": 23,
      "scale": 1.1898428350864525,
      "oval_a": 1.127561976536558,
      "oval_b": 0.8477188249673948
    }
  ]
}