{
  "product_id": "597957147205",
  "seed": 4112218573,
  "colors": [
    "#1EF1F2",
    "#DC4FDD",
    "#F6FA31"
  ],
  "shape_types": [
    "leaf",
    "arc",
    "oval"
  ],
  "size": 800,
  "per_shape": [
    {
      "index": 0,
      "color": "#1EF1F2",
      "shape": "leaf",
      "center": [
        0.35171438480518447,
        0.08440092742090116
      ],
      "amp": 0.24831492358262997,
      "phase": 0.671869667861297,
      "lobes": 3,
      "density": 25,
      "scale": 1.1795334144840866,
      "leaf_type": "heart_polar_r=1-sin(theta+phase)"
    },
    {
      "index": 1,
      "color": "#DC4FDD",
      "shape": "arc",
      "center": [
        0.2681110033641786,
        -0.04500108119344304
      ],
      "amp": 0.22292378514170824,
      "phase": 5.238566978852792,
      "lobes": 3,
      "density": 18,
      "scale": 0.8137192989048418
    },
    {
      "index": 2,
      "color": "#F6FA31",
      "shape": "oval",
      "center": [
        0.1885018352298642,
        0.3869516449306727
      ],
      "amp": 0.09821506476936907,
      "phase": 2.6109510949638106,
      "lobes": 3,
      "density": 23,
      "scale": 1.1774465084259353,
      "oval_a": 1.1105990071961245,
      "oval_b": 0.7913807574694871
    }
  ]
}