{
  "product_id": "597957148345",
  "seed": 956345631,
  "colors": [
    "#1EF1F2",
    "#DC4FDD",
    "#F6FA31"
  ],
  "shape_types": [
    "leaf",
    "arc",
    "oval"
  ],
  "size": 800,
  "per_shape": [
    {
      "index": 0,
      "color": "#1EF1F2",
      "shape": "leaf",
      "center": [
        0.3882586781038907,
        0.16689045564509475
      ],
      "amp": 0.1555589364654188,
      "phase": 3.5827710108348745,
      "lobes": 3,
      "density": 33,
      "scale": 0.8738346807170213,
      "leaf_type": "heart_polar_r=1-sin(theta+phase)"
    },
    {
      "index": 1,
      "color": "#DC4FDD",
      "shape": "arc",
      "center": [
        0.37611825702695667,
        -0.36441722292892664
      ],
      "amp": 0.25716990958277725,
      "phase": 5.295986231526251,
      "lobes": 2,
      "density": 32,
      "scale": 0.9216443301825092
    },
    {
      "index": 2,
      "color": "#F6FA31",
      "shape": "oval",
      "center": [
        0.31851537712987976,
        0.17057287285043343
      ],
      "amp": 0.07057973666244664,
      "phase": 6.101479504712361,
      "lobes": 3,
      "density": 33,
      "scale": 0.9801322813196136,
      "oval_a": 1.2852263808613096,
      "oval_b": 0.7709209754298029
    }
  ]
}