{
  "product_id": "597957140431",
  "seed": 4013230447,
  "colors": [
    "#1EF1F2",
    "#DC4FDD",
    "#F6FA31"
  ],
  "shape_types": [
    "arc",
    "loop",
    "oval"
  ],
  "size": 800,
  "per_shape": [
    {
      "index": 0,
      "color": "#1EF1F2",
      "shape": "arc",
      "center": [
        0.2385019514245571,
        -0.0712362816810635
      ],
      "amp": 0.1059231643251425,
      "phase": 2.6271354894029595,
      "lobes": 3,
      "density": 18,
      "scale": 1.0172756113547468
    },
    {
      "index": 1,
      "color": "#DC4FDD",
      "shape": "loop",
      "center": [
        0.036880887979346966,
        -0.2376977162597144
      ],
      "amp": 0.28522948622782046,
      "phase": 0.34010551442856835,
      "lobes": 2,
      "density": 30,
      "scale": 1.0888201566930003,
      "loop_exponent": 2.5
    },
    {
      "index": 2,
      "color": "#F6FA31",
      "shape": "oval",
      "center": [
        -0.11969769366574534,
        -0.2792113922528973
      ],
      "amp": 0.07363201263390441,
      "phase": 4.279820720010486,
      "lobes": 3,
      "density": 24,
      "scale": 0.8675014917811859,
      "oval_a": 1.2044144388968543,
      "oval_b": 0.7243330856685137
    }
  ]
}