{
  "product_id": "597957144491",
  "seed": 2724789644,
  "colors": [
    "#1EF1F2",
    "#DC4FDD",
    "#F6FA31"
  ],
  "shape_types": [
    "leaf",
    "arc",
    "loop"
  ],
  "size": 800,
  "per_shape": [
    {
      "index": 0,
      "color": "#1EF1F2",
      "shape": "leaf",
      "center": [
        -0.07072154493556837,
        0.3576806183869995
      ],
      "amp": 0.13992938954227263,
      "phase": 0.08544571529710106,
      "lobes": 3,
      "density": 31,
      "scale": 1.0271269578052022,
      "leaf_type": "heart_polar_r=1-sin(theta+phase)"
    },
    {
      "index": 1,
      "color": "#DC4FDD",
      "shape": "arc",
      "center": [
        -0.10022910504443477,
        0.37876997348715913
      ],
      "amp": 0.16617567648707393,
      "phase": 6.070176019936626,
      "lobes": 3,
      "density": 28,
      "scale": 1.0937217817076221
    },
    {
      "index": 2,
      "color": "#F6FA31",
      "shape": "loop",
      "center": [
        -0.08398952719972519,
        -0.025388993095322998
      ],
      "amp": 0.2744603925354765,
      "phase": 2.2435150605770957,
      "lobes": 4,
      "density": 21,
      "scale": 0.9124701514082191,
      "loop_exponent": 2.5
    }
  ]
}