{
  "product_id": "597957143909",
  "seed": 3350820314,
  "colors": [
    "#1EF1F2",
    "#DC4FDD",
    "#F6FA31"
  ],
  "shape_types": [
    "arc",
    "loop",
    "leaf"
  ],
  "size": 800,
  "per_shape": [
    {
      "index": 0,
      "color": "#1EF1F2",
      "shape": "arc",
      "center": [
        -0.34079997523111216,
        -0.29674501832730704
      ],
      "amp": 0.09897738551327438,
      "phase": 6.248427490595155,
      "lobes": 4,
      "density": 22,
      "scale": 1.1761582758577016
    },
    {
      "index": 1,
      "color": "#DC4FDD",
      "shape": "loop",
      "center": [
        0.0792962081674391,
        -0.2888122328669027
      ],
      "amp": 0.23470456437424536,
      "phase": 2.9534092892208275,
      "lobes": 3,
      "density": 30,
      "scale": 0.8851515179926374,
      "loop_exponent": 2.5
    },
    {
      "index": 2,
      "color": "#F6FA31",
      "shape": "leaf",
      "center": [
        -0.018718183928766063,
        -0.2741405993920243
      ],
      "amp": 0.07285667046569307,
      "phase": 1.1957271751953102,
      "lobes": 2,
      "density": 23,
      "scale": 0.8519194859530457,
      "leaf_type": "heart_polar_r=1-sin(theta+phase)"
    }
  ]
}