{
  "product_id": "597957144409",
  "seed": 2961918368,
  "colors": [
    "#1EF1F2",
    "#DC4FDD",
    "#F6FA31"
  ],
  "shape_types": [
    "arc",
    "leaf",
    "oval"
  ],
  "size": 800,
  "per_shape": [
    {
      "index": 0,
      "color": "#1EF1F2",
      "shape": "arc",
      "center": [
        -0.02789903228421242,
        -0.06513250906719037
      ],
      "amp": 0.22760301999253985,
      "phase": 4.904099053524739,
      "lobes": 2,
      "density": 21,
      "scale": 0.883419879142103
    },
    {
      "index": 1,
      "color": "#DC4FDD",
      "shape": "leaf",
      "center": [
        -0.22191395020973037,
        -0.22520973777026906
      ],
      "amp": 0.07783381094841367,
      "phase": 4.486975948198532,
      "lobes": 3,
      "density": 25,
      "scale": 0.9683894612435602,
      "leaf_type": "heart_polar_r=1-sin(theta+phase)"
    },
    {
      "index": 2,
      "color": "#F6FA31",
      "shape": "oval",
      "center": [
        0.37018976703546336,
        -0.3515875555105498
      ],
      "amp": 0.2476595081271138,
      "phase": 0.16770351240118775,
      "lobes": 4,
      "density": 29,
      "scale": 0.9227727806388822,
      "oval_a": 1.2587025613704554,
      "oval_b": 0.7520427856909496
    }
  ]
}