{
  "product_id": "597957147815",
  "seed": 4285828485,
  "colors": [
    "#1EF1F2",
    "#DC4FDD",
    "#F6FA31"
  ],
  "shape_types": [
    "arc",
    "loop",
    "oval"
  ],
  "size": 800,
  "per_shape": [
    {
      "index": 0,
      "color": "#1EF1F2",
      "shape": "arc",
      "center": [
        0.34404374235218005,
        -0.03889823736918829
      ],
      "amp": 0.1260048072413057,
      "phase": 5.520075639711753,
      "lobes": 2,
      "density": 33,
      "scale": 0.9570163050512719
    },
    {
      "index": 1,
      "color": "#DC4FDD",
      "shape": "loop",
      "center": [
        -0.04539282202811534,
        0.30497244898254094
      ],
      "amp": 0.2703608095341312,
      "phase": 1.2222993653623504,
      "lobes": 3,
      "density": 35,
      "scale": 1.0652970177609793,
      "loop_exponent": 2.5
    },
    {
      "index": 2,
      "color": "#F6FA31",
      "shape": "oval",
      "center": [
        0.031176009744741662,
        -0.031563643105799344
      ],
      "amp": 0.16530126112579657,
      "phase": 4.280740305306583,
      "lobes": 3,
      "density": 28,
      "scale": 1.0694445659222436,
      "oval_a": 1.1296995697269263,
      "oval_b": 0.7420006666475937
    }
  ]
}