{
  "product_id": "597957139569",
  "seed": 2564588590,
  "colors": [
    "#1EF1F2",
    "#DC4FDD",
    "#F6FA31"
  ],
  "shape_types": [
    "arc",
    "loop",
    "leaf"
  ],
  "size": 800,
  "per_shape": [
    {
      "index": 0,
      "color": "#1EF1F2",
      "shape": "arc",
      "center": [
        -0.10459016870005078,
        0.32605792524276456
      ],
      "amp": 0.2426202958873227,
      "phase": 5.978862165069667,
      "lobes": 3,
      "density": 30,
      "scale": 0.8363607491160341
    },
    {
      "index": 1,
      "color": "#DC4FDD",
      "shape": "loop",
      "center": [
        -0.19732543032795669,
        0.12077310671538521
      ],
      "amp": 0.21365522605423132,
      "phase": 5.76070931320007,
      "lobes": 3,
      "density": 21,
      "scale": 0.8346735262049794,
      "loop_exponent": 2.5
    },
    {
      "index": 2,
      "color": "#F6FA31",
      "shape": "leaf",
      "center": [
        0.14073049084768408,
        0.12497444899196908
      ],
      "amp": 0.05386502856842652,
      "phase": 5.203691669231895,
      "lobes": 3,
      "density": 23,
      "scale": 0.9918324060739023,
      "leaf_type": "heart_polar_r=1-sin(theta+phase)"
    }
  ]
}