{
  "product_id": "597957144327",
  "seed": 3636238540,
  "colors": [
    "#1EF1F2",
    "#DC4FDD",
    "#F6FA31"
  ],
  "shape_types": [
    "leaf",
    "oval",
    "loop"
  ],
  "size": 800,
  "per_shape": [
    {
      "index": 0,
      "color": "#1EF1F2",
      "shape": "leaf",
      "center": [
        0.31207508916479454,
        -0.07810107649592435
      ],
      "amp": 0.09960420164669832,
      "phase": 0.5155285563492591,
      "lobes": 4,
      "density": 33,
      "scale": 1.0007876884508096,
      "leaf_type": "heart_polar_r=1-sin(theta+phase)"
    },
    {
      "index": 1,
      "color": "#DC4FDD",
      "shape": "oval",
      "center": [
        0.09579634551995991,
        0.1820218080159336
      ],
      "amp": 0.14703662173927123,
      "phase": 3.178569746194815,
      "lobes": 3,
      "density": 24,
      "scale": 0.8211367658325559,
      "oval_a": 1.1722856320932786,
      "oval_b": 0.8120014555653392
    },
    {
      "index": 2,
      "color": "#F6FA31",
      "shape": "loop",
      "center": [
        0.1464558481706144,
        0.14126217453731127
      ],
      "amp": 0.1601725358746054,
      "phase": 5.824395513945648,
      "lobes": 4,
      "density": 31,
      "scale": 0.8956086931099957,
      "loop_exponent": 2.5
    }
  ]
}