{
  "product_id": "597957145957",
  "seed": 2880377303,
  "colors": [
    "#1EF1F2",
    "#DC4FDD",
    "#F6FA31"
  ],
  "shape_types": [
    "loop",
    "oval",
    "leaf"
  ],
  "size": 800,
  "per_shape": [
    {
      "index": 0,
      "color": "#1EF1F2",
      "shape": "loop",
      "center": [
        -0.200832065215047,
        0.1481273844824329
      ],
      "amp": 0.295974834993538,
      "phase": 5.719525967202192,
      "lobes": 2,
      "density": 24,
      "scale": 0.9099873628637831,
      "loop_exponent": 2.5
    },
    {
      "index": 1,
      "color": "#DC4FDD",
      "shape": "oval",
      "center": [
        -0.30185366356838517,
        -0.2626179942120473
      ],
      "amp": 0.28516733990424137,
      "phase": 1.738568935355787,
      "lobes": 4,
      "density": 26,
      "scale": 0.9789768399066078,
      "oval_a": 1.1729872293144197,
      "oval_b": 0.7697446841248985
    },
    {
      "index": 2,
      "color": "#F6FA31",
      "shape": "leaf",
      "center": [
        0.30823834933779026,
        -0.1260502527166648
      ],
      "amp": 0.15222380601587898,
      "phase": 2.518293681642798,
      "lobes": 3,
      "density": 23,
      "scale": 0.8277458427046016,
      "leaf_type": "heart_polar_r=1-sin(theta+phase)"
    }
  ]
}