{
  "product_id": "597957140827",
  "seed": 1716450733,
  "colors": [
    "#1EF1F2",
    "#DC4FDD",
    "#F6FA31"
  ],
  "shape_types": [
    "arc",
    "loop",
    "oval"
  ],
  "size": 800,
  "per_shape": [
    {
      "index": 0,
      "color": "#1EF1F2",
      "shape": "arc",
      "center": [
        0.08143722236295714,
        0.34947586802592934
      ],
      "amp": 0.10742631462766565,
      "phase": 5.079656034144854,
      "lobes": 3,
      "density": 26,
      "scale": 1.0929381431698963
    },
    {
      "index": 1,
      "color": "#DC4FDD",
      "shape": "loop",
      "center": [
        -0.03212413040273027,
        0.23400646982648132
      ],
      "amp": 0.24395763290094946,
      "phase": 4.4949270132284145,
      "lobes": 4,
      "density": 28,
      "scale": 1.0934671617547842,
      "loop_exponent": 2.5
    },
    {
      "index": 2,
      "color": "#F6FA31",
      "shape": "oval",
      "center": [
        -0.16642386100744863,
        0.01600717239955929
      ],
      "amp": 0.13505478920918146,
      "phase": 2.7353127151256524,
      "lobes": 3,
      "density": 33,
      "scale": 0.8006246718652704,
      "oval_a": 1.2383592323306791,
      "oval_b": 0.717257449838538
    }
  ]
}