{
  "product_id": "597957140169",
  "seed": 1873991596,
  "colors": [
    "#1EF1F2",
    "#DC4FDD",
    "#F6FA31"
  ],
  "shape_types": [
    "leaf",
    "oval",
    "arc"
  ],
  "size": 800,
  "per_shape": [
    {
      "index": 0,
      "color": "#1EF1F2",
      "shape": "leaf",
      "center": [
        0.005285607877044907,
        -0.10283830430937951
      ],
      "amp": 0.12244161301763955,
      "phase": 1.2053594851317129,
      "lobes": 2,
      "density": 22,
      "scale": 1.1506700571632549,
      "leaf_type": "heart_polar_r=1-sin(theta+phase)"
    },
    {
      "index": 1,
      "color": "#DC4FDD",
      "shape": "oval",
      "center": [
        0.10362672324162214,
        -0.1649124544130979
      ],
      "amp": 0.2879356073419998,
      "phase": 5.014631563689085,
      "lobes": 4,
      "density": 29,
      "scale": 1.0505860460873702,
      "oval_a": 1.1056035093526284,
      "oval_b": 0.7083731997053438
    },
    {
      "index": 2,
      "color": "#F6FA31",
      "shape": "arc",
      "center": [
        0.16688733573540282,
        -0.20082371305657612
      ],
      "amp": 0.15658937054403516,
      "phase": 6.265215820815423,
      "lobes": 4,
      "density": 23,
      "scale": 0.9063068693485332
    }
  ]
}