{
  "product_id": "597957143505",
  "seed": 218428740,
  "colors": [
    "#1EF1F2",
    "#DC4FDD",
    "#F6FA31"
  ],
  "shape_types": [
    "oval",
    "loop",
    "arc"
  ],
  "size": 800,
  "per_shape": [
    {
      "index": 0,
      "color": "#1EF1F2",
      "shape": "oval",
      "center": [
        0.3949180164185955,
        0.13640639688884937
      ],
      "amp": 0.1775356368394304,
      "phase": 3.611862171048921,
      "lobes": 2,
      "density": 35,
      "scale": 1.1515352258398572,
      "oval_a": 1.2391134045035759,
      "oval_b": 0.7932424697005673
    },
    {
      "index": 1,
      "color": "#DC4FDD",
      "shape": "loop",
      "center": [
        0.3149837219022581,
        -0.03641403121956294
      ],
      "amp": 0.2056916104418373,
      "phase": 5.792735562170223,
      "lobes": 3,
      "density": 33,
      "scale": 1.000801167077742,
      "loop_exponent": 2.5
    },
    {
      "index": 2,
      "color": "#F6FA31",
      "shape": "arc",
      "center": [
        -0.24748200396524933,
        -0.1159104574874033
      ],
      "amp": 0.2519000561602514,
      "phase": 1.0580677022594875,
      "lobes": 4,
      "density": 28,
      "scale": 0.9755358256738755
    }
  ]
}