{
  "product_id": "597957140329",
  "seed": 3181541247,
  "colors": [
    "#1EF1F2",
    "#DC4FDD",
    "#F6FA31"
  ],
  "shape_types": [
    "arc",
    "loop",
    "oval"
  ],
  "size": 800,
  "per_shape": [
    {
      "index": 0,
      "color": "#1EF1F2",
      "shape": "arc",
      "center": [
        0.2071166569249594,
        -0.1838860094763396
      ],
      "amp": 0.22696049230167736,
      "phase": 0.03569407492023262,
      "lobes": 3,
      "density": 35,
      "scale": 0.8534461189808354
    },
    {
      "index": 1,
      "color": "#DC4FDD",
      "shape": "loop",
      "center": [
        -0.2037920284553998,
        -0.31826342176462136
      ],
      "amp": 0.06835455259280258,
      "phase": 0.045665152588639915,
      "lobes": 4,
      "density": 18,
      "scale": 0.8489704457783553,
      "loop_exponent": 2.5
    },
    {
      "index": 2,
      "color": "#F6FA31",
      "shape": "oval",
      "center": [
        -0.13085199323991809,
        0.34965918040832755
      ],
      "amp": 0.27903495417478713,
      "phase": 2.608887108891983,
      "lobes": 3,
      "density": 23,
      "scale": 1.063560063744283,
      "oval_a": 1.2487871147893805,
      "oval_b": 0.7927711007156601
    }
  ]
}