{
  "product_id": "597957145469",
  "seed": 166490361,
  "colors": [
    "#1EF1F2",
    "#DC4FDD",
    "#F6FA31"
  ],
  "shape_types": [
    "leaf",
    "arc",
    "loop"
  ],
  "size": 800,
  "per_shape": [
    {
      "index": 0,
      "color": "#1EF1F2",
      "shape": "leaf",
      "center": [
        -0.37380773990498106,
        -0.0385043547889789
      ],
      "amp": 0.19133665948427075,
      "phase": 1.4379234512333054,
      "lobes": 2,
      "density": 19,
      "scale": 1.1158671625914962,
      "leaf_type": "heart_polar_r=1-sin(theta+phase)"
    },
    {
      "index": 1,
      "color": "#DC4FDD",
      "shape": "arc",
      "center": [
        -0.32833285452287253,
        -0.18855367261798373
      ],
      "amp": 0.23468641691040376,
      "phase": 5.288158448716046,
      "lobes": 3,
      "density": 22,
      "scale": 0.8445314263494131
    },
    {
      "index": 2,
      "color": "#F6FA31",
      "shape": "loop",
      "center": [
        0.38117891165093576,
        -0.20791766753089239
      ],
      "amp": 0.17500328434286933,
      "phase": 0.7006286111005411,
      "lobes": 3,
      "density": 28,
      "scale": 1.0149232004731952,
      "loop_exponent": 2.5
    }
  ]
}