{
  "product_id": "597957140345",
  "seed": 892206293,
  "colors": [
    "#1EF1F2",
    "#DC4FDD",
    "#F6FA31"
  ],
  "shape_types": [
    "arc",
    "leaf",
    "oval"
  ],
  "size": 800,
  "per_shape": [
    {
      "index": 0,
      "color": "#1EF1F2",
      "shape": "arc",
      "center": [
        0.23251053245775288,
        -0.36601212606686817
      ],
      "amp": 0.20937277535373167,
      "phase": 6.2153747895937945,
      "lobes": 2,
      "density": 32,
      "scale": 0.8087268653631834
    },
    {
      "index": 1,
      "color": "#DC4FDD",
      "shape": "leaf",
      "center": [
        0.29788921473006613,
        -0.24566326932733668
      ],
      "amp": 0.16658190627735725,
      "phase": 3.6824452194550967,
      "lobes": 3,
      "density": 28,
      "scale": 0.8077679933483468,
      "leaf_type": "heart_polar_r=1-sin(theta+phase)"
    },
    {
      "index": 2,
      "color": "#F6FA31",
      "shape": "oval",
      "center": [
        0.1835439724461877,
        -0.17620481010566627
      ],
      "amp": 0.08451323259693498,
      "phase": 1.430395753526308,
      "lobes": 2,
      "density": 35,
      "scale": 1.0298825126397504,
      "oval_a": 1.1340187731413036,
      "oval_b": 0.8575548813477771
    }
  ]
}