{
  "product_id": "597957147301",
  "seed": 688541512,
  "colors": [
    "#1EF1F2",
    "#DC4FDD",
    "#F6FA31"
  ],
  "shape_types": [
    "loop",
    "leaf",
    "arc"
  ],
  "size": 800,
  "per_shape": [
    {
      "index": 0,
      "color": "#1EF1F2",
      "shape": "loop",
      "center": [
        -0.06893716409835254,
        -0.24221854950618252
      ],
      "amp": 0.27192479425416904,
      "phase": 6.120485270523472,
      "lobes": 3,
      "density": 20,
      "scale": 1.0788435502442628,
      "loop_exponent": 2.5
    },
    {
      "index": 1,
      "color": "#DC4FDD",
      "shape": "leaf",
      "center": [
        0.04639047911569805,
        -0.24008016998161016
      ],
      "amp": 0.10514818526399473,
      "phase": 0.6996104163730948,
      "lobes": 3,
      "density": 20,
      "scale": 0.8620446479418238,
      "leaf_type": "heart_polar_r=1-sin(theta+phase)"
    },
    {
      "index": 2,
      "color": "#F6FA31",
      "shape": "arc",
      "center": [
        -0.318229916433796,
        0.1805707033970494
      ],
      "amp": 0.22568174334572677,
      "phase": 0.09430601413792636,
      "lobes": 4,
      "density": 26,
      "scale": 0.9675147222723351
    }
  ]
}