{
  "product_id": "597957141153",
  "seed": 3367513747,
  "colors": [
    "#1EF1F2",
    "#DC4FDD",
    "#F6FA31"
  ],
  "shape_types": [
    "oval",
    "leaf",
    "arc"
  ],
  "size": 800,
  "per_shape": [
    {
      "index": 0,
      "color": "#1EF1F2",
      "shape": "oval",
      "center": [
        -0.3336494551730793,
        -0.05988776419275349
      ],
      "amp": 0.17181295387015222,
      "phase": 6.17141646498448,
      "lobes": 2,
      "density": 24,
      "scale": 0.9238593092899409,
      "oval_a": 1.1412857245435113,
      "oval_b": 0.7147410721909051
    },
    {
      "index": 1,
      "color": "#DC4FDD",
      "shape": "leaf",
      "center": [
        -0.376534737165392,
        0.04291838847845353
      ],
      "amp": 0.09125352410479658,
      "phase": 5.547319326323965,
      "lobes": 3,
      "density": 34,
      "scale": 0.839663840791218,
      "leaf_type": "heart_polar_r=1-sin(theta+phase)"
    },
    {
      "index": 2,
      "color": "#F6FA31",
      "shape": "arc",
      "center": [
        0.39753500159390975,
        0.23447954737521381
      ],
      "amp": 0.28797241916819954,
      "phase": 3.304942029237873,
      "lobes": 2,
      "density": 24,
      "scale": 1.0340562126718187
    }
  ]
}