{
  "product_id": "597957145015",
  "seed": 4182874001,
  "colors": [
    "#1EF1F2",
    "#DC4FDD",
    "#F6FA31"
  ],
  "shape_types": [
    "arc",
    "oval",
    "leaf"
  ],
  "size": 800,
  "per_shape": [
    {
      "index": 0,
      "color": "#1EF1F2",
      "shape": "arc",
      "center": [
        -0.2960726666091181,
        0.04705542759094444
      ],
      "amp": 0.17579171187202292,
      "phase": 2.883102428019943,
      "lobes": 2,
      "density": 25,
      "scale": 0.9851097187292543
    },
    {
      "index": 1,
      "color": "#DC4FDD",
      "shape": "oval",
      "center": [
        0.09160389696368265,
        -0.27669015194988655
      ],
      "amp": 0.26746761746416176,
      "phase": 3.9490021871616174,
      "lobes": 3,
      "density": 23,
      "scale": 1.1298105667187939,
      "oval_a": 1.151023117601726,
      "oval_b": 0.8603931413308858
    },
    {
      "index": 2,
      "color": "#F6FA31",
      "shape": "leaf",
      "center": [
        0.32483803100218267,
        -0.24202426033666546
      ],
      "amp": 0.06745983967583598,
      "phase": 3.5555049913892613,
      "lobes": 3,
      "density": 22,
      "scale": 0.8252759055387491,
      "leaf_type": "heart_polar_r=1-sin(theta+phase)"
    }
  ]
}