{
  "product_id": "597957144805",
  "seed": 1803374237,
  "colors": [
    "#1EF1F2",
    "#DC4FDD",
    "#F6FA31"
  ],
  "shape_types": [
    "arc",
    "leaf",
    "oval"
  ],
  "size": 800,
  "per_shape": [
    {
      "index": 0,
      "color": "#1EF1F2",
      "shape": "arc",
      "center": [
        -0.3402342231799166,
        0.09113261001690309
      ],
      "amp": 0.13459354292802628,
      "phase": 0.9987320900930788,
      "lobes": 3,
      "density": 26,
      "scale": 0.8790759566757557
    },
    {
      "index": 1,
      "color": "#DC4FDD",
      "shape": "leaf",
      "center": [
        -0.22256922461782802,
        0.30468309190509557
      ],
      "amp": 0.13991837367392707,
      "phase": 1.1324919313901138,
      "lobes": 3,
      "density": 23,
      "scale": 0.9096116652280566,
      "leaf_type": "heart_polar_r=1-sin(theta+phase)"
    },
    {
      "index": 2,
      "color": "#F6FA31",
      "shape": "oval",
      "center": [
        -0.05830954424735202,
        -0.3172029622355986
      ],
      "amp": 0.15722824307082672,
      "phase": 2.9631849201069453,
      "lobes": 4,
      "density": 34,
      "scale": 0.9361574405363633,
      "oval_a": 1.2524492337845365,
      "oval_b": 0.8239904068675918
    }
  ]
}