{
  "product_id": "597957141283",
  "seed": 1009984106,
  "colors": [
    "#1EF1F2",
    "#DC4FDD",
    "#F6FA31"
  ],
  "shape_types": [
    "oval",
    "leaf",
    "loop"
  ],
  "size": 800,
  "per_shape": [
    {
      "index": 0,
      "color": "#1EF1F2",
      "shape": "oval",
      "center": [
        0.35651504096203057,
        -0.0916859067220197
      ],
      "amp": 0.14487148451916404,
      "phase": 4.213292853555681,
      "lobes": 3,
      "density": 31,
      "scale": 0.8958282453566943,
      "oval_a": 1.2670224335526412,
      "oval_b": 0.7558994796555236
    },
    {
      "index": 1,
      "color": "#DC4FDD",
      "shape": "leaf",
      "center": [
        -0.15442822892058566,
        0.2816858394543461
      ],
      "amp": 0.1438779633166407,
      "phase": 2.1000066672421798,
      "lobes": 4,
      "density": 34,
      "scale": 1.0510978232462422,
      "leaf_type": "heart_polar_r=1-sin(theta+phase)"
    },
    {
      "index": 2,
      "color": "#F6FA31",
      "shape": "loop",
      "center": [
        -0.06550188977139904,
        -0.11489443556231643
      ],
      "amp": 0.11681924227421424,
      "phase": 2.777144310151615,
      "lobes": 2,
      "density": 19,
      "scale": 1.1637004271092612,
      "loop_exponent": 2.5
    }
  ]
}