{
  "product_id": "597957142553",
  "seed": 3908185100,
  "colors": [
    "#1EF1F2",
    "#DC4FDD",
    "#F6FA31"
  ],
  "shape_types": [
    "arc",
    "leaf",
    "loop"
  ],
  "size": 800,
  "per_shape": [
    {
      "index": 0,
      "color": "#1EF1F2",
      "shape": "arc",
      "center": [
        0.30535791174532656,
        0.20558906183865433
      ],
      "amp": 0.211251746635242,
      "phase": 2.164029882310643,
      "lobes": 2,
      "density": 18,
      "scale": 1.167726315824524
    },
    {
      "index": 1,
      "color": "#DC4FDD",
      "shape": "leaf",
      "center": [
        0.34930437788655355,
        -0.281001224768397
      ],
      "amp": 0.11672911983757443,
      "phase": 3.1218974280082326,
      "lobes": 2,
      "density": 24,
      "scale": 0.9084187119203825,
      "leaf_type": "heart_polar_r=1-sin(theta+phase)"
    },
    {
      "index": 2,
      "color": "#F6FA31",
      "shape": "loop",
      "center": [
        -0.0019404870915186168,
        0.14742750578559705
      ],
      "amp": 0.14469458865800677,
      "phase": 6.049828251459549,
      "lobes": 4,
      "density": 21,
      "scale": 0.9485647249450903,
      "loop_exponent": 2.5
    }
  ]
}