{
  "product_id": "597957146727",
  "seed": 2435480531,
  "colors": [
    "#1EF1F2",
    "#DC4FDD",
    "#F6FA31"
  ],
  "shape_types": [
    "oval",
    "leaf",
    "loop"
  ],
  "size": 800,
  "per_shape": [
    {
      "index": 0,
      "color": "#1EF1F2",
      "shape": "oval",
      "center": [
        -0.3106385822128778,
        -0.21151247079403257
      ],
      "amp": 0.12363797286539303,
      "phase": 3.5883063912050392,
      "lobes": 3,
      "density": 34,
      "scale": 1.0807496985849954,
      "oval_a": 1.1546077286648564,
      "oval_b": 0.739993175221201
    },
    {
      "index": 1,
      "color": "#DC4FDD",
      "shape": "leaf",
      "center": [
        -0.3798068763696669,
        -0.3860692985915464
      ],
      "amp": 0.11218147109064482,
      "phase": 0.2451759795890496,
      "lobes": 4,
      "density": 18,
      "scale": 1.0521167374216407,
      "leaf_type": "heart_polar_r=1-sin(theta+phase)"
    },
    {
      "index": 2,
      "color": "#F6FA31",
      "shape": "loop",
      "center": [
        -0.08285350612677894,
        -0.34003901152934657
      ],
      "amp": 0.18715876112527824,
      "phase": 5.0550612620372055,
      "lobes": 2,
      "density": 20,
      "scale": 0.9145417117839646,
      "loop_exponent": 2.5
    }
  ]
}