{
  "product_id": "597957147593",
  "seed": 2745051453,
  "colors": [
    "#1EF1F2",
    "#DC4FDD",
    "#F6FA31"
  ],
  "shape_types": [
    "arc",
    "leaf",
    "oval"
  ],
  "size": 800,
  "per_shape": [
    {
      "index": 0,
      "color": "#1EF1F2",
      "shape": "arc",
      "center": [
        -0.045312736647101226,
        0.2696615797940288
      ],
      "amp": 0.1801678501909983,
      "phase": 0.5938187699990042,
      "lobes": 3,
      "density": 30,
      "scale": 0.8582933835740302
    },
    {
      "index": 1,
      "color": "#DC4FDD",
      "shape": "leaf",
      "center": [
        0.06290245234485703,
        -0.3963077171337328
      ],
      "amp": 0.08937132981868427,
      "phase": 1.8402932817708948,
      "lobes": 2,
      "density": 31,
      "scale": 0.9082848354989248,
      "leaf_type": "heart_polar_r=1-sin(theta+phase)"
    },
    {
      "index": 2,
      "color": "#F6FA31",
      "shape": "oval",
      "center": [
        -0.19125974900887668,
        -0.013499326533561895
      ],
      "amp": 0.12734776493985478,
      "phase": 1.5928150929490887,
      "lobes": 4,
      "density": 20,
      "scale": 0.9341792206301165,
      "oval_a": 1.1453811415173563,
      "oval_b": 0.7474156031870978
    }
  ]
}