{
  "product_id": "597957139007",
  "seed": 706280166,
  "colors": [
    "#1EF1F2",
    "#DC4FDD",
    "#F6FA31"
  ],
  "shape_types": [
    "leaf",
    "loop",
    "oval"
  ],
  "size": 800,
  "per_shape": [
    {
      "index": 0,
      "color": "#1EF1F2",
      "shape": "leaf",
      "center": [
        0.3085634533307541,
        0.021264143566224747
      ],
      "amp": 0.27875795802941794,
      "phase": 3.364323059607192,
      "lobes": 4,
      "density": 27,
      "scale": 1.0482065903461928,
      "leaf_type": "heart_polar_r=1-sin(theta+phase)"
    },
    {
      "index": 1,
      "color": "#DC4FDD",
      "shape": "loop",
      "center": [
        0.31413223692048453,
        -0.12266413365889284
      ],
      "amp": 0.25834176262099634,
      "phase": 0.38842787921365757,
      "lobes": 2,
      "density": 29,
      "scale": 0.9299002550853336,
      "loop_exponent": 2.5
    },
    {
      "index": 2,
      "color": "#F6FA31",
      "shape": "oval",
      "center": [
        -0.24344959051968829,
        0.20951153513615206
      ],
      "amp": 0.1815966899503349,
      "phase": 0.5062443898931372,
      "lobes": 2,
      "density": 23,
      "scale": 0.8340840903485842,
      "oval_a": 1.1666668025645306,
      "oval_b": 0.7390526581749156
    }
  ]
}