{
  "product_id": "597957148191",
  "seed": 3479989904,
  "colors": [
    "#1EF1F2",
    "#DC4FDD",
    "#F6FA31"
  ],
  "shape_types": [
    "arc",
    "oval",
    "loop"
  ],
  "size": 800,
  "per_shape": [
    {
      "index": 0,
      "color": "#1EF1F2",
      "shape": "arc",
      "center": [
        -0.03038307024628023,
        0.13573059356965333
      ],
      "amp": 0.17672316726074916,
      "phase": 3.9278049944170497,
      "lobes": 3,
      "density": 22,
      "scale": 0.8545263586397852
    },
    {
      "index": 1,
      "color": "#DC4FDD",
      "shape": "oval",
      "center": [
        0.10982380843839024,
        0.3448338065909303
      ],
      "amp": 0.13597402457527563,
      "phase": 3.4570170925062427,
      "lobes": 3,
      "density": 31,
      "scale": 0.8228654705723802,
      "oval_a": 1.223406343328034,
      "oval_b": 0.7845315690297349
    },
    {
      "index": 2,
      "color": "#F6FA31",
      "shape": "loop",
      "center": [
        -0.32661594167944774,
        0.2715970588637143
      ],
      "amp": 0.1928185927103267,
      "phase": 3.627608212700694,
      "lobes": 4,
      "density": 29,
      "scale": 0.8764660773939841,
      "loop_exponent": 2.5
    }
  ]
}