{
  "product_id": "597957139841",
  "seed": 3521217587,
  "colors": [
    "#1EF1F2",
    "#DC4FDD",
    "#F6FA31"
  ],
  "shape_types": [
    "leaf",
    "oval",
    "loop"
  ],
  "size": 800,
  "per_shape": [
    {
      "index": 0,
      "color": "#1EF1F2",
      "shape": "leaf",
      "center": [
        0.20938064520745514,
        -0.2642698497644578
      ],
      "amp": 0.09965401541707632,
      "phase": 0.9850963859703475,
      "lobes": 4,
      "density": 32,
      "scale": 0.8515014948616703,
      "leaf_type": "heart_polar_r=1-sin(theta+phase)"
    },
    {
      "index": 1,
      "color": "#DC4FDD",
      "shape": "oval",
      "center": [
        0.1949487782363606,
        -0.08656895647835822
      ],
      "amp": 0.06607336142441105,
      "phase": 2.4712844820776243,
      "lobes": 2,
      "density": 35,
      "scale": 0.9754200182182925,
      "oval_a": 1.2645063530903484,
      "oval_b": 0.8152771009367328
    },
    {
      "index": 2,
      "color": "#F6FA31",
      "shape": "loop",
      "center": [
        -0.3116503512726972,
        0.080136188732991
      ],
      "amp": 0.1612844207495549,
      "phase": 4.0408007899319465,
      "lobes": 3,
      "density": 31,
      "scale": 0.8103978644625842,
      "loop_exponent": 2.5
    }
  ]
}