{
  "product_id": "597957140201",
  "seed": 3606755036,
  "colors": [
    "#1EF1F2",
    "#DC4FDD",
    "#F6FA31"
  ],
  "shape_types": [
    "loop",
    "oval",
    "leaf"
  ],
  "size": 800,
  "per_shape": [
    {
      "index": 0,
      "color": "#1EF1F2",
      "shape": "loop",
      "center": [
        0.26063996066777095,
        0.35737822508365513
      ],
      "amp": 0.15119913247615324,
      "phase": 2.4536113489112226,
      "lobes": 3,
      "density": 26,
      "scale": 0.8189706619911541,
      "loop_exponent": 2.5
    },
    {
      "index": 1,
      "color": "#DC4FDD",
      "shape": "oval",
      "center": [
        -0.17149375209056503,
        -0.15653237588399815
      ],
      "amp": 0.2825293902861318,
      "phase": 6.283128905868052,
      "lobes": 2,
      "density": 33,
      "scale": 0.8949935262698351,
      "oval_a": 1.1041589379676284,
      "oval_b": 0.7938095199089505
    },
    {
      "index": 2,
      "color": "#F6FA31",
      "shape": "leaf",
      "center": [
        -0.35104594286580615,
        -0.2703225521692787
      ],
      "amp": 0.08324293015060678,
      "phase": 0.3425790180627468,
      "lobes": 2,
      "density": 23,
      "scale": 1.122974008750073,
      "leaf_type": "heart_polar_r=1-sin(theta+phase)"
    }
  ]
}