{
  "product_id": "597957141037",
  "seed": 3455608883,
  "colors": [
    "#1EF1F2",
    "#DC4FDD",
    "#F6FA31"
  ],
  "shape_types": [
    "leaf",
    "oval",
    "arc"
  ],
  "size": 800,
  "per_shape": [
    {
      "index": 0,
      "color": "#1EF1F2",
      "shape": "leaf",
      "center": [
        0.01804666410675021,
        -0.20364993868033887
      ],
      "amp": 0.18837752636149147,
      "phase": 1.9790980218943437,
      "lobes": 2,
      "density": 29,
      "scale": 0.9699944541364682,
      "leaf_type": "heart_polar_r=1-sin(theta+phase)"
    },
    {
      "index": 1,
      "color": "#DC4FDD",
      "shape": "oval",
      "center": [
        0.1875309313324811,
        0.2085661392992436
      ],
      "amp": 0.16896263705264186,
      "phase": 1.230601975956733,
      "lobes": 3,
      "density": 28,
      "scale": 0.8405476878500683,
      "oval_a": 1.1745819967118816,
      "oval_b": 0.7700182077472368
    },
    {
      "index": 2,
      "color": "#F6FA31",
      "shape": "arc",
      "center": [
        -0.15958952326572495,
        -0.002237916085026992
      ],
      "amp": 0.2749802679846148,
      "phase": 1.0116657949713157,
      "lobes": 3,
      "density": 21,
      "scale": 1.1497778760209478
    }
  ]
}