{
  "product_id": "597957146137",
  "seed": 3777134001,
  "colors": [
    "#1EF1F2",
    "#DC4FDD",
    "#F6FA31"
  ],
  "shape_types": [
    "oval",
    "leaf",
    "loop"
  ],
  "size": 800,
  "per_shape": [
    {
      "index": 0,
      "color": "#1EF1F2",
      "shape": "oval",
      "center": [
        0.3049121546388309,
        0.08484345969644852
      ],
      "amp": 0.05820269415170594,
      "phase": 1.2355054127953915,
      "lobes": 2,
      "density": 18,
      "scale": 1.0684821878932047,
      "oval_a": 1.1726643054583232,
      "oval_b": 0.7880404904707712
    },
    {
      "index": 1,
      "color": "#DC4FDD",
      "shape": "leaf",
      "center": [
        0.309823145797556,
        0.22360802411045944
      ],
      "amp": 0.27374360103588263,
      "phase": 5.842731059231067,
      "lobes": 3,
      "density": 24,
      "scale": 1.0132685805800916,
      "leaf_type": "heart_polar_r=1-sin(theta+phase)"
    },
    {
      "index": 2,
      "color": "#F6FA31",
      "shape": "loop",
      "center": [
        0.0976516970045112,
        -0.005101443934163119
      ],
      "amp": 0.06583953441550287,
      "phase": 6.125047837864731,
      "lobes": 2,
      "density": 22,
      "scale": 0.9071533784285498,
      "loop_exponent": 2.5
    }
  ]
}