{
  "product_id": "597957147531",
  "seed": 2884465517,
  "colors": [
    "#1EF1F2",
    "#DC4FDD",
    "#F6FA31"
  ],
  "shape_types": [
    "loop",
    "leaf",
    "oval"
  ],
  "size": 800,
  "per_shape": [
    {
      "index": 0,
      "color": "#1EF1F2",
      "shape": "loop",
      "center": [
        -0.040956876424697586,
        -0.24368442290677841
      ],
      "amp": 0.2078171796731133,
      "phase": 0.5805399845862883,
      "lobes": 4,
      "density": 35,
      "scale": 1.0067698899750117,
      "loop_exponent": 2.5
    },
    {
      "index": 1,
      "color": "#DC4FDD",
      "shape": "leaf",
      "center": [
        -0.37857785242658193,
        0.10106124314779463
      ],
      "amp": 0.08130203146043237,
      "phase": 0.03825625247404578,
      "lobes": 3,
      "density": 24,
      "scale": 0.8116541403333989,
      "leaf_type": "heart_polar_r=1-sin(theta+phase)"
    },
    {
      "index": 2,
      "color": "#F6FA31",
      "shape": "oval",
      "center": [
        -0.23342468670232108,
        -0.10147420079568631
      ],
      "amp": 0.17377770154858801,
      "phase": 4.015595749685962,
      "lobes": 3,
      "density": 28,
      "scale": 0.9594942709653207,
      "oval_a": 1.2695393621812552,
      "oval_b": 0.8881011319124864
    }
  ]
}