{
  "product_id": "597957143343",
  "seed": 2191792502,
  "colors": [
    "#1EF1F2",
    "#DC4FDD",
    "#F6FA31"
  ],
  "shape_types": [
    "leaf",
    "arc",
    "oval"
  ],
  "size": 800,
  "per_shape": [
    {
      "index": 0,
      "color": "#1EF1F2",
      "shape": "leaf",
      "center": [
        -0.2885930352737794,
        -0.22655765826781682
      ],
      "amp": 0.05590050759966177,
      "phase": 2.32852873739728,
      "lobes": 3,
      "density": 21,
      "scale": 1.1827513006166808,
      "leaf_type": "heart_polar_r=1-sin(theta+phase)"
    },
    {
      "index": 1,
      "color": "#DC4FDD",
      "shape": "arc",
      "center": [
        -0.30446496874977025,
        0.14410174948942078
      ],
      "amp": 0.19686987497747155,
      "phase": 3.4542117558992227,
      "lobes": 4,
      "density": 32,
      "scale": 0.9585304217448551
    },
    {
      "index": 2,
      "color": "#F6FA31",
      "shape": "oval",
      "center": [
        -0.006650727580912286,
        0.38833547561435433
      ],
      "amp": 0.09279472603666998,
      "phase": 4.267685062474692,
      "lobes": 2,
      "density": 36,
      "scale": 1.1313749409288258,
      "oval_a": 1.2046579310832632,
      "oval_b": 0.8846222645181323
    }
  ]
}