{
  "product_id": "597957142725",
  "seed": 3376872319,
  "colors": [
    "#1EF1F2",
    "#DC4FDD",
    "#F6FA31"
  ],
  "shape_types": [
    "arc",
    "loop",
    "oval"
  ],
  "size": 800,
  "per_shape": [
    {
      "index": 0,
      "color": "#1EF1F2",
      "shape": "arc",
      "center": [
        0.335446760362179,
        0.3086872413078011
      ],
      "amp": 0.13835279895128988,
      "phase": 3.7877842718028423,
      "lobes": 4,
      "density": 19,
      "scale": 1.0537718648434569
    },
    {
      "index": 1,
      "color": "#DC4FDD",
      "shape": "loop",
      "center": [
        0.17594228653081057,
        0.33998836171893165
      ],
      "amp": 0.17287912427957625,
      "phase": 4.35597527723834,
      "lobes": 2,
      "density": 21,
      "scale": 0.8517707520312424,
      "loop_exponent": 2.5
    },
    {
      "index": 2,
      "color": "#F6FA31",
      "shape": "oval",
      "center": [
        -0.10327429986641495,
        0.062401756090395666
      ],
      "amp": 0.24494599846841608,
      "phase": 0.948176237860814,
      "lobes": 4,
      "density": 31,
      "scale": 0.9837080037907109,
      "oval_a": 1.1057208654736401,
      "oval_b": 0.7322626175280913
    }
  ]
}