{
  "product_id": "597957140915",
  "seed": 1193913192,
  "colors": [
    "#1EF1F2",
    "#DC4FDD",
    "#F6FA31"
  ],
  "shape_types": [
    "leaf",
    "loop",
    "oval"
  ],
  "size": 800,
  "per_shape": [
    {
      "index": 0,
      "color": "#1EF1F2",
      "shape": "leaf",
      "center": [
        -0.3936908849477736,
        -0.37575991741438275
      ],
      "amp": 0.2666274016629957,
      "phase": 5.8938106991570685,
      "lobes": 4,
      "density": 29,
      "scale": 0.8219881249407112,
      "leaf_type": "heart_polar_r=1-sin(theta+phase)"
    },
    {
      "index": 1,
      "color": "#DC4FDD",
      "shape": "loop",
      "center": [
        -0.023753645415935387,
        -0.12809239400390338
      ],
      "amp": 0.15412429354691948,
      "phase": 3.167739210594136,
      "lobes": 4,
      "density": 32,
      "scale": 0.8539861150735226,
      "loop_exponent": 2.5
    },
    {
      "index": 2,
      "color": "#F6FA31",
      "shape": "oval",
      "center": [
        -0.39772397030188195,
        0.39086696967180135
      ],
      "amp": 0.29321790155962607,
      "phase": 5.896283024549718,
      "lobes": 4,
      "density": 29,
      "scale": 0.9379444158013002,
      "oval_a": 1.1553343847921302,
      "oval_b": 0.7809439931668468
    }
  ]
}