{
  "product_id": "597957138773",
  "seed": 30149705,
  "colors": [
    "#1EF1F2",
    "#DC4FDD",
    "#F6FA31"
  ],
  "shape_types": [
    "arc",
    "leaf",
    "oval"
  ],
  "size": 800,
  "per_shape": [
    {
      "index": 0,
      "color": "#1EF1F2",
      "shape": "arc",
      "center": [
        0.36022857124010144,
        -0.3139231164559264
      ],
      "amp": 0.22465409301666917,
      "phase": 6.010236682042869,
      "lobes": 4,
      "density": 36,
      "scale": 1.1733489095916578
    },
    {
      "index": 1,
      "color": "#DC4FDD",
      "shape": "leaf",
      "center": [
        -0.15847000643646902,
        -0.10568283085087354
      ],
      "amp": 0.273396454172647,
      "phase": 5.0140045768838615,
      "lobes": 4,
      "density": 21,
      "scale": 0.8311022008564124,
      "leaf_type": "heart_polar_r=1-sin(theta+phase)"
    },
    {
      "index": 2,
      "color": "#F6FA31",
      "shape": "oval",
      "center": [
        0.013501790245164347,
        -0.0715905734218813
      ],
      "amp": 0.11338917482968373,
      "phase": 4.67772372926441,
      "lobes": 2,
      "density": 18,
      "scale": 0.920985617769813,
      "oval_a": 1.2013475285157567,
      "oval_b": 0.8740894908667161
    }
  ]
}