{
  "product_id": "597957142339",
  "seed": 2574373067,
  "colors": [
    "#1EF1F2",
    "#DC4FDD",
    "#F6FA31"
  ],
  "shape_types": [
    "loop",
    "arc",
    "leaf"
  ],
  "size": 800,
  "per_shape": [
    {
      "index": 0,
      "color": "#1EF1F2",
      "shape": "loop",
      "center": [
        -0.015228356514586927,
        -0.07065125406209727
      ],
      "amp": 0.1057317205842754,
      "phase": 5.705571776078865,
      "lobes": 3,
      "density": 18,
      "scale": 1.187694688368766,
      "loop_exponent": 2.5
    },
    {
      "index": 1,
      "color": "#DC4FDD",
      "shape": "arc",
      "center": [
        0.16437188860829877,
        -0.2889183761474461
      ],
      "amp": 0.23477709058831764,
      "phase": 4.254419381567616,
      "lobes": 3,
      "density": 30,
      "scale": 0.8198599165975635
    },
    {
      "index": 2,
      "color": "#F6FA31",
      "shape": "leaf",
      "center": [
        0.16886881083651895,
        0.28083750085933756
      ],
      "amp": 0.24991488965174946,
      "phase": 4.897102216263397,
      "lobes": 2,
      "density": 20,
      "scale": 1.158709922836726,
      "leaf_type": "heart_polar_r=1-sin(theta+phase)"
    }
  ]
}