{
  "product_id": "597957148325",
  "seed": 58150510,
  "colors": [
    "#1EF1F2",
    "#DC4FDD",
    "#F6FA31"
  ],
  "shape_types": [
    "oval",
    "arc",
    "loop"
  ],
  "size": 800,
  "per_shape": [
    {
      "index": 0,
      "color": "#1EF1F2",
      "shape": "oval",
      "center": [
        0.24554422308247514,
        0.38347762463922075
      ],
      "amp": 0.08735349671157518,
      "phase": 4.071592292498014,
      "lobes": 2,
      "density": 35,
      "scale": 0.9200643284942763,
      "oval_a": 1.157048467907842,
      "oval_b": 0.779655357956726
    },
    {
      "index": 1,
      "color": "#DC4FDD",
      "shape": "arc",
      "center": [
        -0.17224472596271215,
        0.22321043629262483
      ],
      "amp": 0.15257243658354824,
      "phase": 4.51578226177189,
      "lobes": 4,
      "density": 18,
      "scale": 1.1806051325851903
    },
    {
      "index": 2,
      "color": "#F6FA31",
      "shape": "loop",
      "center": [
        0.38831972673235393,
        0.021082866459169902
      ],
      "amp": 0.21225845905234536,
      "phase": 2.0055040350377,
      "lobes": 3,
      "density": 24,
      "scale": 1.0736180718217108,
      "loop_exponent": 2.5
    }
  ]
}