{
  "product_id": "597957145281",
  "seed": 4111195372,
  "colors": [
    "#1EF1F2",
    "#DC4FDD",
    "#F6FA31"
  ],
  "shape_types": [
    "leaf",
    "oval",
    "arc"
  ],
  "size": 800,
  "per_shape": [
    {
      "index": 0,
      "color": "#1EF1F2",
      "shape": "leaf",
      "center": [
        0.1132262292235181,
        -0.22051004599154372
      ],
      "amp": 0.24392936401150495,
      "phase": 2.300465958935986,
      "lobes": 3,
      "density": 22,
      "scale": 0.8670959966997389,
      "leaf_type": "heart_polar_r=1-sin(theta+phase)"
    },
    {
      "index": 1,
      "color": "#DC4FDD",
      "shape": "oval",
      "center": [
        0.35491254375232695,
        0.12915139242260198
      ],
      "amp": 0.19466874230643239,
      "phase": 1.5443708440781898,
      "lobes": 4,
      "density": 28,
      "scale": 0.8116357287580378,
      "oval_a": 1.1694498274545257,
      "oval_b": 0.7519016133508682
    },
    {
      "index": 2,
      "color": "#F6FA31",
      "shape": "arc",
      "center": [
        -0.12138239331350026,
        -0.20456332988486575
      ],
      "amp": 0.21547045825049738,
      "phase": 0.9013605520176031,
      "lobes": 4,
      "density": 32,
      "scale": 1.0188546935438265
    }
  ]
}