{
  "product_id": "597957145453",
  "seed": 10847690,
  "colors": [
    "#1EF1F2",
    "#DC4FDD",
    "#F6FA31"
  ],
  "shape_types": [
    "oval",
    "arc",
    "loop"
  ],
  "size": 800,
  "per_shape": [
    {
      "index": 0,
      "color": "#1EF1F2",
      "shape": "oval",
      "center": [
        0.24492021441575484,
        -0.31903496142027143
      ],
      "amp": 0.12116347746558344,
      "phase": 2.920765566554792,
      "lobes": 4,
      "density": 24,
      "scale": 0.9540058019362426,
      "oval_a": 1.212478686831325,
      "oval_b": 0.8054172796737937
    },
    {
      "index": 1,
      "color": "#DC4FDD",
      "shape": "arc",
      "center": [
        -0.25340399068961506,
        -0.25702849132144295
      ],
      "amp": 0.18708532725285604,
      "phase": 5.719509240073513,
      "lobes": 3,
      "density": 26,
      "scale": 0.9312969583586898
    },
    {
      "index": 2,
      "color": "#F6FA31",
      "shape": "loop",
      "center": [
        -0.2999917360127241,
        -0.034662434619050664
      ],
      "amp": 0.09199560320199336,
      "phase": 5.495054748427264,
      "lobes": 3,
      "density": 21,
      "scale": 1.1377400436490188,
      "loop_exponent": 2.5
    }
  ]
}