{
  "product_id": "597957146875",
  "seed": 905567632,
  "colors": [
    "#1EF1F2",
    "#DC4FDD",
    "#F6FA31"
  ],
  "shape_types": [
    "oval",
    "arc",
    "loop"
  ],
  "size": 800,
  "per_shape": [
    {
      "index": 0,
      "color": "#1EF1F2",
      "shape": "oval",
      "center": [
        0.12710109720815366,
        0.23613928929542805
      ],
      "amp": 0.0773796692141147,
      "phase": 1.5673009685870174,
      "lobes": 4,
      "density": 18,
      "scale": 0.9900571748200808,
      "oval_a": 1.2048148489382644,
      "oval_b": 0.8682939078418617
    },
    {
      "index": 1,
      "color": "#DC4FDD",
      "shape": "arc",
      "center": [
        0.3788013364082652,
        0.36432738243161855
      ],
      "amp": 0.12941674436923684,
      "phase": 3.0159059716982632,
      "lobes": 4,
      "density": 23,
      "scale": 1.1515017125969769
    },
    {
      "index": 2,
      "color": "#F6FA31",
      "shape": "loop",
      "center": [
        -0.022513816697713795,
        0.026070781575680546
      ],
      "amp": 0.18108351023742603,
      "phase": 0.014029546776852132,
      "lobes": 4,
      "density": 21,
      "scale": 1.1743289794622267,
      "loop_exponent": 2.5
    }
  ]
}