{
  "product_id": "597957139197",
  "seed": 3393012642,
  "colors": [
    "#1EF1F2",
    "#DC4FDD",
    "#F6FA31"
  ],
  "shape_types": [
    "loop",
    "oval",
    "arc"
  ],
  "size": 800,
  "per_shape": [
    {
      "index": 0,
      "color": "#1EF1F2",
      "shape": "loop",
      "center": [
        -0.2103111927086645,
        -0.015484600890530331
      ],
      "amp": 0.2898690406590739,
      "phase": 6.230578828012984,
      "lobes": 3,
      "density": 35,
      "scale": 1.0493801523087056,
      "loop_exponent": 2.5
    },
    {
      "index": 1,
      "color": "#DC4FDD",
      "shape": "oval",
      "center": [
        -0.14893987658040636,
        -0.03558751120125675
      ],
      "amp": 0.12874118618562252,
      "phase": 5.004439182704984,
      "lobes": 3,
      "density": 29,
      "scale": 1.1276533815507224,
      "oval_a": 1.1239248980522483,
      "oval_b": 0.7697173432475383
    },
    {
      "index": 2,
      "color": "#F6FA31",
      "shape": "arc",
      "center": [
        0.3001154673910945,
        -0.12685727986019507
      ],
      "amp": 0.2643591267424984,
      "phase": 5.9214338430811,
      "lobes": 4,
      "density": 32,
      "scale": 0.8387536934836157
    }
  ]
}