{
  "product_id": "597957142513",
  "seed": 361976452,
  "colors": [
    "#1EF1F2",
    "#DC4FDD",
    "#F6FA31"
  ],
  "shape_types": [
    "arc",
    "leaf",
    "oval"
  ],
  "size": 800,
  "per_shape": [
    {
      "index": 0,
      "color": "#1EF1F2",
      "shape": "arc",
      "center": [
        -0.3126808661242446,
        -0.11692347016167509
      ],
      "amp": 0.08452195385941476,
      "phase": 1.3399826972340327,
      "lobes": 4,
      "density": 25,
      "scale": 1.0056733983695088
    },
    {
      "index": 1,
      "color": "#DC4FDD",
      "shape": "leaf",
      "center": [
        -0.11730855784368427,
        -0.032649476288640955
      ],
      "amp": 0.2530725893464289,
      "phase": 2.49871070181297,
      "lobes": 2,
      "density": 25,
      "scale": 1.0013587307881615,
      "leaf_type": "heart_polar_r=1-sin(theta+phase)"
    },
    {
      "index": 2,
      "color": "#F6FA31",
      "shape": "oval",
      "center": [
        -0.1611172323827117,
        -0.16674039344087543
      ],
      "amp": 0.24317399153489294,
      "phase": 2.98994431893142,
      "lobes": 2,
      "density": 22,
      "scale": 1.1236985914660707,
      "oval_a": 1.1423004866170754,
      "oval_b": 0.8963892471793414
    }
  ]
}