{
  "product_id": "597957143525",
  "seed": 2798887357,
  "colors": [
    "#1EF1F2",
    "#DC4FDD",
    "#F6FA31"
  ],
  "shape_types": [
    "oval",
    "leaf",
    "loop"
  ],
  "size": 800,
  "per_shape": [
    {
      "index": 0,
      "color": "#1EF1F2",
      "shape": "oval",
      "center": [
        -0.26449475613993245,
        0.39235199756876793
      ],
      "amp": 0.25673744357597034,
      "phase": 4.85900693335129,
      "lobes": 3,
      "density": 29,
      "scale": 0.9558597141660837,
      "oval_a": 1.2064507250220033,
      "oval_b": 0.7854764370584685
    },
    {
      "index": 1,
      "color": "#DC4FDD",
      "shape": "leaf",
      "center": [
        0.3247409949516239,
        0.23946753303287116
      ],
      "amp": 0.061249068084628,
      "phase": 4.900134002733691,
      "lobes": 3,
      "density": 27,
      "scale": 1.1084189516631286,
      "leaf_type": "heart_polar_r=1-sin(theta+phase)"
    },
    {
      "index": 2,
      "color": "#F6FA31",
      "shape": "loop",
      "center": [
        -0.027316810076065845,
        -0.11582288898083065
      ],
      "amp": 0.09547176569452552,
      "phase": 6.168271033435759,
      "lobes": 2,
      "density": 26,
      "scale": 0.9952367320346115,
      "loop_exponent": 2.5
    }
  ]
}