{
  "product_id": "597957147161",
  "seed": 3566857309,
  "colors": [
    "#1EF1F2",
    "#DC4FDD",
    "#F6FA31"
  ],
  "shape_types": [
    "arc",
    "oval",
    "leaf"
  ],
  "size": 800,
  "per_shape": [
    {
      "index": 0,
      "color": "#1EF1F2",
      "shape": "arc",
      "center": [
        -0.18020702175582573,
        -0.15249647956211768
      ],
      "amp": 0.2722596125058384,
      "phase": 3.057558821524336,
      "lobes": 4,
      "density": 24,
      "scale": 0.8639789308638373
    },
    {
      "index": 1,
      "color": "#DC4FDD",
      "shape": "oval",
      "center": [
        0.2759973952387995,
        -0.32530956173815684
      ],
      "amp": 0.2781724859887279,
      "phase": 3.8978009195417194,
      "lobes": 2,
      "density": 22,
      "scale": 1.1867699005209666,
      "oval_a": 1.280150907839498,
      "oval_b": 0.8947332425192065
    },
    {
      "index": 2,
      "color": "#F6FA31",
      "shape": "leaf",
      "center": [
        0.07485419582736713,
        -0.0824114143195337
      ],
      "amp": 0.17625639526395026,
      "phase": 2.2331704118885223,
      "lobes": 3,
      "density": 35,
      "scale": 1.0942369589399938,
      "leaf_type": "heart_polar_r=1-sin(theta+phase)"
    }
  ]
}