{
  "product_id": "597957146443",
  "seed": 1483693874,
  "colors": [
    "#1EF1F2",
    "#DC4FDD",
    "#F6FA31"
  ],
  "shape_types": [
    "arc",
    "leaf",
    "loop"
  ],
  "size": 800,
  "per_shape": [
    {
      "index": 0,
      "color": "#1EF1F2",
      "shape": "arc",
      "center": [
        0.04119255121409904,
        0.13486919518037255
      ],
      "amp": 0.13816553459328562,
      "phase": 0.22332271772108692,
      "lobes": 2,
      "density": 27,
      "scale": 0.8951186693974855
    },
    {
      "index": 1,
      "color": "#DC4FDD",
      "shape": "leaf",
      "center": [
        -0.28564123820214776,
        -0.35049569639117073
      ],
      "amp": 0.2485769135716469,
      "phase": 4.681541112234019,
      "lobes": 3,
      "density": 20,
      "scale": 0.8974914457231635,
      "leaf_type": "heart_polar_r=1-sin(theta+phase)"
    },
    {
      "index": 2,
      "color": "#F6FA31",
      "shape": "loop",
      "center": [
        0.027168254003354597,
        0.26109245385990887
      ],
      "amp": 0.2009978018503445,
      "phase": 5.3986703789094985,
      "lobes": 4,
      "density": 26,
      "scale": 0.9494001670371826,
      "loop_exponent": 2.5
    }
  ]
}