{
  "product_id": "597957145185",
  "seed": 2460526718,
  "colors": [
    "#1EF1F2",
    "#DC4FDD",
    "#F6FA31"
  ],
  "shape_types": [
    "oval",
    "loop",
    "arc"
  ],
  "size": 800,
  "per_shape": [
    {
      "index": 0,
      "color": "#1EF1F2",
      "shape": "oval",
      "center": [
        -0.25795065074535445,
        -0.31348850483672897
      ],
      "amp": 0.2420957342383694,
      "phase": 2.362498753799745,
      "lobes": 3,
      "density": 19,
      "scale": 1.1488994938098827,
      "oval_a": 1.2453549645378255,
      "oval_b": 0.8257244822874821
    },
    {
      "index": 1,
      "color": "#DC4FDD",
      "shape": "loop",
      "center": [
        -0.11592675654444112,
        0.1956254670594434
      ],
      "amp": 0.22830074338769485,
      "phase": 0.8882955865432336,
      "lobes": 3,
      "density": 33,
      "scale": 0.9257593126756067,
      "loop_exponent": 2.5
    },
    {
      "index": 2,
      "color": "#F6FA31",
      "shape": "arc",
      "center": [
        -0.27262831519605546,
        -0.014097331152472414
      ],
      "amp": 0.1513095526921488,
      "phase": 2.767345400955715,
      "lobes": 3,
      "density": 30,
      "scale": 1.0349919571317567
    }
  ]
}