{
  "product_id": "597957144307",
  "seed": 3480537071,
  "colors": [
    "#1EF1F2",
    "#DC4FDD",
    "#F6FA31"
  ],
  "shape_types": [
    "arc",
    "leaf",
    "loop"
  ],
  "size": 800,
  "per_shape": [
    {
      "index": 0,
      "color": "#1EF1F2",
      "shape": "arc",
      "center": [
        0.07412658356340651,
        0.3510443251948311
      ],
      "amp": 0.1428567044327541,
      "phase": 2.44676341369259,
      "lobes": 4,
      "density": 21,
      "scale": 0.9907910539530389
    },
    {
      "index": 1,
      "color": "#DC4FDD",
      "shape": "leaf",
      "center": [
        0.3238904560926853,
        -0.22106503234230124
      ],
      "amp": 0.1819638548433833,
      "phase": 5.601311027979211,
      "lobes": 3,
      "density": 18,
      "scale": 1.0939461300299134,
      "leaf_type": "heart_polar_r=1-sin(theta+phase)"
    },
    {
      "index": 2,
      "color": "#F6FA31",
      "shape": "loop",
      "center": [
        0.32968935560235935,
        0.16008220739256218
      ],
      "amp": 0.2136852149256852,
      "phase": 5.911282015718109,
      "lobes": 2,
      "density": 24,
      "scale": 0.9139473880125472,
      "loop_exponent": 2.5
    }
  ]
}