{
  "product_id": "597957146463",
  "seed": 3316192162,
  "colors": [
    "#1EF1F2",
    "#DC4FDD",
    "#F6FA31"
  ],
  "shape_types": [
    "arc",
    "leaf",
    "oval"
  ],
  "size": 800,
  "per_shape": [
    {
      "index": 0,
      "color": "#1EF1F2",
      "shape": "arc",
      "center": [
        -0.23457311894174496,
        -0.26998499977495427
      ],
      "amp": 0.20049686846796766,
      "phase": 5.304043984383159,
      "lobes": 2,
      "density": 29,
      "scale": 1.081142064107056
    },
    {
      "index": 1,
      "color": "#DC4FDD",
      "shape": "leaf",
      "center": [
        -0.25052594393404376,
        -0.22026665226899178
      ],
      "amp": 0.19231206169544984,
      "phase": 1.484264017418097,
      "lobes": 4,
      "density": 23,
      "scale": 0.9250859111231294,
      "leaf_type": "heart_polar_r=1-sin(theta+phase)"
    },
    {
      "index": 2,
      "color": "#F6FA31",
      "shape": "oval",
      "center": [
        0.09246297816322002,
        -0.3022847832087582
      ],
      "amp": 0.24938900012379667,
      "phase": 2.1391938511811657,
      "lobes": 3,
      "density": 19,
      "scale": 0.9227078428311805,
      "oval_a": 1.2017890902473802,
      "oval_b": 0.8485626887518295
    }
  ]
}