{
  "product_id": "597957140241",
  "seed": 3382319409,
  "colors": [
    "#1EF1F2",
    "#DC4FDD",
    "#F6FA31"
  ],
  "shape_types": [
    "oval",
    "leaf",
    "arc"
  ],
  "size": 800,
  "per_shape": [
    {
      "index": 0,
      "color": "#1EF1F2",
      "shape": "oval",
      "center": [
        0.0544794052739091,
        0.10828821041025516
      ],
      "amp": 0.27191392163232875,
      "phase": 1.3302143606274026,
      "lobes": 2,
      "density": 26,
      "scale": 0.9999666407879553,
      "oval_a": 1.1291514844611463,
      "oval_b": 0.707508767057191
    },
    {
      "index": 1,
      "color": "#DC4FDD",
      "shape": "leaf",
      "center": [
        0.35936974199560456,
        -0.39389665510299166
      ],
      "amp": 0.2854812644454828,
      "phase": 5.991632867420926,
      "lobes": 2,
      "density": 22,
      "scale": 0.9391629254991787,
      "leaf_type": "heart_polar_r=1-sin(theta+phase)"
    },
    {
      "index": 2,
      "color": "#F6FA31",
      "shape": "arc",
      "center": [
        -0.27297301974705956,
        0.36499166516262294
      ],
      "amp": 0.23954894915166258,
      "phase": 2.1827746836276543,
      "lobes": 2,
      "density": 20,
      "scale": 0.944720511826007
    }
  ]
}