{
  "product_id": "597957139877",
  "seed": 2464937102,
  "colors": [
    "#1EF1F2",
    "#DC4FDD",
    "#F6FA31"
  ],
  "shape_types": [
    "loop",
    "arc",
    "oval"
  ],
  "size": 800,
  "per_shape": [
    {
      "index": 0,
      "color": "#1EF1F2",
      "shape": "loop",
      "center": [
        0.15848636317652898,
        0.14566965369200502
      ],
      "amp": 0.26932634701126973,
      "phase": 3.2966747189048604,
      "lobes": 2,
      "density": 23,
      "scale": 1.0430731058294442,
      "loop_exponent": 2.5
    },
    {
      "index": 1,
      "color": "#DC4FDD",
      "shape": "arc",
      "center": [
        -0.06634928403561952,
        -0.35135789292183794
      ],
      "amp": 0.27960066778395276,
      "phase": 1.6478563063054803,
      "lobes": 3,
      "density": 30,
      "scale": 0.8705486701332102
    },
    {
      "index": 2,
      "color": "#F6FA31",
      "shape": "oval",
      "center": [
        -0.16707863568069392,
        0.19801125081887594
      ],
      "amp": 0.16309552166707736,
      "phase": 2.1571780190409564,
      "lobes": 4,
      "density": 32,
      "scale": 0.9230610776610313,
      "oval_a": 1.1673020003046133,
      "oval_b": 0.8867968497362211
    }
  ]
}