{
  "product_id": "597957148627",
  "seed": 382093112,
  "colors": [
    "#1EF1F2",
    "#DC4FDD",
    "#F6FA31"
  ],
  "shape_types": [
    "leaf",
    "arc",
    "oval"
  ],
  "size": 800,
  "per_shape": [
    {
      "index": 0,
      "color": "#1EF1F2",
      "shape": "leaf",
      "center": [
        0.26926844326509225,
        0.15104841340318498
      ],
      "amp": 0.25585582417888725,
      "phase": 4.244731214770098,
      "lobes": 2,
      "density": 21,
      "scale": 1.1403823290931705,
      "leaf_type": "heart_polar_r=1-sin(theta+phase)"
    },
    {
      "index": 1,
      "color": "#DC4FDD",
      "shape": "arc",
      "center": [
        0.28365010180478845,
        -0.3329044314749869
      ],
      "amp": 0.15714616737221826,
      "phase": 4.655888801232948,
      "lobes": 2,
      "density": 35,
      "scale": 0.9169943173560959
    },
    {
      "index": 2,
      "color": "#F6FA31",
      "shape": "oval",
      "center": [
        0.39939335129714004,
        0.27153611457230076
      ],
      "amp": 0.291937629197327,
      "phase": 6.0014960334023,
      "lobes": 4,
      "density": 31,
      "scale": 1.1126117960034727,
      "oval_a": 1.2546457318276958,
      "oval_b": 0.7674986255953619
    }
  ]
}