{
  "product_id": "597957141021",
  "seed": 3522426268,
  "colors": [
    "#1EF1F2",
    "#DC4FDD",
    "#F6FA31"
  ],
  "shape_types": [
    "arc",
    "oval",
    "leaf"
  ],
  "size": 800,
  "per_shape": [
    {
      "index": 0,
      "color": "#1EF1F2",
      "shape": "arc",
      "center": [
        0.3662217229362891,
        -0.2527243802767927
      ],
      "amp": 0.10607664887491235,
      "phase": 2.015336277598849,
      "lobes": 3,
      "density": 28,
      "scale": 1.049584885045194
    },
    {
      "index": 1,
      "color": "#DC4FDD",
      "shape": "oval",
      "center": [
        0.22923961704863471,
        -0.20004571966492232
      ],
      "amp": 0.23311771138191867,
      "phase": 3.0494758054720377,
      "lobes": 4,
      "density": 21,
      "scale": 0.967310778810268,
      "oval_a": 1.2004379713283608,
      "oval_b": 0.7074365234742919
    },
    {
      "index": 2,
      "color": "#F6FA31",
      "shape": "leaf",
      "center": [
        0.3067541904835146,
        0.3764872481919873
      ],
      "amp": 0.08838182810894167,
      "phase": 4.437025990578035,
      "lobes": 3,
      "density": 21,
      "scale": 1.1330785748879062,
      "leaf_type": "heart_polar_r=1-sin(theta+phase)"
    }
  ]
}