{
  "product_id": "597957144595",
  "seed": 1015836437,
  "colors": [
    "#1EF1F2",
    "#DC4FDD",
    "#F6FA31"
  ],
  "shape_types": [
    "oval",
    "leaf",
    "loop"
  ],
  "size": 800,
  "per_shape": [
    {
      "index": 0,
      "color": "#1EF1F2",
      "shape": "oval",
      "center": [
        -0.14141784360631776,
        -0.2296078966770897
      ],
      "amp": 0.16547213500879487,
      "phase": 1.0124737639986303,
      "lobes": 2,
      "density": 26,
      "scale": 0.9455636307863552,
      "oval_a": 1.1101793075022162,
      "oval_b": 0.8200513179506919
    },
    {
      "index": 1,
      "color": "#DC4FDD",
      "shape": "leaf",
      "center": [
        0.17517697380429653,
        -0.18555294390229823
      ],
      "amp": 0.1762244746209593,
      "phase": 4.007373802899288,
      "lobes": 2,
      "density": 19,
      "scale": 0.9369057324614779,
      "leaf_type": "heart_polar_r=1-sin(theta+phase)"
    },
    {
      "index": 2,
      "color": "#F6FA31",
      "shape": "loop",
      "center": [
        0.03009581458327315,
        0.08685755187460831
      ],
      "amp": 0.15080007459932188,
      "phase": 2.351635175923369,
      "lobes": 3,
      "density": 26,
      "scale": 0.8476828846919162,
      "loop_exponent": 2.5
    }
  ]
}