{
  "product_id": "597957144717",
  "seed": 507188590,
  "colors": [
    "#1EF1F2",
    "#DC4FDD",
    "#F6FA31"
  ],
  "shape_types": [
    "loop",
    "oval",
    "arc"
  ],
  "size": 800,
  "per_shape": [
    {
      "index": 0,
      "color": "#1EF1F2",
      "shape": "loop",
      "center": [
        -0.39840365673048983,
        -0.21674413258156103
      ],
      "amp": 0.1106283452577118,
      "phase": 2.1925278610612233,
      "lobes": 3,
      "density": 23,
      "scale": 1.1408963262706606,
      "loop_exponent": 2.5
    },
    {
      "index": 1,
      "color": "#DC4FDD",
      "shape": "oval",
      "center": [
        -0.3470042266792859,
        -0.026695682119159236
      ],
      "amp": 0.21383824555599984,
      "phase": 1.2755400734820015,
      "lobes": 3,
      "density": 28,
      "scale": 0.8147387438400616,
      "oval_a": 1.1602937983448856,
      "oval_b": 0.7660123778311223
    },
    {
      "index": 2,
      "color": "#F6FA31",
      "shape": "arc",
      "center": [
        0.23531520576904275,
        0.3812803265348256
      ],
      "amp": 0.22941152869845416,
      "phase": 3.540226005937842,
      "lobes": 4,
      "density": 32,
      "scale": 0.9232827877912615
    }
  ]
}