{
  "product_id": "597957145413",
  "seed": 3262165990,
  "colors": [
    "#1EF1F2",
    "#DC4FDD",
    "#F6FA31"
  ],
  "shape_types": [
    "arc",
    "loop",
    "leaf"
  ],
  "size": 800,
  "per_shape": [
    {
      "index": 0,
      "color": "#1EF1F2",
      "shape": "arc",
      "center": [
        0.0084519407515537,
        -0.057792160807101034
      ],
      "amp": 0.1637154073424295,
      "phase": 2.4460465703761867,
      "lobes": 4,
      "density": 23,
      "scale": 1.0978284981399258
    },
    {
      "index": 1,
      "color": "#DC4FDD",
      "shape": "loop",
      "center": [
        0.06967883832852317,
        0.11118351391486225
      ],
      "amp": 0.11981308224971247,
      "phase": 3.2335845045637295,
      "lobes": 2,
      "density": 25,
      "scale": 1.1813387488319047,
      "loop_exponent": 2.5
    },
    {
      "index": 2,
      "color": "#F6FA31",
      "shape": "leaf",
      "center": [
        -0.036326365659343884,
        -0.06388908231938178
      ],
      "amp": 0.21945370549366022,
      "phase": 3.629351369989178,
      "lobes": 2,
      "density": 19,
      "scale": 0.9515562260433741,
      "leaf_type": "heart_polar_r=1-sin(theta+phase)"
    }
  ]
}