{
  "product_id": "597957143991",
  "seed": 697584109,
  "colors": [
    "#1EF1F2",
    "#DC4FDD",
    "#F6FA31"
  ],
  "shape_types": [
    "leaf",
    "arc",
    "loop"
  ],
  "size": 800,
  "per_shape": [
    {
      "index": 0,
      "color": "#1EF1F2",
      "shape": "leaf",
      "center": [
        -0.3029700350086736,
        -0.10589794706900779
      ],
      "amp": 0.25671414908277684,
      "phase": 0.553725561688853,
      "lobes": 3,
      "density": 23,
      "scale": 0.8977690666262452,
      "leaf_type": "heart_polar_r=1-sin(theta+phase)"
    },
    {
      "index": 1,
      "color": "#DC4FDD",
      "shape": "arc",
      "center": [
        0.09635320946964915,
        -0.01181242685180317
      ],
      "amp": 0.19176747843169412,
      "phase": 0.6331970130401439,
      "lobes": 4,
      "density": 36,
      "scale": 1.1590625622136992
    },
    {
      "index": 2,
      "color": "#F6FA31",
      "shape": "loop",
      "center": [
        -0.38337784381171347,
        0.25535627993141474
      ],
      "amp": 0.2893470275061194,
      "phase": 4.8418095261957665,
      "lobes": 4,
      "density": 33,
      "scale": 1.1278719055510822,
      "loop_exponent": 2.5
    }
  ]
}