{
  "product_id": "597957141723",
  "seed": 689248170,
  "colors": [
    "#1EF1F2",
    "#DC4FDD",
    "#F6FA31"
  ],
  "shape_types": [
    "arc",
    "leaf",
    "oval"
  ],
  "size": 800,
  "per_shape": [
    {
      "index": 0,
      "color": "#1EF1F2",
      "shape": "arc",
      "center": [
        0.23171526263623077,
        0.07309313850972404
      ],
      "amp": 0.23391759678951995,
      "phase": 1.4169737931965922,
      "lobes": 4,
      "density": 29,
      "scale": 0.8545755327334046
    },
    {
      "index": 1,
      "color": "#DC4FDD",
      "shape": "leaf",
      "center": [
        0.11209260928576603,
        -0.15011773471044326
      ],
      "amp": 0.13336194687355857,
      "phase": 3.854589179850496,
      "lobes": 3,
      "density": 32,
      "scale": 0.8034800961037407,
      "leaf_type": "heart_polar_r=1-sin(theta+phase)"
    },
    {
      "index": 2,
      "color": "#F6FA31",
      "shape": "oval",
      "center": [
        0.08457637750689645,
        -0.16418081617444635
      ],
      "amp": 0.149661882400568,
      "phase": 3.4724001309435772,
      "lobes": 2,
      "density": 22,
      "scale": 1.1928260163621305,
      "oval_a": 1.2337185946435245,
      "oval_b": 0.7899400924787869
    }
  ]
}