{
  "product_id": "597957147253",
  "seed": 2624056932,
  "colors": [
    "#1EF1F2",
    "#DC4FDD",
    "#F6FA31"
  ],
  "shape_types": [
    "loop",
    "arc",
    "leaf"
  ],
  "size": 800,
  "per_shape": [
    {
      "index": 0,
      "color": "#1EF1F2",
      "shape": "loop",
      "center": [
        0.02233310329045901,
        -0.34082444172220455
      ],
      "amp": 0.12477868079957598,
      "phase": 0.8384150520772163,
      "lobes": 3,
      "density": 34,
      "scale": 0.8448560079917083,
      "loop_exponent": 2.5
    },
    {
      "index": 1,
      "color": "#DC4FDD",
      "shape": "arc",
      "center": [
        -0.3796856602636381,
        0.36465621251158387
      ],
      "amp": 0.1289457610368031,
      "phase": 6.251868938954719,
      "lobes": 3,
      "density": 24,
      "scale": 1.1198391291447591
    },
    {
      "index": 2,
      "color": "#F6FA31",
      "shape": "leaf",
      "center": [
        -0.2620473261776728,
        0.36192677373960513
      ],
      "amp": 0.08785209770449327,
      "phase": 2.862989206172727,
      "lobes": 3,
      "density": 27,
      "scale": 0.9836986724460255,
      "leaf_type": "heart_polar_r=1-sin(theta+phase)"
    }
  ]
}