{
  "product_id": "597957146245",
  "seed": 2852791505,
  "colors": [
    "#1EF1F2",
    "#DC4FDD",
    "#F6FA31"
  ],
  "shape_types": [
    "loop",
    "oval",
    "leaf"
  ],
  "size": 800,
  "per_shape": [
    {
      "index": 0,
      "color": "#1EF1F2",
      "shape": "loop",
      "center": [
        -0.18863624053092237,
        0.30481268178938337
      ],
      "amp": 0.28605126973846384,
      "phase": 3.653075126418126,
      "lobes": 2,
      "density": 29,
      "scale": 0.8150171735146224,
      "loop_exponent": 2.5
    },
    {
      "index": 1,
      "color": "#DC4FDD",
      "shape": "oval",
      "center": [
        0.34040746131249866,
        -0.30577619054071736
      ],
      "amp": 0.06342372340535225,
      "phase": 5.468873767239237,
      "lobes": 2,
      "density": 35,
      "scale": 1.148412761988342,
      "oval_a": 1.1746979910203255,
      "oval_b": 0.7012363401523113
    },
    {
      "index": 2,
      "color": "#F6FA31",
      "shape": "leaf",
      "center": [
        0.09153719241270347,
        0.3599342378377648
      ],
      "amp": 0.18857523557874228,
      "phase": 5.4354409389109755,
      "lobes": 4,
      "density": 36,
      "scale": 1.0402438351596297,
      "leaf_type": "heart_polar_r=1-sin(theta+phase)"
    }
  ]
}