{
  "product_id": "597957146029",
  "seed": 1396444731,
  "colors": [
    "#1EF1F2",
    "#DC4FDD",
    "#F6FA31"
  ],
  "shape_types": [
    "loop",
    "arc",
    "leaf"
  ],
  "size": 800,
  "per_shape": [
    {
      "index": 0,
      "color": "#1EF1F2",
      "shape": "loop",
      "center": [
        -0.106931644067845,
        -0.20374627935416784
      ],
      "amp": 0.13445665517728866,
      "phase": 4.617448590994357,
      "lobes": 3,
      "density": 28,
      "scale": 0.8218742839280824,
      "loop_exponent": 2.5
    },
    {
      "index": 1,
      "color": "#DC4FDD",
      "shape": "arc",
      "center": [
        0.253024954729267,
        -0.28106270458510035
      ],
      "amp": 0.15269369702124413,
      "phase": 1.3892236910220246,
      "lobes": 2,
      "density": 29,
      "scale": 1.0805295896333076
    },
    {
      "index": 2,
      "color": "#F6FA31",
      "shape": "leaf",
      "center": [
        -0.0788274941690541,
        -0.26151507360286097
      ],
      "amp": 0.11180327407701936,
      "phase": 1.052543187172425,
      "lobes": 3,
      "density": 26,
      "scale": 1.1332823591658086,
      "leaf_type": "heart_polar_r=1-sin(theta+phase)"
    }
  ]
}