{
  "product_id": "597957147511",
  "seed": 150914426,
  "colors": [
    "#1EF1F2",
    "#DC4FDD",
    "#F6FA31"
  ],
  "shape_types": [
    "arc",
    "loop",
    "oval"
  ],
  "size": 800,
  "per_shape": [
    {
      "index": 0,
      "color": "#1EF1F2",
      "shape": "arc",
      "center": [
        -0.3200037285250213,
        -0.33227640426109795
      ],
      "amp": 0.07314712650376683,
      "phase": 1.0627057569748088,
      "lobes": 3,
      "density": 28,
      "scale": 1.0349871509659372
    },
    {
      "index": 1,
      "color": "#DC4FDD",
      "shape": "loop",
      "center": [
        0.24387008835455137,
        0.3157874891597383
      ],
      "amp": 0.23474208390064227,
      "phase": 1.7548918444891748,
      "lobes": 4,
      "density": 28,
      "scale": 1.0985803454319472,
      "loop_exponent": 2.5
    },
    {
      "index": 2,
      "color": "#F6FA31",
      "shape": "oval",
      "center": [
        0.27229958676084187,
        -0.34499531188157795
      ],
      "amp": 0.23678561700769635,
      "phase": 0.5342505719648344,
      "lobes": 4,
      "density": 33,
      "scale": 1.1430684231222612,
      "oval_a": 1.1803661251993065,
      "oval_b": 0.8449137846311146
    }
  ]
}