{
  "product_id": "597957147245",
  "seed": 3426921384,
  "colors": [
    "#1EF1F2",
    "#DC4FDD",
    "#F6FA31"
  ],
  "shape_types": [
    "arc",
    "loop",
    "leaf"
  ],
  "size": 800,
  "per_shape": [
    {
      "index": 0,
      "color": "#1EF1F2",
      "shape": "arc",
      "center": [
        -0.2502640297576866,
        0.006567284959140107
      ],
      "amp": 0.25560381711753066,
      "phase": 1.2077213010669259,
      "lobes": 2,
      "density": 19,
      "scale": 0.9181972676298692
    },
    {
      "index": 1,
      "color": "#DC4FDD",
      "shape": "loop",
      "center": [
        -0.3779108347368202,
        0.22234484177930236
      ],
      "amp": 0.12858137812680304,
      "phase": 4.3771360707863085,
      "lobes": 3,
      "density": 19,
      "scale": 1.1605197443066724,
      "loop_exponent": 2.5
    },
    {
      "index": 2,
      "color": "#F6FA31",
      "shape": "leaf",
      "center": [
        -0.022172893181112374,
        -0.2711229674825706
      ],
      "amp": 0.13572289941762455,
      "phase": 2.5362353202392662,
      "lobes": 2,
      "density": 22,
      "scale": 1.1530242361167091,
      "leaf_type": "heart_polar_r=1-sin(theta+phase)"
    }
  ]
}