{
  "product_id": "597957143293",
  "seed": 149548072,
  "colors": [
    "#1EF1F2",
    "#DC4FDD",
    "#F6FA31"
  ],
  "shape_types": [
    "leaf",
    "oval",
    "arc"
  ],
  "size": 800,
  "per_shape": [
    {
      "index": 0,
      "color": "#1EF1F2",
      "shape": "leaf",
      "center": [
        0.29326173592695903,
        0.3809655550038237
      ],
      "amp": 0.23448131299869246,
      "phase": 4.025826742958792,
      "lobes": 4,
      "density": 20,
      "scale": 1.0251285588059698,
      "leaf_type": "heart_polar_r=1-sin(theta+phase)"
    },
    {
      "index": 1,
      "color": "#DC4FDD",
      "shape": "oval",
      "center": [
        0.3171031409947015,
        -0.16271395133893424
      ],
      "amp": 0.0598954217666557,
      "phase": 2.0128856569676272,
      "lobes": 4,
      "density": 23,
      "scale": 1.1015447862487049,
      "oval_a": 1.1510320939810397,
      "oval_b": 0.7912960497331045
    },
    {
      "index": 2,
      "color": "#F6FA31",
      "shape": "arc",
      "center": [
        0.17273307857550146,
        -0.23607437624847025
      ],
      "amp": 0.29512696270392474,
      "phase": 6.220147111791104,
      "lobes": 3,
      "density": 34,
      "scale": 0.8918680805218889
    }
  ]
}