{
  "product_id": "597957138801",
  "seed": 3432334176,
  "colors": [
    "#1EF1F2",
    "#DC4FDD",
    "#F6FA31"
  ],
  "shape_types": [
    "leaf",
    "loop",
    "oval"
  ],
  "size": 800,
  "per_shape": [
    {
      "index": 0,
      "color": "#1EF1F2",
      "shape": "leaf",
      "center": [
        -0.11159053979839273,
        -0.22704544616112293
      ],
      "amp": 0.09954337179932153,
      "phase": 0.49450148490898604,
      "lobes": 4,
      "density": 23,
      "scale": 0.8168545869567877,
      "leaf_type": "heart_polar_r=1-sin(theta+phase)"
    },
    {
      "index": 1,
      "color": "#DC4FDD",
      "shape": "loop",
      "center": [
        0.3185515800841475,
        -0.04231111467559645
      ],
      "amp": 0.2482444253002825,
      "phase": 5.155481749044064,
      "lobes": 4,
      "density": 34,
      "scale": 1.0965686768795864,
      "loop_exponent": 2.5
    },
    {
      "index": 2,
      "color": "#F6FA31",
      "shape": "oval",
      "center": [
        0.285451544861404,
        0.2177940722602908
      ],
      "amp": 0.27409557545179003,
      "phase": 2.485498538262674,
      "lobes": 2,
      "density": 33,
      "scale": 1.1182186256811,
      "oval_a": 1.2533219731639846,
      "oval_b": 0.7065379385568926
    }
  ]
}