{
  "product_id": "597957146403",
  "seed": 3181761888,
  "colors": [
    "#1EF1F2",
    "#DC4FDD",
    "#F6FA31"
  ],
  "shape_types": [
    "loop",
    "leaf",
    "oval"
  ],
  "size": 800,
  "per_shape": [
    {
      "index": 0,
      "color": "#1EF1F2",
      "shape": "loop",
      "center": [
        0.23088292048807801,
        -0.24192138162394328
      ],
      "amp": 0.2889119145462452,
      "phase": 5.873652828350895,
      "lobes": 3,
      "density": 23,
      "scale": 1.099442781460003,
      "loop_exponent": 2.5
    },
    {
      "index": 1,
      "color": "#DC4FDD",
      "shape": "leaf",
      "center": [
        0.0841504208707578,
        0.11180299029039531
      ],
      "amp": 0.1735063000873064,
      "phase": 1.715378279287004,
      "lobes": 3,
      "density": 22,
      "scale": 0.9560758964423102,
      "leaf_type": "heart_polar_r=1-sin(theta+phase)"
    },
    {
      "index": 2,
      "color": "#F6FA31",
      "shape": "oval",
      "center": [
        -0.3831865149936795,
        0.03652019663711903
      ],
      "amp": 0.18518811878576547,
      "phase": 0.4366395888270161,
      "lobes": 3,
      "density": 25,
      "scale": 1.1849484240633754,
      "oval_a": 1.1539393711928838,
      "oval_b": 0.8985457675967172
    }
  ]
}