{
  "product_id": "597957146013",
  "seed": 2853441460,
  "colors": [
    "#1EF1F2",
    "#DC4FDD",
    "#F6FA31"
  ],
  "shape_types": [
    "oval",
    "leaf",
    "loop"
  ],
  "size": 800,
  "per_shape": [
    {
      "index": 0,
      "color": "#1EF1F2",
      "shape": "oval",
      "center": [
        -0.23974709046609705,
        -0.11369654335026019
      ],
      "amp": 0.14317912632549473,
      "phase": 0.9370177253908492,
      "lobes": 3,
      "density": 24,
      "scale": 1.0094611105202211,
      "oval_a": 1.1159778525143529,
      "oval_b": 0.8329545695343492
    },
    {
      "index": 1,
      "color": "#DC4FDD",
      "shape": "leaf",
      "center": [
        -0.3503814724960761,
        -0.36240493125613843
      ],
      "amp": 0.1792469678791298,
      "phase": 1.7589712490066878,
      "lobes": 4,
      "density": 35,
      "scale": 0.8616806794318199,
      "leaf_type": "heart_polar_r=1-sin(theta+phase)"
    },
    {
      "index": 2,
      "color": "#F6FA31",
      "shape": "loop",
      "center": [
        -0.3027646198353681,
        -0.3147354031493387
      ],
      "amp": 0.28531180622890184,
      "phase": 1.7130245140753957,
      "lobes": 4,
      "density": 28,
      "scale": 1.0755113553348488,
      "loop_exponent": 2.5
    }
  ]
}