{
  "product_id": "597957141959",
  "seed": 2674659220,
  "colors": [
    "#1EF1F2",
    "#DC4FDD",
    "#F6FA31"
  ],
  "shape_types": [
    "leaf",
    "arc",
    "loop"
  ],
  "size": 800,
  "per_shape": [
    {
      "index": 0,
      "color": "#1EF1F2",
      "shape": "leaf",
      "center": [
        -0.22028883324789536,
        -0.07829994380929622
      ],
      "amp": 0.07376173464726689,
      "phase": 5.909322822107853,
      "lobes": 2,
      "density": 19,
      "scale": 0.8516419796963806,
      "leaf_type": "heart_polar_r=1-sin(theta+phase)"
    },
    {
      "index": 1,
      "color": "#DC4FDD",
      "shape": "arc",
      "center": [
        0.0970848235447147,
        -0.28427739783833283
      ],
      "amp": 0.10281565001972896,
      "phase": 4.103431930984425,
      "lobes": 2,
      "density": 18,
      "scale": 1.0637557409628626
    },
    {
      "index": 2,
      "color": "#F6FA31",
      "shape": "loop",
      "center": [
        0.15668771367142587,
        -0.0476729334657266
      ],
      "amp": 0.0943963264394954,
      "phase": 0.8245827880963209,
      "lobes": 2,
      "density": 28,
      "scale": 0.8941814127427602,
      "loop_exponent": 2.5
    }
  ]
}