{
  "product_id": "597957140779",
  "seed": 2077520566,
  "colors": [
    "#1EF1F2",
    "#DC4FDD",
    "#F6FA31"
  ],
  "shape_types": [
    "oval",
    "loop",
    "arc"
  ],
  "size": 800,
  "per_shape": [
    {
      "index": 0,
      "color": "#1EF1F2",
      "shape": "oval",
      "center": [
        -0.029998666071748947,
        -0.3668395073420956
      ],
      "amp": 0.10763808479273158,
      "phase": 1.3758834759233856,
      "lobes": 4,
      "density": 26,
      "scale": 1.102285866394979,
      "oval_a": 1.2430762318205422,
      "oval_b": 0.7972674906542987
    },
    {
      "index": 1,
      "color": "#DC4FDD",
      "shape": "loop",
      "center": [
        -0.11569252622347792,
        0.227729555886386
      ],
      "amp": 0.05867191994214842,
      "phase": 0.829075584394995,
      "lobes": 4,
      "density": 28,
      "scale": 0.8921734657400773,
      "loop_exponent": 2.5
    },
    {
      "index": 2,
      "color": "#F6FA31",
      "shape": "arc",
      "center": [
        0.023282205004840684,
        0.2738079176592284
      ],
      "amp": 0.21560694395407687,
      "phase": 2.8950748619846176,
      "lobes": 4,
      "density": 22,
      "scale": 1.1060107414519287
    }
  ]
}