{
  "product_id": "597957145869",
  "seed": 2870485714,
  "colors": [
    "#1EF1F2",
    "#DC4FDD",
    "#F6FA31"
  ],
  "shape_types": [
    "leaf",
    "oval",
    "loop"
  ],
  "size": 800,
  "per_shape": [
    {
      "index": 0,
      "color": "#1EF1F2",
      "shape": "leaf",
      "center": [
        -0.25491603170828914,
        -0.09297907285615947
      ],
      "amp": 0.0811019932833499,
      "phase": 0.12285436505505176,
      "lobes": 3,
      "density": 30,
      "scale": 0.9548141058779459,
      "leaf_type": "heart_polar_r=1-sin(theta+phase)"
    },
    {
      "index": 1,
      "color": "#DC4FDD",
      "shape": "oval",
      "center": [
        -0.0815630032226432,
        -0.3973228392410218
      ],
      "amp": 0.16730011898082153,
      "phase": 3.8492433379236877,
      "lobes": 2,
      "density": 22,
      "scale": 1.0765148517636516,
      "oval_a": 1.141539489443487,
      "oval_b": 0.7596071173066415
    },
    {
      "index": 2,
      "color": "#F6FA31",
      "shape": "loop",
      "center": [
        0.33268301430234315,
        -0.21759162193662265
      ],
      "amp": 0.22429316303786517,
      "phase": 1.6335398224626303,
      "lobes": 3,
      "density": 33,
      "scale": 0.9215071492354759,
      "loop_exponent": 2.5
    }
  ]
}