{
  "product_id": "597957142945",
  "seed": 820620731,
  "colors": [
    "#1EF1F2",
    "#DC4FDD",
    "#F6FA31"
  ],
  "shape_types": [
    "loop",
    "leaf",
    "arc"
  ],
  "size": 800,
  "per_shape": [
    {
      "index": 0,
      "color": "#1EF1F2",
      "shape": "loop",
      "center": [
        0.31859866426381667,
        -0.28158183466610265
      ],
      "amp": 0.12540969196149043,
      "phase": 4.159500529429884,
      "lobes": 2,
      "density": 19,
      "scale": 0.9269460069965079,
      "loop_exponent": 2.5
    },
    {
      "index": 1,
      "color": "#DC4FDD",
      "shape": "leaf",
      "center": [
        -0.3955752023530094,
        0.2925014031631924
      ],
      "amp": 0.17314284902986532,
      "phase": 5.68686247133361,
      "lobes": 2,
      "density": 27,
      "scale": 0.9731460596119025,
      "leaf_type": "heart_polar_r=1-sin(theta+phase)"
    },
    {
      "index": 2,
      "color": "#F6FA31",
      "shape": "arc",
      "center": [
        -0.1471959414846138,
        -0.12969259979163994
      ],
      "amp": 0.20648680115071044,
      "phase": 3.8002060347537383,
      "lobes": 4,
      "density": 25,
      "scale": 1.129487680008189
    }
  ]
}