{
  "product_id": "597957146101",
  "seed": 3879074547,
  "colors": [
    "#1EF1F2",
    "#DC4FDD",
    "#F6FA31"
  ],
  "shape_types": [
    "leaf",
    "arc",
    "loop"
  ],
  "size": 800,
  "per_shape": [
    {
      "index": 0,
      "color": "#1EF1F2",
      "shape": "leaf",
      "center": [
        0.1025312373068904,
        -0.008869767300961062
      ],
      "amp": 0.15107169129890696,
      "phase": 0.6537729596091966,
      "lobes": 4,
      "density": 26,
      "scale": 0.9664166112617106,
      "leaf_type": "heart_polar_r=1-sin(theta+phase)"
    },
    {
      "index": 1,
      "color": "#DC4FDD",
      "shape": "arc",
      "center": [
        0.33962048241232967,
        -0.05663198991071844
      ],
      "amp": 0.1752232598682399,
      "phase": 3.3636827634780784,
      "lobes": 4,
      "density": 21,
      "scale": 0.8526369098206747
    },
    {
      "index": 2,
      "color": "#F6FA31",
      "shape": "loop",
      "center": [
        -0.20553746215980695,
        -0.16154733338056204
      ],
      "amp": 0.24366013157174377,
      "phase": 1.4853002089974354,
      "lobes": 3,
      "density": 23,
      "scale": 1.0305331476254855,
      "loop_exponent": 2.5
    }
  ]
}