{
  "product_id": "597957142801",
  "seed": 3414073014,
  "colors": [
    "#1EF1F2",
    "#DC4FDD",
    "#F6FA31"
  ],
  "shape_types": [
    "arc",
    "oval",
    "leaf"
  ],
  "size": 800,
  "per_shape": [
    {
      "index": 0,
      "color": "#1EF1F2",
      "shape": "arc",
      "center": [
        0.33528598953767774,
        0.20514408560435393
      ],
      "amp": 0.13130950338234293,
      "phase": 2.086587331086982,
      "lobes": 3,
      "density": 29,
      "scale": 1.0828873500482585
    },
    {
      "index": 1,
      "color": "#DC4FDD",
      "shape": "oval",
      "center": [
        0.2961536168969948,
        0.3453328197993375
      ],
      "amp": 0.27832266200013067,
      "phase": 5.181073451873847,
      "lobes": 3,
      "density": 31,
      "scale": 1.05730379791853,
      "oval_a": 1.2680747782323853,
      "oval_b": 0.7226063426108156
    },
    {
      "index": 2,
      "color": "#F6FA31",
      "shape": "leaf",
      "center": [
        -0.13017759371975074,
        -0.05306117809141214
      ],
      "amp": 0.265242614129897,
      "phase": 4.813204920644863,
      "lobes": 3,
      "density": 22,
      "scale": 1.1902365126145402,
      "leaf_type": "heart_polar_r=1-sin(theta+phase)"
    }
  ]
}