{
  "product_id": "597957141555",
  "seed": 29364189,
  "colors": [
    "#1EF1F2",
    "#DC4FDD",
    "#F6FA31"
  ],
  "shape_types": [
    "loop",
    "arc",
    "oval"
  ],
  "size": 800,
  "per_shape": [
    {
      "index": 0,
      "color": "#1EF1F2",
      "shape": "loop",
      "center": [
        0.22671868312893273,
        -0.039940765128184286
      ],
      "amp": 0.20606083042265133,
      "phase": 2.3433262734125715,
      "lobes": 2,
      "density": 27,
      "scale": 0.9882270989803046,
      "loop_exponent": 2.5
    },
    {
      "index": 1,
      "color": "#DC4FDD",
      "shape": "arc",
      "center": [
        0.2877107402795741,
        -0.22388146956492516
      ],
      "amp": 0.2094773585665461,
      "phase": 1.0400882330084416,
      "lobes": 3,
      "density": 31,
      "scale": 0.8819301445429432
    },
    {
      "index": 2,
      "color": "#F6FA31",
      "shape": "oval",
      "center": [
        0.123300846950392,
        0.22072096022586607
      ],
      "amp": 0.24809605352386266,
      "phase": 5.07127547433212,
      "lobes": 4,
      "density": 20,
      "scale": 0.8709831168321223,
      "oval_a": 1.121375981310957,
      "oval_b": 0.8811027373459835
    }
  ]
}