{
  "product_id": "597957140885",
  "seed": 969669036,
  "colors": [
    "#1EF1F2",
    "#DC4FDD",
    "#F6FA31"
  ],
  "shape_types": [
    "leaf",
    "oval",
    "loop"
  ],
  "size": 800,
  "per_shape": [
    {
      "index": 0,
      "color": "#1EF1F2",
      "shape": "leaf",
      "center": [
        0.14441956556947522,
        0.33485439199555944
      ],
      "amp": 0.12272200872934912,
      "phase": 1.0862466197902705,
      "lobes": 3,
      "density": 21,
      "scale": 1.0617478567319059,
      "leaf_type": "heart_polar_r=1-sin(theta+phase)"
    },
    {
      "index": 1,
      "color": "#DC4FDD",
      "shape": "oval",
      "center": [
        0.1632244891335214,
        0.18991739776153616
      ],
      "amp": 0.2532882673697759,
      "phase": 5.264162458653183,
      "lobes": 4,
      "density": 28,
      "scale": 1.1085755125101397,
      "oval_a": 1.1018915614488638,
      "oval_b": 0.8538319196490546
    },
    {
      "index": 2,
      "color": "#F6FA31",
      "shape": "loop",
      "center": [
        0.2394778908949441,
        -0.12573723193393688
      ],
      "amp": 0.10319793105267634,
      "phase": 1.8247581205214236,
      "lobes": 4,
      "density": 33,
      "scale": 1.1385653470354742,
      "loop_exponent": 2.5
    }
  ]
}