{
  "product_id": "597957147527",
  "seed": 2704410894,
  "colors": [
    "#1EF1F2",
    "#DC4FDD",
    "#F6FA31"
  ],
  "shape_types": [
    "loop",
    "oval",
    "leaf"
  ],
  "size": 800,
  "per_shape": [
    {
      "index": 0,
      "color": "#1EF1F2",
      "shape": "loop",
      "center": [
        0.12715300644156746,
        0.0879753173905432
      ],
      "amp": 0.27163714716624704,
      "phase": 2.123604912501735,
      "lobes": 2,
      "density": 20,
      "scale": 1.0975547570812798,
      "loop_exponent": 2.5
    },
    {
      "index": 1,
      "color": "#DC4FDD",
      "shape": "oval",
      "center": [
        -0.14774241976015123,
        0.2037839960816541
      ],
      "amp": 0.1461582985392595,
      "phase": 3.5788044655670914,
      "lobes": 4,
      "density": 35,
      "scale": 1.0252680760451136,
      "oval_a": 1.23318328575456,
      "oval_b": 0.7575436800835712
    },
    {
      "index": 2,
      "color": "#F6FA31",
      "shape": "leaf",
      "center": [
        0.03282644746767743,
        0.2101671410799575
      ],
      "amp": 0.10312825697632706,
      "phase": 3.8073241883076325,
      "lobes": 4,
      "density": 19,
      "scale": 1.1789510522091502,
      "leaf_type": "heart_polar_r=1-sin(theta+phase)"
    }
  ]
}