{
  "product_id": "597957139375",
  "seed": 3018452307,
  "colors": [
    "#1EF1F2",
    "#DC4FDD",
    "#F6FA31"
  ],
  "shape_types": [
    "leaf",
    "oval",
    "arc"
  ],
  "size": 800,
  "per_shape": [
    {
      "index": 0,
      "color": "#1EF1F2",
      "shape": "leaf",
      "center": [
        -0.04214966656018815,
        0.317375810400782
      ],
      "amp": 0.23303370266456902,
      "phase": 6.277853303958468,
      "lobes": 2,
      "density": 19,
      "scale": 1.1569945338436671,
      "leaf_type": "heart_polar_r=1-sin(theta+phase)"
    },
    {
      "index": 1,
      "color": "#DC4FDD",
      "shape": "oval",
      "center": [
        -0.05699111683612035,
        0.037516786877642705
      ],
      "amp": 0.2892927985668185,
      "phase": 1.0074969727179326,
      "lobes": 3,
      "density": 35,
      "scale": 1.0731050522350354,
      "oval_a": 1.1690244203999753,
      "oval_b": 0.7673488114426237
    },
    {
      "index": 2,
      "color": "#F6FA31",
      "shape": "arc",
      "center": [
        0.2937822956003616,
        -0.29923759339298384
      ],
      "amp": 0.05581103777506312,
      "phase": 1.3082986572056192,
      "lobes": 4,
      "density": 19,
      "scale": 1.072403169943019
    }
  ]
}