{
  "product_id": "597957145371",
  "seed": 1119839000,
  "colors": [
    "#1EF1F2",
    "#DC4FDD",
    "#F6FA31"
  ],
  "shape_types": [
    "loop",
    "oval",
    "arc"
  ],
  "size": 800,
  "per_shape": [
    {
      "index": 0,
      "color": "#1EF1F2",
      "shape": "loop",
      "center": [
        -0.3799121575813298,
        -0.07746048680125489
      ],
      "amp": 0.06191224367126459,
      "phase": 4.439937372054691,
      "lobes": 2,
      "density": 20,
      "scale": 1.044224625406875,
      "loop_exponent": 2.5
    },
    {
      "index": 1,
      "color": "#DC4FDD",
      "shape": "oval",
      "center": [
        -0.11171380763449418,
        0.08564349683834677
      ],
      "amp": 0.15150907254195117,
      "phase": 1.8902194449383174,
      "lobes": 2,
      "density": 32,
      "scale": 1.1160411052249768,
      "oval_a": 1.2197585296472333,
      "oval_b": 0.8593300379779134
    },
    {
      "index": 2,
      "color": "#F6FA31",
      "shape": "arc",
      "center": [
        0.13696584094232778,
        -0.35972635261005553
      ],
      "amp": 0.09020420685891979,
      "phase": 1.4222141686024794,
      "lobes": 2,
      "density": 32,
      "scale": 1.0884671071049308
    }
  ]
}