{
  "product_id": "597957143339",
  "seed": 4268867986,
  "colors": [
    "#1EF1F2",
    "#DC4FDD",
    "#F6FA31"
  ],
  "shape_types": [
    "oval",
    "leaf",
    "arc"
  ],
  "size": 800,
  "per_shape": [
    {
      "index": 0,
      "color": "#1EF1F2",
      "shape": "oval",
      "center": [
        0.02091301659036615,
        -0.2563731298462256
      ],
      "amp": 0.18659894561978496,
      "phase": 3.9092660090321307,
      "lobes": 2,
      "density": 36,
      "scale": 0.8990776652481233,
      "oval_a": 1.2066242028655252,
      "oval_b": 0.8639045769916954
    },
    {
      "index": 1,
      "color": "#DC4FDD",
      "shape": "leaf",
      "center": [
        -0.09882349738910551,
        0.19796762201763796
      ],
      "amp": 0.1320248774293969,
      "phase": 2.117716893220193,
      "lobes": 2,
      "density": 34,
      "scale": 1.049141440533746,
      "leaf_type": "heart_polar_r=1-sin(theta+phase)"
    },
    {
      "index": 2,
      "color": "#F6FA31",
      "shape": "arc",
      "center": [
        0.30964208857250897,
        -0.30088641404814126
      ],
      "amp": 0.25142990463403825,
      "phase": 0.36866034646997503,
      "lobes": 4,
      "density": 29,
      "scale": 1.1256731564109015
    }
  ]
}