{
  "product_id": "597957146567",
  "seed": 1817224152,
  "colors": [
    "#1EF1F2",
    "#DC4FDD",
    "#F6FA31"
  ],
  "shape_types": [
    "oval",
    "arc",
    "leaf"
  ],
  "size": 800,
  "per_shape": [
    {
      "index": 0,
      "color": "#1EF1F2",
      "shape": "oval",
      "center": [
        0.18527638991481887,
        0.28815683594065644
      ],
      "amp": 0.2395857807643098,
      "phase": 0.36915529872811903,
      "lobes": 4,
      "density": 28,
      "scale": 0.863502605846005,
      "oval_a": 1.197730387524019,
      "oval_b": 0.8854673173428191
    },
    {
      "index": 1,
      "color": "#DC4FDD",
      "shape": "arc",
      "center": [
        -0.25736722506576715,
        -0.1532454898409979
      ],
      "amp": 0.2122764154506967,
      "phase": 1.694510065072232,
      "lobes": 4,
      "density": 32,
      "scale": 1.1642803050509465
    },
    {
      "index": 2,
      "color": "#F6FA31",
      "shape": "leaf",
      "center": [
        0.0036306203220941025,
        0.00784949613305308
      ],
      "amp": 0.2841369723690269,
      "phase": 3.482438427592259,
      "lobes": 2,
      "density": 25,
      "scale": 0.8037252971532665,
      "leaf_type": "heart_polar_r=1-sin(theta+phase)"
    }
  ]
}