{
  "product_id": "597957143765",
  "seed": 2083744891,
  "colors": [
    "#1EF1F2",
    "#DC4FDD",
    "#F6FA31"
  ],
  "shape_types": [
    "loop",
    "arc",
    "oval"
  ],
  "size": 800,
  "per_shape": [
    {
      "index": 0,
      "color": "#1EF1F2",
      "shape": "loop",
      "center": [
        -0.08560913368592737,
        0.13099151145558896
      ],
      "amp": 0.25428497938465805,
      "phase": 4.009619841098099,
      "lobes": 4,
      "density": 36,
      "scale": 0.8724915914618032,
      "loop_exponent": 2.5
    },
    {
      "index": 1,
      "color": "#DC4FDD",
      "shape": "arc",
      "center": [
        0.2095825055758087,
        -0.38671195656532786
      ],
      "amp": 0.1611400293927474,
      "phase": 2.618245413319564,
      "lobes": 4,
      "density": 29,
      "scale": 0.8594710412951936
    },
    {
      "index": 2,
      "color": "#F6FA31",
      "shape": "oval",
      "center": [
        0.3660182226910438,
        -0.2973851905410927
      ],
      "amp": 0.08718593995782421,
      "phase": 5.418478821862303,
      "lobes": 2,
      "density": 26,
      "scale": 0.8538442326164272,
      "oval_a": 1.1557819693804399,
      "oval_b": 0.7001294494208045
    }
  ]
}