{
  "product_id": "597957145783",
  "seed": 2416637001,
  "colors": [
    "#1EF1F2",
    "#DC4FDD",
    "#F6FA31"
  ],
  "shape_types": [
    "leaf",
    "oval",
    "arc"
  ],
  "size": 800,
  "per_shape": [
    {
      "index": 0,
      "color": "#1EF1F2",
      "shape": "leaf",
      "center": [
        -0.20631839324248322,
        0.34915352189400495
      ],
      "amp": 0.2591358907290719,
      "phase": 3.4727399665180934,
      "lobes": 4,
      "density": 23,
      "scale": 1.1526935717513733,
      "leaf_type": "heart_polar_r=1-sin(theta+phase)"
    },
    {
      "index": 1,
      "color": "#DC4FDD",
      "shape": "oval",
      "center": [
        -0.08511707061774737,
        -0.16554497769255488
      ],
      "amp": 0.13717043572223597,
      "phase": 4.716806548380434,
      "lobes": 3,
      "density": 31,
      "scale": 1.1222125336730313,
      "oval_a": 1.2205811140399128,
      "oval_b": 0.7720047879570131
    },
    {
      "index": 2,
      "color": "#F6FA31",
      "shape": "arc",
      "center": [
        -0.3353853485384103,
        0.30752106873715135
      ],
      "amp": 0.2782606965412197,
      "phase": 5.076216082057864,
      "lobes": 3,
      "density": 20,
      "scale": 0.9031975195803421
    }
  ]
}