{
  "product_id": "597957144829",
  "seed": 2022342497,
  "colors": [
    "#1EF1F2",
    "#DC4FDD",
    "#F6FA31"
  ],
  "shape_types": [
    "arc",
    "oval",
    "leaf"
  ],
  "size": 800,
  "per_shape": [
    {
      "index": 0,
      "color": "#1EF1F2",
      "shape": "arc",
      "center": [
        -0.09659532642638291,
        0.0358215222565616
      ],
      "amp": 0.06512937615969468,
      "phase": 1.685583474526692,
      "lobes": 2,
      "density": 19,
      "scale": 0.9339367162341489
    },
    {
      "index": 1,
      "color": "#DC4FDD",
      "shape": "oval",
      "center": [
        0.36542519548849495,
        0.00931914545468393
      ],
      "amp": 0.12290909724475717,
      "phase": 0.16755059206335524,
      "lobes": 3,
      "density": 33,
      "scale": 0.9428174512726265,
      "oval_a": 1.2504130923294865,
      "oval_b": 0.7738916791494163
    },
    {
      "index": 2,
      "color": "#F6FA31",
      "shape": "leaf",
      "center": [
        0.17646963887922196,
        -0.08449326416507807
      ],
      "amp": 0.17754066381596562,
      "phase": 2.1812898739782742,
      "lobes": 2,
      "density": 20,
      "scale": 1.041263712447894,
      "leaf_type": "heart_polar_r=1-sin(theta+phase)"
    }
  ]
}