{
  "product_id": "597957140129",
  "seed": 2152344800,
  "colors": [
    "#1EF1F2",
    "#DC4FDD",
    "#F6FA31"
  ],
  "shape_types": [
    "loop",
    "oval",
    "leaf"
  ],
  "size": 800,
  "per_shape": [
    {
      "index": 0,
      "color": "#1EF1F2",
      "shape": "loop",
      "center": [
        0.14050496108830335,
        0.11742762476419621
      ],
      "amp": 0.17209579623293536,
      "phase": 3.6674454715454563,
      "lobes": 3,
      "density": 30,
      "scale": 1.0601070680598337,
      "loop_exponent": 2.5
    },
    {
      "index": 1,
      "color": "#DC4FDD",
      "shape": "oval",
      "center": [
        -0.3373316061282986,
        0.20410671412948633
      ],
      "amp": 0.15248912411136106,
      "phase": 1.4307592515174892,
      "lobes": 2,
      "density": 27,
      "scale": 1.0565521615725444,
      "oval_a": 1.2316403088775205,
      "oval_b": 0.8037445644312311
    },
    {
      "index": 2,
      "color": "#F6FA31",
      "shape": "leaf",
      "center": [
        -0.2493797352884478,
        0.24953075081548615
      ],
      "amp": 0.1562587643136345,
      "phase": 1.3229914259065603,
      "lobes": 2,
      "density": 19,
      "scale": 0.8355629402635053,
      "leaf_type": "heart_polar_r=1-sin(theta+phase)"
    }
  ]
}