{
  "product_id": "597957145977",
  "seed": 4028314125,
  "colors": [
    "#1EF1F2",
    "#DC4FDD",
    "#F6FA31"
  ],
  "shape_types": [
    "oval",
    "loop",
    "leaf"
  ],
  "size": 800,
  "per_shape": [
    {
      "index": 0,
      "color": "#1EF1F2",
      "shape": "oval",
      "center": [
        0.0018227958891663398,
        -0.1052295713231694
      ],
      "amp": 0.24369519730425065,
      "phase": 3.415730659230982,
      "lobes": 4,
      "density": 32,
      "scale": 1.0079039753906016,
      "oval_a": 1.2069581883535876,
      "oval_b": 0.8847444683769768
    },
    {
      "index": 1,
      "color": "#DC4FDD",
      "shape": "loop",
      "center": [
        0.049773630013191905,
        0.004774859330162251
      ],
      "amp": 0.058405235228696825,
      "phase": 4.325491047132392,
      "lobes": 3,
      "density": 28,
      "scale": 0.8148492973042447,
      "loop_exponent": 2.5
    },
    {
      "index": 2,
      "color": "#F6FA31",
      "shape": "leaf",
      "center": [
        0.30429820240799743,
        0.31916553315342644
      ],
      "amp": 0.060187709046541374,
      "phase": 5.834280782133918,
      "lobes": 2,
      "density": 29,
      "scale": 0.9318233017021116,
      "leaf_type": "heart_polar_r=1-sin(theta+phase)"
    }
  ]
}