{
  "product_id": "597957147229",
  "seed": 2816356093,
  "colors": [
    "#1EF1F2",
    "#DC4FDD",
    "#F6FA31"
  ],
  "shape_types": [
    "loop",
    "leaf",
    "arc"
  ],
  "size": 800,
  "per_shape": [
    {
      "index": 0,
      "color": "#1EF1F2",
      "shape": "loop",
      "center": [
        -0.10643921767079728,
        -0.006844126660909555
      ],
      "amp": 0.12289391614931229,
      "phase": 4.0724138061897035,
      "lobes": 2,
      "density": 33,
      "scale": 1.1667561449625148,
      "loop_exponent": 2.5
    },
    {
      "index": 1,
      "color": "#DC4FDD",
      "shape": "leaf",
      "center": [
        -0.2653109485952827,
        -0.2840589330968551
      ],
      "amp": 0.298298481662259,
      "phase": 2.3863201714335083,
      "lobes": 2,
      "density": 34,
      "scale": 0.953136537863788,
      "leaf_type": "heart_polar_r=1-sin(theta+phase)"
    },
    {
      "index": 2,
      "color": "#F6FA31",
      "shape": "arc",
      "center": [
        -0.018181233647979078,
        -0.010569565861395791
      ],
      "amp": 0.22872971594894997,
      "phase": 4.5633066110984135,
      "lobes": 4,
      "density": 27,
      "scale": 1.1105634739766006
    }
  ]
}