{
  "product_id": "597957142417",
  "seed": 1618037316,
  "colors": [
    "#1EF1F2",
    "#DC4FDD",
    "#F6FA31"
  ],
  "shape_types": [
    "oval",
    "loop",
    "arc"
  ],
  "size": 800,
  "per_shape": [
    {
      "index": 0,
      "color": "#1EF1F2",
      "shape": "oval",
      "center": [
        -0.0516109493247664,
        -0.3405380898889709
      ],
      "amp": 0.1798449580204844,
      "phase": 5.678080409530783,
      "lobes": 4,
      "density": 31,
      "scale": 0.9844406710713132,
      "oval_a": 1.2933203169004495,
      "oval_b": 0.8532149750949583
    },
    {
      "index": 1,
      "color": "#DC4FDD",
      "shape": "loop",
      "center": [
        0.0649673897889998,
        -0.038153805642278715
      ],
      "amp": 0.21657572414574544,
      "phase": 5.991811488429105,
      "lobes": 4,
      "density": 18,
      "scale": 1.060979434744241,
      "loop_exponent": 2.5
    },
    {
      "index": 2,
      "color": "#F6FA31",
      "shape": "arc",
      "center": [
        0.23088470691792506,
        -0.17483062699804242
      ],
      "amp": 0.17009490476612632,
      "phase": 3.3345178560847284,
      "lobes": 4,
      "density": 20,
      "scale": 0.924120949926159
    }
  ]
}