{
  "product_id": "597957140807",
  "seed": 2647918414,
  "colors": [
    "#1EF1F2",
    "#DC4FDD",
    "#F6FA31"
  ],
  "shape_types": [
    "leaf",
    "arc",
    "loop"
  ],
  "size": 800,
  "per_shape": [
    {
      "index": 0,
      "color": "#1EF1F2",
      "shape": "leaf",
      "center": [
        -0.01003504491202023,
        0.08582250034280009
      ],
      "amp": 0.18781016552121316,
      "phase": 4.653181263686634,
      "lobes": 4,
      "density": 35,
      "scale": 1.1195064826305516,
      "leaf_type": "heart_polar_r=1-sin(theta+phase)"
    },
    {
      "index": 1,
      "color": "#DC4FDD",
      "shape": "arc",
      "center": [
        -0.07554900814559984,
        0.06727042564932517
      ],
      "amp": 0.22752922384836033,
      "phase": 5.701163586736019,
      "lobes": 4,
      "density": 25,
      "scale": 1.162579065811826
    },
    {
      "index": 2,
      "color": "#F6FA31",
      "shape": "loop",
      "center": [
        0.1351498013842226,
        0.1617506610489935
      ],
      "amp": 0.25978054234404896,
      "phase": 2.2671619535974314,
      "lobes": 4,
      "density": 26,
      "scale": 0.9150097924239389,
      "loop_exponent": 2.5
    }
  ]
}