{
  "product_id": "597957142877",
  "seed": 1754083362,
  "colors": [
    "#1EF1F2",
    "#DC4FDD",
    "#F6FA31"
  ],
  "shape_types": [
    "arc",
    "oval",
    "loop"
  ],
  "size": 800,
  "per_shape": [
    {
      "index": 0,
      "color": "#1EF1F2",
      "shape": "arc",
      "center": [
        0.3984475341261845,
        0.05476269285679081
      ],
      "amp": 0.10207476445044404,
      "phase": 5.834276207963378,
      "lobes": 4,
      "density": 28,
      "scale": 1.1422379742215483
    },
    {
      "index": 1,
      "color": "#DC4FDD",
      "shape": "oval",
      "center": [
        -0.04876670510044301,
        0.29029304175246773
      ],
      "amp": 0.0866835620670333,
      "phase": 5.884230582081533,
      "lobes": 4,
      "density": 25,
      "scale": 1.0606584022985492,
      "oval_a": 1.1905376582073086,
      "oval_b": 0.774683088164173
    },
    {
      "index": 2,
      "color": "#F6FA31",
      "shape": "loop",
      "center": [
        -0.03596426802312769,
        -0.2725477495175207
      ],
      "amp": 0.0684339602176,
      "phase": 4.731272120860859,
      "lobes": 3,
      "density": 36,
      "scale": 1.074219726953836,
      "loop_exponent": 2.5
    }
  ]
}