{
  "product_id": "597957145717",
  "seed": 4040678034,
  "colors": [
    "#1EF1F2",
    "#DC4FDD",
    "#F6FA31"
  ],
  "shape_types": [
    "loop",
    "arc",
    "leaf"
  ],
  "size": 800,
  "per_shape": [
    {
      "index": 0,
      "color": "#1EF1F2",
      "shape": "loop",
      "center": [
        -0.36463018998303864,
        0.031980898780025135
      ],
      "amp": 0.09355778513129011,
      "phase": 0.7460060967269946,
      "lobes": 3,
      "density": 25,
      "scale": 0.9820220420450909,
      "loop_exponent": 2.5
    },
    {
      "index": 1,
      "color": "#DC4FDD",
      "shape": "arc",
      "center": [
        0.023095210655580067,
        0.1634089107980683
      ],
      "amp": 0.1507295781881685,
      "phase": 4.622208708837973,
      "lobes": 2,
      "density": 18,
      "scale": 0.8357916881658383
    },
    {
      "index": 2,
      "color": "#F6FA31",
      "shape": "leaf",
      "center": [
        0.15010488252067078,
        0.010624376327444729
      ],
      "amp": 0.17229603313200836,
      "phase": 4.435980657883467,
      "lobes": 2,
      "density": 34,
      "scale": 1.165420069721828,
      "leaf_type": "heart_polar_r=1-sin(theta+phase)"
    }
  ]
}