{
  "product_id": "597957147341",
  "seed": 3867392831,
  "colors": [
    "#1EF1F2",
    "#DC4FDD",
    "#F6FA31"
  ],
  "shape_types": [
    "loop",
    "leaf",
    "arc"
  ],
  "size": 800,
  "per_shape": [
    {
      "index": 0,
      "color": "#1EF1F2",
      "shape": "loop",
      "center": [
        0.22034964557744774,
        0.09393883427716093
      ],
      "amp": 0.2358006859935851,
      "phase": 4.792911181819329,
      "lobes": 3,
      "density": 24,
      "scale": 0.9233736584863875,
      "loop_exponent": 2.5
    },
    {
      "index": 1,
      "color": "#DC4FDD",
      "shape": "leaf",
      "center": [
        -0.08170143519541151,
        -0.18633182674258722
      ],
      "amp": 0.2703292532647791,
      "phase": 3.5216176050778194,
      "lobes": 3,
      "density": 25,
      "scale": 0.9979026821793247,
      "leaf_type": "heart_polar_r=1-sin(theta+phase)"
    },
    {
      "index": 2,
      "color": "#F6FA31",
      "shape": "arc",
      "center": [
        -0.11115976160027524,
        -0.3936361182217842
      ],
      "amp": 0.2325308870331657,
      "phase": 2.0904523731266496,
      "lobes": 2,
      "density": 27,
      "scale": 1.080265608712348
    }
  ]
}