{
  "product_id": "597957144761",
  "seed": 3640632674,
  "colors": [
    "#1EF1F2",
    "#DC4FDD",
    "#F6FA31"
  ],
  "shape_types": [
    "loop",
    "arc",
    "leaf"
  ],
  "size": 800,
  "per_shape": [
    {
      "index": 0,
      "color": "#1EF1F2",
      "shape": "loop",
      "center": [
        -0.24336778831605246,
        0.081515996978192
      ],
      "amp": 0.28000301076183626,
      "phase": 1.0972076571923741,
      "lobes": 3,
      "density": 31,
      "scale": 0.8870550509291973,
      "loop_exponent": 2.5
    },
    {
      "index": 1,
      "color": "#DC4FDD",
      "shape": "arc",
      "center": [
        -0.14114560814971427,
        -0.20082966793669801
      ],
      "amp": 0.22228820204023747,
      "phase": 4.296916088647061,
      "lobes": 3,
      "density": 21,
      "scale": 1.1748689520667612
    },
    {
      "index": 2,
      "color": "#F6FA31",
      "shape": "leaf",
      "center": [
        -0.00655703256978557,
        0.2246645938838734
      ],
      "amp": 0.14711527114101902,
      "phase": 4.607945001986754,
      "lobes": 4,
      "density": 34,
      "scale": 1.1988047256059797,
      "leaf_type": "heart_polar_r=1-sin(theta+phase)"
    }
  ]
}