{
  "product_id": "597957145805",
  "seed": 2387769094,
  "colors": [
    "#1EF1F2",
    "#DC4FDD",
    "#F6FA31"
  ],
  "shape_types": [
    "loop",
    "leaf",
    "arc"
  ],
  "size": 800,
  "per_shape": [
    {
      "index": 0,
      "color": "#1EF1F2",
      "shape": "loop",
      "center": [
        0.011676611795301661,
        -0.05561412912194896
      ],
      "amp": 0.19953198165540226,
      "phase": 4.965311808261553,
      "lobes": 2,
      "density": 22,
      "scale": 0.9886127746234042,
      "loop_exponent": 2.5
    },
    {
      "index": 1,
      "color": "#DC4FDD",
      "shape": "leaf",
      "center": [
        0.24395442698024306,
        -0.3991315593078776
      ],
      "amp": 0.19099739740139082,
      "phase": 3.6260562297835026,
      "lobes": 2,
      "density": 36,
      "scale": 0.9522208480440881,
      "leaf_type": "heart_polar_r=1-sin(theta+phase)"
    },
    {
      "index": 2,
      "color": "#F6FA31",
      "shape": "arc",
      "center": [
        -0.23052274620427254,
        0.1694177336177991
      ],
      "amp": 0.12838936719305521,
      "phase": 2.720904967897334,
      "lobes": 4,
      "density": 28,
      "scale": 1.1663858052835812
    }
  ]
}