{
  "product_id": "597957140535",
  "seed": 3693872170,
  "colors": [
    "#1EF1F2",
    "#DC4FDD",
    "#F6FA31"
  ],
  "shape_types": [
    "loop",
    "oval",
    "arc"
  ],
  "size": 800,
  "per_shape": [
    {
      "index": 0,
      "color": "#1EF1F2",
      "shape": "loop",
      "center": [
        0.31923922686639783,
        0.21573243883633253
      ],
      "amp": 0.15655949700379884,
      "phase": 5.116117734221675,
      "lobes": 4,
      "density": 28,
      "scale": 1.019076455211052,
      "loop_exponent": 2.5
    },
    {
      "index": 1,
      "color": "#DC4FDD",
      "shape": "oval",
      "center": [
        -0.02990226108756966,
        -0.15932557170609601
      ],
      "amp": 0.1329336125620295,
      "phase": 4.142988011616238,
      "lobes": 2,
      "density": 30,
      "scale": 0.9253889101284792,
      "oval_a": 1.1039036263478188,
      "oval_b": 0.8781477037004816
    },
    {
      "index": 2,
      "color": "#F6FA31",
      "shape": "arc",
      "center": [
        -0.19573022949545865,
        -0.16463085131119623
      ],
      "amp": 0.05373465897106812,
      "phase": 1.9215410888841058,
      "lobes": 4,
      "density": 26,
      "scale": 0.9977613779834338
    }
  ]
}