{
  "product_id": "597957146863",
  "seed": 1094533211,
  "colors": [
    "#1EF1F2",
    "#DC4FDD",
    "#F6FA31"
  ],
  "shape_types": [
    "loop",
    "leaf",
    "arc"
  ],
  "size": 800,
  "per_shape": [
    {
      "index": 0,
      "color": "#1EF1F2",
      "shape": "loop",
      "center": [
        0.09895604317444262,
        -0.37114683226915873
      ],
      "amp": 0.23536557380697576,
      "phase": 2.2722130550927733,
      "lobes": 3,
      "density": 19,
      "scale": 1.1458965191662216,
      "loop_exponent": 2.5
    },
    {
      "index": 1,
      "color": "#DC4FDD",
      "shape": "leaf",
      "center": [
        0.253615404044625,
        0.08843216268623938
      ],
      "amp": 0.08774529927687207,
      "phase": 4.25818071396437,
      "lobes": 4,
      "density": 29,
      "scale": 0.8846302192438958,
      "leaf_type": "heart_polar_r=1-sin(theta+phase)"
    },
    {
      "index": 2,
      "color": "#F6FA31",
      "shape": "arc",
      "center": [
        0.08292134994131761,
        -0.02139616463403371
      ],
      "amp": 0.2896722097894732,
      "phase": 0.0764840409956575,
      "lobes": 3,
      "density": 28,
      "scale": 1.1881531717129878
    }
  ]
}