{
  "product_id": "597957144385",
  "seed": 2541408158,
  "colors": [
    "#1EF1F2",
    "#DC4FDD",
    "#F6FA31"
  ],
  "shape_types": [
    "oval",
    "loop",
    "leaf"
  ],
  "size": 800,
  "per_shape": [
    {
      "index": 0,
      "color": "#1EF1F2",
      "shape": "oval",
      "center": [
        -0.07019285073540454,
        0.07468812934876257
      ],
      "amp": 0.27339871944229205,
      "phase": 2.3771089702584214,
      "lobes": 3,
      "density": 36,
      "scale": 1.1180287962392828,
      "oval_a": 1.1743470121875648,
      "oval_b": 0.8105509512434589
    },
    {
      "index": 1,
      "color": "#DC4FDD",
      "shape": "loop",
      "center": [
        0.37307542335363464,
        -0.281170174760506
      ],
      "amp": 0.22565500220831985,
      "phase": 2.008188836042346,
      "lobes": 2,
      "density": 21,
      "scale": 1.1117291384912988,
      "loop_exponent": 2.5
    },
    {
      "index": 2,
      "color": "#F6FA31",
      "shape": "leaf",
      "center": [
        0.10998366618836752,
        -0.23217068441837832
      ],
      "amp": 0.27161764917410974,
      "phase": 1.5261857392349123,
      "lobes": 3,
      "density": 34,
      "scale": 0.9529060921624711,
      "leaf_type": "heart_polar_r=1-sin(theta+phase)"
    }
  ]
}