{
  "product_id": "597957140173",
  "seed": 2527796635,
  "colors": [
    "#1EF1F2",
    "#DC4FDD",
    "#F6FA31"
  ],
  "shape_types": [
    "loop",
    "oval",
    "leaf"
  ],
  "size": 800,
  "per_shape": [
    {
      "index": 0,
      "color": "#1EF1F2",
      "shape": "loop",
      "center": [
        0.14696750869807473,
        -0.23941748391032258
      ],
      "amp": 0.12608787063905325,
      "phase": 1.3033218857798206,
      "lobes": 2,
      "density": 23,
      "scale": 1.1301812204426405,
      "loop_exponent": 2.5
    },
    {
      "index": 1,
      "color": "#DC4FDD",
      "shape": "oval",
      "center": [
        -0.017977337914487634,
        0.040198090534486586
      ],
      "amp": 0.1562310761898682,
      "phase": 2.8885876524656147,
      "lobes": 3,
      "density": 21,
      "scale": 0.8916512901951351,
      "oval_a": 1.1549620992023177,
      "oval_b": 0.7841276650516011
    },
    {
      "index": 2,
      "color": "#F6FA31",
      "shape": "leaf",
      "center": [
        -0.3958404676175897,
        0.24028303530301975
      ],
      "amp": 0.2359822753590023,
      "phase": 3.2228978883865165,
      "lobes": 3,
      "density": 36,
      "scale": 0.9963257923741652,
      "leaf_type": "heart_polar_r=1-sin(theta+phase)"
    }
  ]
}