{
  "product_id": "597957138895",
  "seed": 1112052607,
  "colors": [
    "#1EF1F2",
    "#DC4FDD",
    "#F6FA31"
  ],
  "shape_types": [
    "oval",
    "arc",
    "loop"
  ],
  "size": 800,
  "per_shape": [
    {
      "index": 0,
      "color": "#1EF1F2",
      "shape": "oval",
      "center": [
        0.03699649418527057,
        0.1324976182161388
      ],
      "amp": 0.18800148811140582,
      "phase": 0.5630635836747748,
      "lobes": 2,
      "density": 19,
      "scale": 1.1891425365301962,
      "oval_a": 1.209912643328004,
      "oval_b": 0.7912762531229869
    },
    {
      "index": 1,
      "color": "#DC4FDD",
      "shape": "arc",
      "center": [
        -0.05995775215508231,
        -0.14267545606921966
      ],
      "amp": 0.12374736374545926,
      "phase": 1.8345909905856645,
      "lobes": 2,
      "density": 24,
      "scale": 1.1331589435604432
    },
    {
      "index": 2,
      "color": "#F6FA31",
      "shape": "loop",
      "center": [
        -0.1952192040011899,
        -0.36423087720512365
      ],
      "amp": 0.05115814023938804,
      "phase": 2.870314815352509,
      "lobes": 2,
      "density": 35,
      "scale": 1.1698132653497781,
      "loop_exponent": 2.5
    }
  ]
}