{
  "product_id": "597957147141",
  "seed": 616604162,
  "colors": [
    "#1EF1F2",
    "#DC4FDD",
    "#F6FA31"
  ],
  "shape_types": [
    "leaf",
    "oval",
    "arc"
  ],
  "size": 800,
  "per_shape": [
    {
      "index": 0,
      "color": "#1EF1F2",
      "shape": "leaf",
      "center": [
        -0.2618583597474502,
        -0.15132976070013238
      ],
      "amp": 0.13205403911746355,
      "phase": 2.38428878475709,
      "lobes": 3,
      "density": 30,
      "scale": 1.0316631108656082,
      "leaf_type": "heart_polar_r=1-sin(theta+phase)"
    },
    {
      "index": 1,
      "color": "#DC4FDD",
      "shape": "oval",
      "center": [
        -0.06163633040716893,
        0.11629661153532933
      ],
      "amp": 0.09144860162069722,
      "phase": 4.519572062950112,
      "lobes": 2,
      "density": 18,
      "scale": 0.8681506184995027,
      "oval_a": 1.187523782577423,
      "oval_b": 0.7276307314759338
    },
    {
      "index": 2,
      "color": "#F6FA31",
      "shape": "arc",
      "center": [
        -0.042453947879941445,
        0.19856708184848904
      ],
      "amp": 0.068604906735079,
      "phase": 1.0659235502202977,
      "lobes": 4,
      "density": 23,
      "scale": 0.9712974012497304
    }
  ]
}