{
  "product_id": "597957139027",
  "seed": 21965231,
  "colors": [
    "#1EF1F2",
    "#DC4FDD",
    "#F6FA31"
  ],
  "shape_types": [
    "oval",
    "arc",
    "loop"
  ],
  "size": 800,
  "per_shape": [
    {
      "index": 0,
      "color": "#1EF1F2",
      "shape": "oval",
      "center": [
        -0.3724253563039426,
        0.07001786463769771
      ],
      "amp": 0.19172711782380342,
      "phase": 6.192806208532621,
      "lobes": 4,
      "density": 28,
      "scale": 0.9875298409431944,
      "oval_a": 1.1469397669510213,
      "oval_b": 0.8388263480461015
    },
    {
      "index": 1,
      "color": "#DC4FDD",
      "shape": "arc",
      "center": [
        -0.2636426342232807,
        -0.2978349198303081
      ],
      "amp": 0.2231263446239053,
      "phase": 4.981865927723014,
      "lobes": 3,
      "density": 28,
      "scale": 1.0913209385379692
    },
    {
      "index": 2,
      "color": "#F6FA31",
      "shape": "loop",
      "center": [
        -0.02289812939568875,
        0.2825066400096211
      ],
      "amp": 0.2378410615085509,
      "phase": 1.3255849241046769,
      "lobes": 3,
      "density": 27,
      "scale": 1.1198209305640041,
      "loop_exponent": 2.5
    }
  ]
}