{
  "product_id": "597957143601",
  "seed": 2640175801,
  "colors": [
    "#1EF1F2",
    "#DC4FDD",
    "#F6FA31"
  ],
  "shape_types": [
    "oval",
    "loop",
    "leaf"
  ],
  "size": 800,
  "per_shape": [
    {
      "index": 0,
      "color": "#1EF1F2",
      "shape": "oval",
      "center": [
        0.2568660706744049,
        -0.19026352839308106
      ],
      "amp": 0.1691839717444582,
      "phase": 5.756269796438819,
      "lobes": 3,
      "density": 35,
      "scale": 1.1442721282749637,
      "oval_a": 1.2887986785785208,
      "oval_b": 0.8407981403683422
    },
    {
      "index": 1,
      "color": "#DC4FDD",
      "shape": "loop",
      "center": [
        0.36197335534423203,
        0.013103038648515586
      ],
      "amp": 0.2778555073560444,
      "phase": 4.39964126541307,
      "lobes": 2,
      "density": 27,
      "scale": 1.0965431824710739,
      "loop_exponent": 2.5
    },
    {
      "index": 2,
      "color": "#F6FA31",
      "shape": "leaf",
      "center": [
        0.2952896744017205,
        0.34074477768626243
      ],
      "amp": 0.2615335661010083,
      "phase": 5.88557964453913,
      "lobes": 3,
      "density": 33,
      "scale": 0.9838635259344755,
      "leaf_type": "heart_polar_r=1-sin(theta+phase)"
    }
  ]
}