{
  "product_id": "597957145127",
  "seed": 3675906927,
  "colors": [
    "#1EF1F2",
    "#DC4FDD",
    "#F6FA31"
  ],
  "shape_types": [
    "arc",
    "leaf",
    "loop"
  ],
  "size": 800,
  "per_shape": [
    {
      "index": 0,
      "color": "#1EF1F2",
      "shape": "arc",
      "center": [
        0.11846057296156853,
        -0.14327015346494404
      ],
      "amp": 0.09046995776921833,
      "phase": 1.7757372400930898,
      "lobes": 2,
      "density": 29,
      "scale": 1.0150801499678628
    },
    {
      "index": 1,
      "color": "#DC4FDD",
      "shape": "leaf",
      "center": [
        0.1385596132893958,
        0.25141753683724466
      ],
      "amp": 0.21713472642493564,
      "phase": 2.932533974707236,
      "lobes": 3,
      "density": 22,
      "scale": 0.8325878659557044,
      "leaf_type": "heart_polar_r=1-sin(theta+phase)"
    },
    {
      "index": 2,
      "color": "#F6FA31",
      "shape": "loop",
      "center": [
        -0.12639100055382668,
        -0.10179574974202604
      ],
      "amp": 0.1340702549348181,
      "phase": 4.98615436998236,
      "lobes": 3,
      "density": 23,
      "scale": 0.8791192916045724,
      "loop_exponent": 2.5
    }
  ]
}