{
  "product_id": "597957145347",
  "seed": 1182612296,
  "colors": [
    "#1EF1F2",
    "#DC4FDD",
    "#F6FA31"
  ],
  "shape_types": [
    "oval",
    "leaf",
    "arc"
  ],
  "size": 800,
  "per_shape": [
    {
      "index": 0,
      "color": "#1EF1F2",
      "shape": "oval",
      "center": [
        -0.07183165411604098,
        -0.1725851861426226
      ],
      "amp": 0.2471824184352489,
      "phase": 5.565513096642716,
      "lobes": 2,
      "density": 26,
      "scale": 0.9813903582967829,
      "oval_a": 1.2889327986109764,
      "oval_b": 0.8553168659722188
    },
    {
      "index": 1,
      "color": "#DC4FDD",
      "shape": "leaf",
      "center": [
        0.3784979941421657,
        0.14732031005292145
      ],
      "amp": 0.11154813437292431,
      "phase": 4.39038079666014,
      "lobes": 3,
      "density": 22,
      "scale": 0.9367611191967751,
      "leaf_type": "heart_polar_r=1-sin(theta+phase)"
    },
    {
      "index": 2,
      "color": "#F6FA31",
      "shape": "arc",
      "center": [
        -0.17769033459978312,
        -0.26429265516956657
      ],
      "amp": 0.19246873831896144,
      "phase": 4.6823161141304395,
      "lobes": 3,
      "density": 32,
      "scale": 0.9653336209840275
    }
  ]
}