{
  "product_id": "597957140651",
  "seed": 2490651089,
  "colors": [
    "#1EF1F2",
    "#DC4FDD",
    "#F6FA31"
  ],
  "shape_types": [
    "loop",
    "arc",
    "oval"
  ],
  "size": 800,
  "per_shape": [
    {
      "index": 0,
      "color": "#1EF1F2",
      "shape": "loop",
      "center": [
        -0.007455588601018803,
        -0.39849939333495404
      ],
      "amp": 0.17756741233443307,
      "phase": 1.9337724421787368,
      "lobes": 2,
      "density": 28,
      "scale": 1.029612207892987,
      "loop_exponent": 2.5
    },
    {
      "index": 1,
      "color": "#DC4FDD",
      "shape": "arc",
      "center": [
        0.20057693160917933,
        -0.012173593188296028
      ],
      "amp": 0.19779650693986928,
      "phase": 4.405640430551531,
      "lobes": 4,
      "density": 36,
      "scale": 1.028879200714603
    },
    {
      "index": 2,
      "color": "#F6FA31",
      "shape": "oval",
      "center": [
        0.21026616534621267,
        0.26865580188621363
      ],
      "amp": 0.12887303629339042,
      "phase": 1.2881573858263533,
      "lobes": 3,
      "density": 19,
      "scale": 0.8346192656191154,
      "oval_a": 1.2422017252389372,
      "oval_b": 0.8149749055378901
    }
  ]
}