{
  "product_id": "597957138905",
  "seed": 3795246943,
  "colors": [
    "#1EF1F2",
    "#DC4FDD",
    "#F6FA31"
  ],
  "shape_types": [
    "loop",
    "oval",
    "arc"
  ],
  "size": 800,
  "per_shape": [
    {
      "index": 0,
      "color": "#1EF1F2",
      "shape": "loop",
      "center": [
        0.17293446864448425,
        0.27385554662611433
      ],
      "amp": 0.09585767275254282,
      "phase": 2.346801365434357,
      "lobes": 2,
      "density": 29,
      "scale": 0.9214843649676955,
      "loop_exponent": 2.5
    },
    {
      "index": 1,
      "color": "#DC4FDD",
      "shape": "oval",
      "center": [
        -0.13196613538213875,
        0.3318655684692108
      ],
      "amp": 0.05269462768863657,
      "phase": 3.661864710726302,
      "lobes": 4,
      "density": 20,
      "scale": 1.1029912868070808,
      "oval_a": 1.2048919415379582,
      "oval_b": 0.817965111429013
    },
    {
      "index": 2,
      "color": "#F6FA31",
      "shape": "arc",
      "center": [
        -0.19885100319244994,
        -0.2764986550205235
      ],
      "amp": 0.1625785249465715,
      "phase": 2.595423485374667,
      "lobes": 3,
      "density": 21,
      "scale": 1.1662498678802309
    }
  ]
}