{
  "product_id": "597957144777",
  "seed": 3173620265,
  "colors": [
    "#1EF1F2",
    "#DC4FDD",
    "#F6FA31"
  ],
  "shape_types": [
    "leaf",
    "loop",
    "oval"
  ],
  "size": 800,
  "per_shape": [
    {
      "index": 0,
      "color": "#1EF1F2",
      "shape": "leaf",
      "center": [
        -0.08989359008456788,
        -0.3084040578175941
      ],
      "amp": 0.11316556988127256,
      "phase": 0.6708979489369342,
      "lobes": 2,
      "density": 23,
      "scale": 1.0966812838238882,
      "leaf_type": "heart_polar_r=1-sin(theta+phase)"
    },
    {
      "index": 1,
      "color": "#DC4FDD",
      "shape": "loop",
      "center": [
        0.03661409140227406,
        -0.37347322541107975
      ],
      "amp": 0.06357711559839728,
      "phase": 2.885745658673802,
      "lobes": 2,
      "density": 36,
      "scale": 1.067533078401425,
      "loop_exponent": 2.5
    },
    {
      "index": 2,
      "color": "#F6FA31",
      "shape": "oval",
      "center": [
        0.08651630537127508,
        0.32204489716870677
      ],
      "amp": 0.056514488734452764,
      "phase": 1.7026585467934232,
      "lobes": 4,
      "density": 34,
      "scale": 0.9652394374813487,
      "oval_a": 1.149139303175568,
      "oval_b": 0.8442876161763746
    }
  ]
}