{
  "product_id": "597957142363",
  "seed": 1054702695,
  "colors": [
    "#1EF1F2",
    "#DC4FDD",
    "#F6FA31"
  ],
  "shape_types": [
    "loop",
    "leaf",
    "arc"
  ],
  "size": 800,
  "per_shape": [
    {
      "index": 0,
      "color": "#1EF1F2",
      "shape": "loop",
      "center": [
        -0.31857674198089536,
        -0.1392095856132386
      ],
      "amp": 0.18674856319805466,
      "phase": 1.3549581142564557,
      "lobes": 2,
      "density": 35,
      "scale": 0.9983474042467044,
      "loop_exponent": 2.5
    },
    {
      "index": 1,
      "color": "#DC4FDD",
      "shape": "leaf",
      "center": [
        0.15592920452994363,
        -0.017183838729220302
      ],
      "amp": 0.25079319253522436,
      "phase": 3.3777168602128063,
      "lobes": 2,
      "density": 34,
      "scale": 0.9183075098723005,
      "leaf_type": "heart_polar_r=1-sin(theta+phase)"
    },
    {
      "index": 2,
      "color": "#F6FA31",
      "shape": "arc",
      "center": [
        -0.18831122341002243,
        0.09927706685121296
      ],
      "amp": 0.13903570692647793,
      "phase": 6.184120566808942,
      "lobes": 2,
      "density": 22,
      "scale": 1.0152502181573781
    }
  ]
}