{
  "product_id": "597957140759",
  "seed": 3743763409,
  "colors": [
    "#1EF1F2",
    "#DC4FDD",
    "#F6FA31"
  ],
  "shape_types": [
    "arc",
    "oval",
    "leaf"
  ],
  "size": 800,
  "per_shape": [
    {
      "index": 0,
      "color": "#1EF1F2",
      "shape": "arc",
      "center": [
        -0.013253215362522497,
        0.3730468308148839
      ],
      "amp": 0.1286061674507839,
      "phase": 0.863968536793416,
      "lobes": 3,
      "density": 19,
      "scale": 0.9910195011584787
    },
    {
      "index": 1,
      "color": "#DC4FDD",
      "shape": "oval",
      "center": [
        -0.39176004671070797,
        -0.15953271813317793
      ],
      "amp": 0.2861669218157932,
      "phase": 5.427275427118074,
      "lobes": 2,
      "density": 26,
      "scale": 0.9628534889388161,
      "oval_a": 1.173784301644912,
      "oval_b": 0.7883847404451423
    },
    {
      "index": 2,
      "color": "#F6FA31",
      "shape": "leaf",
      "center": [
        0.3653700659081528,
        0.12363056482052381
      ],
      "amp": 0.2911382861358641,
      "phase": 3.373732689623272,
      "lobes": 4,
      "density": 21,
      "scale": 0.9781414303355804,
      "leaf_type": "heart_polar_r=1-sin(theta+phase)"
    }
  ]
}