{
  "product_id": "597957142031",
  "seed": 2970545117,
  "colors": [
    "#1EF1F2",
    "#DC4FDD",
    "#F6FA31"
  ],
  "shape_types": [
    "oval",
    "arc",
    "loop"
  ],
  "size": 800,
  "per_shape": [
    {
      "index": 0,
      "color": "#1EF1F2",
      "shape": "oval",
      "center": [
        -0.30946418100601963,
        -0.3135767064648487
      ],
      "amp": 0.11528413600680791,
      "phase": 0.17985140310445652,
      "lobes": 2,
      "density": 23,
      "scale": 0.9626096763424066,
      "oval_a": 1.2375549747296626,
      "oval_b": 0.7344936365085437
    },
    {
      "index": 1,
      "color": "#DC4FDD",
      "shape": "arc",
      "center": [
        0.0536068696620397,
        -0.09129931703490318
      ],
      "amp": 0.14358105037054986,
      "phase": 5.859915438908672,
      "lobes": 3,
      "density": 19,
      "scale": 1.0984748815896253
    },
    {
      "index": 2,
      "color": "#F6FA31",
      "shape": "loop",
      "center": [
        0.3316298005645836,
        0.10728314172954023
      ],
      "amp": 0.27771173222729617,
      "phase": 1.3958382213049998,
      "lobes": 3,
      "density": 25,
      "scale": 1.1440311574364022,
      "loop_exponent": 2.5
    }
  ]
}