{
  "product_id": "597957143529",
  "seed": 1917549493,
  "colors": [
    "#1EF1F2",
    "#DC4FDD",
    "#F6FA31"
  ],
  "shape_types": [
    "arc",
    "oval",
    "leaf"
  ],
  "size": 800,
  "per_shape": [
    {
      "index": 0,
      "color": "#1EF1F2",
      "shape": "arc",
      "center": [
        0.19510267837729844,
        0.031745155401911695
      ],
      "amp": 0.12304195521315876,
      "phase": 5.102286713830252,
      "lobes": 3,
      "density": 18,
      "scale": 1.0254761708885731
    },
    {
      "index": 1,
      "color": "#DC4FDD",
      "shape": "oval",
      "center": [
        -0.23221570532600017,
        -0.3461417073994681
      ],
      "amp": 0.14854693356314308,
      "phase": 5.976013551705844,
      "lobes": 3,
      "density": 22,
      "scale": 0.9545694941369617,
      "oval_a": 1.2785929372654135,
      "oval_b": 0.8696866390735171
    },
    {
      "index": 2,
      "color": "#F6FA31",
      "shape": "leaf",
      "center": [
        -0.15511040325433686,
        -0.15742306843618917
      ],
      "amp": 0.18921758518853932,
      "phase": 4.343838591722741,
      "lobes": 4,
      "density": 35,
      "scale": 0.9121717664134492,
      "leaf_type": "heart_polar_r=1-sin(theta+phase)"
    }
  ]
}