{
  "product_id": "597957140407",
  "seed": 2597788966,
  "colors": [
    "#1EF1F2",
    "#DC4FDD",
    "#F6FA31"
  ],
  "shape_types": [
    "oval",
    "arc",
    "loop"
  ],
  "size": 800,
  "per_shape": [
    {
      "index": 0,
      "color": "#1EF1F2",
      "shape": "oval",
      "center": [
        -0.014379476554761628,
        0.11147402594021594
      ],
      "amp": 0.2850935700402534,
      "phase": 1.6584871087081132,
      "lobes": 4,
      "density": 25,
      "scale": 0.832746383256137,
      "oval_a": 1.1258157398922193,
      "oval_b": 0.7391641427641085
    },
    {
      "index": 1,
      "color": "#DC4FDD",
      "shape": "arc",
      "center": [
        0.27355734078232263,
        -0.2879620302498509
      ],
      "amp": 0.2251239597747563,
      "phase": 3.863458856059941,
      "lobes": 3,
      "density": 30,
      "scale": 1.1679863153801242
    },
    {
      "index": 2,
      "color": "#F6FA31",
      "shape": "loop",
      "center": [
        0.3947792683530974,
        -0.37612672836926375
      ],
      "amp": 0.11451538843862068,
      "phase": 5.492608492932045,
      "lobes": 2,
      "density": 21,
      "scale": 1.0294069902485972,
      "loop_exponent": 2.5
    }
  ]
}