{
  "product_id": "597957143381",
  "seed": 1336596750,
  "colors": [
    "#1EF1F2",
    "#DC4FDD",
    "#F6FA31"
  ],
  "shape_types": [
    "leaf",
    "oval",
    "arc"
  ],
  "size": 800,
  "per_shape": [
    {
      "index": 0,
      "color": "#1EF1F2",
      "shape": "leaf",
      "center": [
        0.02470416908637063,
        0.1808965393885381
      ],
      "amp": 0.07693105582917863,
      "phase": 3.026017447536876,
      "lobes": 2,
      "density": 26,
      "scale": 0.9224441126236729,
      "leaf_type": "heart_polar_r=1-sin(theta+phase)"
    },
    {
      "index": 1,
      "color": "#DC4FDD",
      "shape": "oval",
      "center": [
        0.0370741751548917,
        -0.047004518001367734
      ],
      "amp": 0.07050965631253943,
      "phase": 4.071278886026632,
      "lobes": 3,
      "density": 29,
      "scale": 0.922175991464486,
      "oval_a": 1.1624487077841483,
      "oval_b": 0.7065810138976836
    },
    {
      "index": 2,
      "color": "#F6FA31",
      "shape": "arc",
      "center": [
        0.05775401603468194,
        0.09709574580934371
      ],
      "amp": 0.09580134655388868,
      "phase": 3.8627497764995824,
      "lobes": 4,
      "density": 20,
      "scale": 0.8567553384940721
    }
  ]
}