{
  "product_id": "597957147707",
  "seed": 1540091231,
  "colors": [
    "#1EF1F2",
    "#DC4FDD",
    "#F6FA31"
  ],
  "shape_types": [
    "leaf",
    "loop",
    "arc"
  ],
  "size": 800,
  "per_shape": [
    {
      "index": 0,
      "color": "#1EF1F2",
      "shape": "leaf",
      "center": [
        0.023279835447602593,
        0.39834264581922596
      ],
      "amp": 0.20961783088036362,
      "phase": 3.3441588367635453,
      "lobes": 2,
      "density": 20,
      "scale": 0.8408655945565436,
      "leaf_type": "heart_polar_r=1-sin(theta+phase)"
    },
    {
      "index": 1,
      "color": "#DC4FDD",
      "shape": "loop",
      "center": [
        -0.3634334198174278,
        0.12794032398827582
      ],
      "amp": 0.250950334475482,
      "phase": 4.618077694441837,
      "lobes": 4,
      "density": 26,
      "scale": 0.854410471292467,
      "loop_exponent": 2.5
    },
    {
      "index": 2,
      "color": "#F6FA31",
      "shape": "arc",
      "center": [
        -0.15589674070466072,
        0.009691266059693504
      ],
      "amp": 0.06961891428564677,
      "phase": 3.5835921862528792,
      "lobes": 2,
      "density": 18,
      "scale": 1.0982757453467065
    }
  ]
}