{
  "product_id": "597957140333",
  "seed": 2663728956,
  "colors": [
    "#1EF1F2",
    "#DC4FDD",
    "#F6FA31"
  ],
  "shape_types": [
    "leaf",
    "oval",
    "loop"
  ],
  "size": 800,
  "per_shape": [
    {
      "index": 0,
      "color": "#1EF1F2",
      "shape": "leaf",
      "center": [
        0.32377045514476477,
        0.22778467858787665
      ],
      "amp": 0.21553843352693047,
      "phase": 2.6490302821881624,
      "lobes": 3,
      "density": 33,
      "scale": 0.9104026664297691,
      "leaf_type": "heart_polar_r=1-sin(theta+phase)"
    },
    {
      "index": 1,
      "color": "#DC4FDD",
      "shape": "oval",
      "center": [
        -0.2460854258787813,
        0.3715711686222928
      ],
      "amp": 0.15566599594811897,
      "phase": 3.359210736202676,
      "lobes": 2,
      "density": 21,
      "scale": 1.1471130206336502,
      "oval_a": 1.1026492407462871,
      "oval_b": 0.7557298821675424
    },
    {
      "index": 2,
      "color": "#F6FA31",
      "shape": "loop",
      "center": [
        0.0007056706164682569,
        0.1081072842132833
      ],
      "amp": 0.08224934000350374,
      "phase": 6.1622652233731605,
      "lobes": 2,
      "density": 30,
      "scale": 0.9053042619777067,
      "loop_exponent": 2.5
    }
  ]
}