{
  "product_id": "597957144347",
  "seed": 1996790389,
  "colors": [
    "#1EF1F2",
    "#DC4FDD",
    "#F6FA31"
  ],
  "shape_types": [
    "arc",
    "leaf",
    "oval"
  ],
  "size": 800,
  "per_shape": [
    {
      "index": 0,
      "color": "#1EF1F2",
      "shape": "arc",
      "center": [
        0.06466896535642352,
        -0.23641430913866168
      ],
      "amp": 0.1735075339990395,
      "phase": 4.644217572210637,
      "lobes": 2,
      "density": 18,
      "scale": 0.8425922466568461
    },
    {
      "index": 1,
      "color": "#DC4FDD",
      "shape": "leaf",
      "center": [
        -0.3406042390346777,
        -0.03688868527775763
      ],
      "amp": 0.17405403719069762,
      "phase": 4.9984989409293235,
      "lobes": 2,
      "density": 21,
      "scale": 1.1996070026500638,
      "leaf_type": "heart_polar_r=1-sin(theta+phase)"
    },
    {
      "index": 2,
      "color": "#F6FA31",
      "shape": "oval",
      "center": [
        0.39841158930951137,
        -0.20433819321830599
      ],
      "amp": 0.23211684062376048,
      "phase": 4.409858858444948,
      "lobes": 3,
      "density": 23,
      "scale": 0.9237792525531373,
      "oval_a": 1.2875142164969504,
      "oval_b": 0.7190046944823734
    }
  ]
}