{
  "product_id": "597957140597",
  "seed": 2730827825,
  "colors": [
    "#1EF1F2",
    "#DC4FDD",
    "#F6FA31"
  ],
  "shape_types": [
    "oval",
    "arc",
    "leaf"
  ],
  "size": 800,
  "per_shape": [
    {
      "index": 0,
      "color": "#1EF1F2",
      "shape": "oval",
      "center": [
        0.2395623678994373,
        -0.181199452021977
      ],
      "amp": 0.26607942109717714,
      "phase": 2.837593115805302,
      "lobes": 2,
      "density": 21,
      "scale": 1.0033929351884185,
      "oval_a": 1.2357918966724757,
      "oval_b": 0.8736677809444362
    },
    {
      "index": 1,
      "color": "#DC4FDD",
      "shape": "arc",
      "center": [
        -0.37248191017047105,
        -0.29164028311940415
      ],
      "amp": 0.07432153887653904,
      "phase": 1.4711173270863889,
      "lobes": 2,
      "density": 32,
      "scale": 0.8867818340360748
    },
    {
      "index": 2,
      "color": "#F6FA31",
      "shape": "leaf",
      "center": [
        0.35570814568622544,
        0.0821083414254139
      ],
      "amp": 0.26845243344437525,
      "phase": 0.7415784177041358,
      "lobes": 4,
      "density": 26,
      "scale": 1.1481752396795706,
      "leaf_type": "heart_polar_r=1-sin(theta+phase)"
    }
  ]
}