{
  "product_id": "597957141001",
  "seed": 4153484426,
  "colors": [
    "#1EF1F2",
    "#DC4FDD",
    "#F6FA31"
  ],
  "shape_types": [
    "leaf",
    "oval",
    "arc"
  ],
  "size": 800,
  "per_shape": [
    {
      "index": 0,
      "color": "#1EF1F2",
      "shape": "leaf",
      "center": [
        0.3160169099644534,
        0.03781418714714341
      ],
      "amp": 0.1210753260316197,
      "phase": 4.713519562627015,
      "lobes": 2,
      "density": 28,
      "scale": 1.1869600157246176,
      "leaf_type": "heart_polar_r=1-sin(theta+phase)"
    },
    {
      "index": 1,
      "color": "#DC4FDD",
      "shape": "oval",
      "center": [
        0.3541666888680254,
        0.3820128004556953
      ],
      "amp": 0.2255409196988426,
      "phase": 3.8713006375233663,
      "lobes": 2,
      "density": 20,
      "scale": 0.8399436950754988,
      "oval_a": 1.2330156625100754,
      "oval_b": 0.8682175459337297
    },
    {
      "index": 2,
      "color": "#F6FA31",
      "shape": "arc",
      "center": [
        0.16682750020882664,
        0.16826850320227327
      ],
      "amp": 0.23912895611803153,
      "phase": 5.92974136631849,
      "lobes": 3,
      "density": 21,
      "scale": 1.0322756107846818
    }
  ]
}