{
  "product_id": "597957146183",
  "seed": 1334091006,
  "colors": [
    "#1EF1F2",
    "#DC4FDD",
    "#F6FA31"
  ],
  "shape_types": [
    "arc",
    "oval",
    "loop"
  ],
  "size": 800,
  "per_shape": [
    {
      "index": 0,
      "color": "#1EF1F2",
      "shape": "arc",
      "center": [
        0.2782601364212173,
        -0.29072122727585925
      ],
      "amp": 0.25236915660778736,
      "phase": 2.0926749819409816,
      "lobes": 3,
      "density": 23,
      "scale": 1.0472156512303754
    },
    {
      "index": 1,
      "color": "#DC4FDD",
      "shape": "oval",
      "center": [
        0.22905460828657564,
        0.2919229243740209
      ],
      "amp": 0.29522097727745295,
      "phase": 0.8883368507780458,
      "lobes": 4,
      "density": 20,
      "scale": 1.1184820254034993,
      "oval_a": 1.1164437477557108,
      "oval_b": 0.7051590503483509
    },
    {
      "index": 2,
      "color": "#F6FA31",
      "shape": "loop",
      "center": [
        0.2843311527694089,
        -0.14219053003961007
      ],
      "amp": 0.17795209215229596,
      "phase": 1.683187845994339,
      "lobes": 3,
      "density": 24,
      "scale": 1.0433287586041415,
      "loop_exponent": 2.5
    }
  ]
}