{
  "product_id": "597957142285",
  "seed": 2184864291,
  "colors": [
    "#1EF1F2",
    "#DC4FDD",
    "#F6FA31"
  ],
  "shape_types": [
    "arc",
    "oval",
    "loop"
  ],
  "size": 800,
  "per_shape": [
    {
      "index": 0,
      "color": "#1EF1F2",
      "shape": "arc",
      "center": [
        0.15015998845648593,
        0.003464236253624242
      ],
      "amp": 0.2183802636361778,
      "phase": 2.674332923634729,
      "lobes": 2,
      "density": 36,
      "scale": 0.8258427475109715
    },
    {
      "index": 1,
      "color": "#DC4FDD",
      "shape": "oval",
      "center": [
        -0.28763906617633916,
        0.23661900428806404
      ],
      "amp": 0.11732153039640632,
      "phase": 0.4300966805418663,
      "lobes": 2,
      "density": 31,
      "scale": 1.1567640983663354,
      "oval_a": 1.2759016550931956,
      "oval_b": 0.7913494024973561
    },
    {
      "index": 2,
      "color": "#F6FA31",
      "shape": "loop",
      "center": [
        -0.31813866700416393,
        0.25766402562271107
      ],
      "amp": 0.29059698791163113,
      "phase": 3.8404047616049146,
      "lobes": 3,
      "density": 24,
      "scale": 1.0383567725494274,
      "loop_exponent": 2.5
    }
  ]
}