{
  "product_id": "597957146911",
  "seed": 614994199,
  "colors": [
    "#1EF1F2",
    "#DC4FDD",
    "#F6FA31"
  ],
  "shape_types": [
    "arc",
    "loop",
    "oval"
  ],
  "size": 800,
  "per_shape": [
    {
      "index": 0,
      "color": "#1EF1F2",
      "shape": "arc",
      "center": [
        -0.10863991238220677,
        -0.20389857814575674
      ],
      "amp": 0.059197619000544946,
      "phase": 3.0061491939287057,
      "lobes": 3,
      "density": 20,
      "scale": 0.8011003166119746
    },
    {
      "index": 1,
      "color": "#DC4FDD",
      "shape": "loop",
      "center": [
        -0.22433524359621002,
        0.1377156652528504
      ],
      "amp": 0.17765801072702925,
      "phase": 5.4186757185090375,
      "lobes": 4,
      "density": 30,
      "scale": 1.0706391895103577,
      "loop_exponent": 2.5
    },
    {
      "index": 2,
      "color": "#F6FA31",
      "shape": "oval",
      "center": [
        0.19429789305793377,
        0.3359183148562441
      ],
      "amp": 0.26047216742024515,
      "phase": 6.248594821609966,
      "lobes": 2,
      "density": 26,
      "scale": 0.8170609133743048,
      "oval_a": 1.2986032747940304,
      "oval_b": 0.7871205739145929
    }
  ]
}