{
  "product_id": "597957141807",
  "seed": 993028874,
  "colors": [
    "#1EF1F2",
    "#DC4FDD",
    "#F6FA31"
  ],
  "shape_types": [
    "arc",
    "oval",
    "leaf"
  ],
  "size": 800,
  "per_shape": [
    {
      "index": 0,
      "color": "#1EF1F2",
      "shape": "arc",
      "center": [
        -0.1983462327100911,
        0.1212330771141269
      ],
      "amp": 0.16656525250576948,
      "phase": 0.46149478345772454,
      "lobes": 2,
      "density": 27,
      "scale": 0.9602522350789846
    },
    {
      "index": 1,
      "color": "#DC4FDD",
      "shape": "oval",
      "center": [
        -0.3918303668215738,
        -0.382880656999843
      ],
      "amp": 0.10634928972153636,
      "phase": 6.212001835264755,
      "lobes": 3,
      "density": 24,
      "scale": 1.0299360486709108,
      "oval_a": 1.2465163835946373,
      "oval_b": 0.7755453389723633
    },
    {
      "index": 2,
      "color": "#F6FA31",
      "shape": "leaf",
      "center": [
        -0.12674106965765247,
        -0.02222840636408996
      ],
      "amp": 0.11944126189908903,
      "phase": 4.397645469286509,
      "lobes": 2,
      "density": 27,
      "scale": 0.9459929999961776,
      "leaf_type": "heart_polar_r=1-sin(theta+phase)"
    }
  ]
}