{
  "product_id": "597957139969",
  "seed": 3536934518,
  "colors": [
    "#1EF1F2",
    "#DC4FDD",
    "#F6FA31"
  ],
  "shape_types": [
    "loop",
    "oval",
    "arc"
  ],
  "size": 800,
  "per_shape": [
    {
      "index": 0,
      "color": "#1EF1F2",
      "shape": "loop",
      "center": [
        -0.08078224464687045,
        -0.26713564907555676
      ],
      "amp": 0.2730161083889784,
      "phase": 6.109496206391441,
      "lobes": 2,
      "density": 36,
      "scale": 0.8147510725797552,
      "loop_exponent": 2.5
    },
    {
      "index": 1,
      "color": "#DC4FDD",
      "shape": "oval",
      "center": [
        0.21355122653915337,
        0.19693375099135524
      ],
      "amp": 0.05298192266073713,
      "phase": 5.9232356548285034,
      "lobes": 3,
      "density": 24,
      "scale": 1.1911708296835972,
      "oval_a": 1.282459527234109,
      "oval_b": 0.7230447421580917
    },
    {
      "index": 2,
      "color": "#F6FA31",
      "shape": "arc",
      "center": [
        -0.219989029341491,
        0.17400727703754781
      ],
      "amp": 0.29270642958875515,
      "phase": 5.829065056021652,
      "lobes": 2,
      "density": 29,
      "scale": 0.8372465106159152
    }
  ]
}