{
  "product_id": "597957148113",
  "seed": 774527813,
  "colors": [
    "#1EF1F2",
    "#DC4FDD",
    "#F6FA31"
  ],
  "shape_types": [
    "arc",
    "oval",
    "leaf"
  ],
  "size": 800,
  "per_shape": [
    {
      "index": 0,
      "color": "#1EF1F2",
      "shape": "arc",
      "center": [
        0.21479547686931777,
        0.38655754753625604
      ],
      "amp": 0.21890939185821984,
      "phase": 4.676874559645703,
      "lobes": 4,
      "density": 33,
      "scale": 0.8021178006876954
    },
    {
      "index": 1,
      "color": "#DC4FDD",
      "shape": "oval",
      "center": [
        -0.1697970514000054,
        0.15356240629010431
      ],
      "amp": 0.17742886685180087,
      "phase": 5.46351363184888,
      "lobes": 4,
      "density": 32,
      "scale": 0.8435880793495393,
      "oval_a": 1.1140175002306583,
      "oval_b": 0.8389894940766058
    },
    {
      "index": 2,
      "color": "#F6FA31",
      "shape": "leaf",
      "center": [
        -0.1386959044941613,
        -0.1670573440562916
      ],
      "amp": 0.07552555469101284,
      "phase": 0.8302638880008911,
      "lobes": 4,
      "density": 18,
      "scale": 0.8112915601038196,
      "leaf_type": "heart_polar_r=1-sin(theta+phase)"
    }
  ]
}