{
  "product_id": "597957147435",
  "seed": 4243062875,
  "colors": [
    "#1EF1F2",
    "#DC4FDD",
    "#F6FA31"
  ],
  "shape_types": [
    "leaf",
    "arc",
    "oval"
  ],
  "size": 800,
  "per_shape": [
    {
      "index": 0,
      "color": "#1EF1F2",
      "shape": "leaf",
      "center": [
        -0.14843593833789503,
        -0.05220225713041737
      ],
      "amp": 0.10962534931893496,
      "phase": 4.015505062663062,
      "lobes": 2,
      "density": 26,
      "scale": 1.162034068517628,
      "leaf_type": "heart_polar_r=1-sin(theta+phase)"
    },
    {
      "index": 1,
      "color": "#DC4FDD",
      "shape": "arc",
      "center": [
        0.387149025009466,
        -0.31687774788035894
      ],
      "amp": 0.22667019205156236,
      "phase": 2.3493015181747112,
      "lobes": 4,
      "density": 20,
      "scale": 1.053366110768121
    },
    {
      "index": 2,
      "color": "#F6FA31",
      "shape": "oval",
      "center": [
        0.047260771164511994,
        -0.35541000326448685
      ],
      "amp": 0.09186981796174208,
      "phase": 4.269654483579926,
      "lobes": 3,
      "density": 34,
      "scale": 1.1533239288996582,
      "oval_a": 1.2571640931825219,
      "oval_b": 0.8698920200802422
    }
  ]
}