{
  "product_id": "597957147675",
  "seed": 534733977,
  "colors": [
    "#1EF1F2",
    "#DC4FDD",
    "#F6FA31"
  ],
  "shape_types": [
    "oval",
    "loop",
    "arc"
  ],
  "size": 800,
  "per_shape": [
    {
      "index": 0,
      "color": "#1EF1F2",
      "shape": "oval",
      "center": [
        0.1673067655054583,
        0.006932794787987029
      ],
      "amp": 0.20988510393588483,
      "phase": 3.7539008371033313,
      "lobes": 2,
      "density": 19,
      "scale": 0.8496654498259653,
      "oval_a": 1.1837595892486823,
      "oval_b": 0.765830776577296
    },
    {
      "index": 1,
      "color": "#DC4FDD",
      "shape": "loop",
      "center": [
        -0.03521189352220794,
        0.030239687642250712
      ],
      "amp": 0.09429301347698586,
      "phase": 1.398873226564748,
      "lobes": 2,
      "density": 32,
      "scale": 0.8129403498591137,
      "loop_exponent": 2.5
    },
    {
      "index": 2,
      "color": "#F6FA31",
      "shape": "arc",
      "center": [
        -0.03359606010146965,
        0.16166168705646322
      ],
      "amp": 0.15261240816044286,
      "phase": 2.0303921085760837,
      "lobes": 4,
      "density": 28,
      "scale": 1.0546550772470085
    }
  ]
}