{
  "product_id": "597957142549",
  "seed": 1089152454,
  "colors": [
    "#1EF1F2",
    "#DC4FDD",
    "#F6FA31"
  ],
  "shape_types": [
    "oval",
    "loop",
    "arc"
  ],
  "size": 800,
  "per_shape": [
    {
      "index": 0,
      "color": "#1EF1F2",
      "shape": "oval",
      "center": [
        0.3777212370848244,
        0.3485760591584095
      ],
      "amp": 0.2395999305731628,
      "phase": 4.9481325610173545,
      "lobes": 2,
      "density": 24,
      "scale": 1.193357628177081,
      "oval_a": 1.2299647253579973,
      "oval_b": 0.8645627914380283
    },
    {
      "index": 1,
      "color": "#DC4FDD",
      "shape": "loop",
      "center": [
        0.25982925513109023,
        -0.2817477507884718
      ],
      "amp": 0.20597454850083513,
      "phase": 5.214100098357031,
      "lobes": 4,
      "density": 22,
      "scale": 1.0889066255164714,
      "loop_exponent": 2.5
    },
    {
      "index": 2,
      "color": "#F6FA31",
      "shape": "arc",
      "center": [
        0.2490000703836842,
        0.24747993411744595
      ],
      "amp": 0.2453143828706834,
      "phase": 5.465919331465431,
      "lobes": 2,
      "density": 28,
      "scale": 0.907170068652765
    }
  ]
}