{
  "product_id": "597957146341",
  "seed": 1955550316,
  "colors": [
    "#1EF1F2",
    "#DC4FDD",
    "#F6FA31"
  ],
  "shape_types": [
    "arc",
    "leaf",
    "oval"
  ],
  "size": 800,
  "per_shape": [
    {
      "index": 0,
      "color": "#1EF1F2",
      "shape": "arc",
      "center": [
        0.07429348157632615,
        0.22013796937577046
      ],
      "amp": 0.1854658854645152,
      "phase": 0.7767993070244577,
      "lobes": 4,
      "density": 19,
      "scale": 1.19446277149731
    },
    {
      "index": 1,
      "color": "#DC4FDD",
      "shape": "leaf",
      "center": [
        -0.2955909401643899,
        -0.1300337415560991
      ],
      "amp": 0.2158941286572233,
      "phase": 5.113340933267255,
      "lobes": 3,
      "density": 22,
      "scale": 0.8168617296643517,
      "leaf_type": "heart_polar_r=1-sin(theta+phase)"
    },
    {
      "index": 2,
      "color": "#F6FA31",
      "shape": "oval",
      "center": [
        0.3508348310681787,
        -0.08797079254105056
      ],
      "amp": 0.25496190376616445,
      "phase": 5.757180208109476,
      "lobes": 2,
      "density": 32,
      "scale": 1.063902859676002,
      "oval_a": 1.2244271705632275,
      "oval_b": 0.7985808063282063
    }
  ]
}