{
  "product_id": "597957145901",
  "seed": 3103736525,
  "colors": [
    "#1EF1F2",
    "#DC4FDD",
    "#F6FA31"
  ],
  "shape_types": [
    "arc",
    "oval",
    "loop"
  ],
  "size": 800,
  "per_shape": [
    {
      "index": 0,
      "color": "#1EF1F2",
      "shape": "arc",
      "center": [
        -0.1740935158568677,
        -0.011667594980669105
      ],
      "amp": 0.15085395165170962,
      "phase": 5.561681059206421,
      "lobes": 3,
      "density": 24,
      "scale": 0.8210946571293336
    },
    {
      "index": 1,
      "color": "#DC4FDD",
      "shape": "oval",
      "center": [
        -0.228786243563499,
        -0.25994605069984833
      ],
      "amp": 0.2816248716662169,
      "phase": 4.344380678482708,
      "lobes": 2,
      "density": 36,
      "scale": 1.1124195304956563,
      "oval_a": 1.1725633970615112,
      "oval_b": 0.7026732646956068
    },
    {
      "index": 2,
      "color": "#F6FA31",
      "shape": "loop",
      "center": [
        -0.29368685571250225,
        -0.27459165198121527
      ],
      "amp": 0.22901894576596138,
      "phase": 1.4621587475444529,
      "lobes": 2,
      "density": 29,
      "scale": 0.8028133586666365,
      "loop_exponent": 2.5
    }
  ]
}