{
  "product_id": "597957145561",
  "seed": 2973451895,
  "colors": [
    "#1EF1F2",
    "#DC4FDD",
    "#F6FA31"
  ],
  "shape_types": [
    "leaf",
    "arc",
    "oval"
  ],
  "size": 800,
  "per_shape": [
    {
      "index": 0,
      "color": "#1EF1F2",
      "shape": "leaf",
      "center": [
        -0.31964761416972387,
        0.32794872939276487
      ],
      "amp": 0.09777906536942586,
      "phase": 3.0117685560613845,
      "lobes": 2,
      "density": 32,
      "scale": 0.9256870493033109,
      "leaf_type": "heart_polar_r=1-sin(theta+phase)"
    },
    {
      "index": 1,
      "color": "#DC4FDD",
      "shape": "arc",
      "center": [
        -0.022914582327049182,
        0.26285571102786176
      ],
      "amp": 0.17051304960870667,
      "phase": 1.0740003733567167,
      "lobes": 4,
      "density": 32,
      "scale": 0.8349523866146985
    },
    {
      "index": 2,
      "color": "#F6FA31",
      "shape": "oval",
      "center": [
        -0.09581670499782352,
        -0.012156908816083445
      ],
      "amp": 0.2730644257302058,
      "phase": 4.1799559177311725,
      "lobes": 3,
      "density": 32,
      "scale": 1.130635015775689,
      "oval_a": 1.1487291785846234,
      "oval_b": 0.8244162421284558
    }
  ]
}