{
  "product_id": "597957146117",
  "seed": 1940885940,
  "colors": [
    "#1EF1F2",
    "#DC4FDD",
    "#F6FA31"
  ],
  "shape_types": [
    "oval",
    "arc",
    "loop"
  ],
  "size": 800,
  "per_shape": [
    {
      "index": 0,
      "color": "#1EF1F2",
      "shape": "oval",
      "center": [
        0.24948954088749709,
        -0.2667237058051353
      ],
      "amp": 0.13306830029336392,
      "phase": 4.039609252075727,
      "lobes": 4,
      "density": 35,
      "scale": 1.0146840482695836,
      "oval_a": 1.1545293593513901,
      "oval_b": 0.8965685361721643
    },
    {
      "index": 1,
      "color": "#DC4FDD",
      "shape": "arc",
      "center": [
        -0.33588062589686685,
        -0.12221000603815763
      ],
      "amp": 0.11669570339361575,
      "phase": 1.0845981778169358,
      "lobes": 4,
      "density": 25,
      "scale": 0.9967794638213214
    },
    {
      "index": 2,
      "color": "#F6FA31",
      "shape": "loop",
      "center": [
        -0.187805413407862,
        0.02317835977704974
      ],
      "amp": 0.1196361679355062,
      "phase": 0.6054193292433545,
      "lobes": 3,
      "density": 31,
      "scale": 0.9704942576263598,
      "loop_exponent": 2.5
    }
  ]
}