{
  "product_id": "597957148095",
  "seed": 3233115566,
  "colors": [
    "#1EF1F2",
    "#DC4FDD",
    "#F6FA31"
  ],
  "shape_types": [
    "arc",
    "oval",
    "loop"
  ],
  "size": 800,
  "per_shape": [
    {
      "index": 0,
      "color": "#1EF1F2",
      "shape": "arc",
      "center": [
        0.37876688694062655,
        -0.04196692806669128
      ],
      "amp": 0.12319491183857088,
      "phase": 4.337822226946239,
      "lobes": 3,
      "density": 21,
      "scale": 1.0651058533030928
    },
    {
      "index": 1,
      "color": "#DC4FDD",
      "shape": "oval",
      "center": [
        0.08740930614943698,
        0.1682015388833611
      ],
      "amp": 0.18729132327739756,
      "phase": 1.8128650212929835,
      "lobes": 3,
      "density": 29,
      "scale": 0.874805518312332,
      "oval_a": 1.1927803635729988,
      "oval_b": 0.859110577801845
    },
    {
      "index": 2,
      "color": "#F6FA31",
      "shape": "loop",
      "center": [
        0.1378796986194265,
        -0.3707845694762412
      ],
      "amp": 0.29951537381184895,
      "phase": 5.1323288406336545,
      "lobes": 2,
      "density": 36,
      "scale": 0.95275763058646,
      "loop_exponent": 2.5
    }
  ]
}