{
  "product_id": "597957141113",
  "seed": 2698669944,
  "colors": [
    "#1EF1F2",
    "#DC4FDD",
    "#F6FA31"
  ],
  "shape_types": [
    "loop",
    "arc",
    "oval"
  ],
  "size": 800,
  "per_shape": [
    {
      "index": 0,
      "color": "#1EF1F2",
      "shape": "loop",
      "center": [
        -0.3617737752434283,
        0.1289506511434324
      ],
      "amp": 0.15096228424527802,
      "phase": 1.3398960667595394,
      "lobes": 4,
      "density": 30,
      "scale": 0.9817806643977378,
      "loop_exponent": 2.5
    },
    {
      "index": 1,
      "color": "#DC4FDD",
      "shape": "arc",
      "center": [
        0.3631363654784121,
        -0.15372936635218412
      ],
      "amp": 0.07502265507917767,
      "phase": 0.33650842704524236,
      "lobes": 3,
      "density": 32,
      "scale": 0.970197630796977
    },
    {
      "index": 2,
      "color": "#F6FA31",
      "shape": "oval",
      "center": [
        -0.23944922332546562,
        0.09205840001356169
      ],
      "amp": 0.21616700054755117,
      "phase": 1.3086293674398009,
      "lobes": 2,
      "density": 23,
      "scale": 0.835006921355243,
      "oval_a": 1.1730348181875803,
      "oval_b": 0.7926526205421114
    }
  ]
}