{
  "product_id": "597957145035",
  "seed": 2326527615,
  "colors": [
    "#1EF1F2",
    "#DC4FDD",
    "#F6FA31"
  ],
  "shape_types": [
    "leaf",
    "loop",
    "oval"
  ],
  "size": 800,
  "per_shape": [
    {
      "index": 0,
      "color": "#1EF1F2",
      "shape": "leaf",
      "center": [
        0.1395815154200606,
        -0.0183694435293707
      ],
      "amp": 0.15652548769650282,
      "phase": 2.873576038009859,
      "lobes": 2,
      "density": 22,
      "scale": 0.9328240708594695,
      "leaf_type": "heart_polar_r=1-sin(theta+phase)"
    },
    {
      "index": 1,
      "color": "#DC4FDD",
      "shape": "loop",
      "center": [
        -0.11479746881369463,
        -0.3084370749170507
      ],
      "amp": 0.05522934563188188,
      "phase": 2.6493633737548503,
      "lobes": 2,
      "density": 29,
      "scale": 0.9791364971666936,
      "loop_exponent": 2.5
    },
    {
      "index": 2,
      "color": "#F6FA31",
      "shape": "oval",
      "center": [
        0.30732343730742684,
        -0.02929413722399038
      ],
      "amp": 0.2534604140343517,
      "phase": 3.010026000811199,
      "lobes": 2,
      "density": 25,
      "scale": 0.8146836866967215,
      "oval_a": 1.1592052898109078,
      "oval_b": 0.8395674536437853
    }
  ]
}