{
  "product_id": "597957141133",
  "seed": 3266524617,
  "colors": [
    "#1EF1F2",
    "#DC4FDD",
    "#F6FA31"
  ],
  "shape_types": [
    "oval",
    "leaf",
    "loop"
  ],
  "size": 800,
  "per_shape": [
    {
      "index": 0,
      "color": "#1EF1F2",
      "shape": "oval",
      "center": [
        -0.0776351716348036,
        0.23913861982841167
      ],
      "amp": 0.14342497189058762,
      "phase": 2.0897806442167743,
      "lobes": 4,
      "density": 27,
      "scale": 1.0558599321102378,
      "oval_a": 1.1675194165192084,
      "oval_b": 0.8838809350013042
    },
    {
      "index": 1,
      "color": "#DC4FDD",
      "shape": "leaf",
      "center": [
        -0.28970970022154535,
        -0.15478091907380495
      ],
      "amp": 0.17710223802397945,
      "phase": 5.167436233716429,
      "lobes": 4,
      "density": 29,
      "scale": 0.9335530788986449,
      "leaf_type": "heart_polar_r=1-sin(theta+phase)"
    },
    {
      "index": 2,
      "color": "#F6FA31",
      "shape": "loop",
      "center": [
        -0.1723032842665987,
        -0.19967681507955728
      ],
      "amp": 0.12814482292725454,
      "phase": 3.9641187571645076,
      "lobes": 3,
      "density": 30,
      "scale": 0.8048757996920654,
      "loop_exponent": 2.5
    }
  ]
}