{
  "product_id": "597957143769",
  "seed": 2229193119,
  "colors": [
    "#1EF1F2",
    "#DC4FDD",
    "#F6FA31"
  ],
  "shape_types": [
    "leaf",
    "arc",
    "loop"
  ],
  "size": 800,
  "per_shape": [
    {
      "index": 0,
      "color": "#1EF1F2",
      "shape": "leaf",
      "center": [
        -0.2684006019391607,
        -0.06507505170988753
      ],
      "amp": 0.05462379781120193,
      "phase": 2.5180727816021227,
      "lobes": 4,
      "density": 22,
      "scale": 0.810706982659732,
      "leaf_type": "heart_polar_r=1-sin(theta+phase)"
    },
    {
      "index": 1,
      "color": "#DC4FDD",
      "shape": "arc",
      "center": [
        0.06723997581173691,
        0.31269123136435206
      ],
      "amp": 0.1327079448223788,
      "phase": 4.034864678916144,
      "lobes": 4,
      "density": 19,
      "scale": 0.9476776039375684
    },
    {
      "index": 2,
      "color": "#F6FA31",
      "shape": "loop",
      "center": [
        -0.20110723541756015,
        -0.15983423905259997
      ],
      "amp": 0.24002911774188257,
      "phase": 0.798075179404129,
      "lobes": 2,
      "density": 20,
      "scale": 1.0453048429255862,
      "loop_exponent": 2.5
    }
  ]
}