{
  "product_id": "597957142085",
  "seed": 1303606012,
  "colors": [
    "#1EF1F2",
    "#DC4FDD",
    "#F6FA31"
  ],
  "shape_types": [
    "arc",
    "leaf",
    "oval"
  ],
  "size": 800,
  "per_shape": [
    {
      "index": 0,
      "color": "#1EF1F2",
      "shape": "arc",
      "center": [
        0.2646970812645686,
        0.3864721819048178
      ],
      "amp": 0.10595533195102862,
      "phase": 3.3643410483759206,
      "lobes": 3,
      "density": 35,
      "scale": 1.0215755825804453
    },
    {
      "index": 1,
      "color": "#DC4FDD",
      "shape": "leaf",
      "center": [
        0.16336737347205188,
        0.07514683104649411
      ],
      "amp": 0.05364390302149659,
      "phase": 2.4031968081396142,
      "lobes": 3,
      "density": 22,
      "scale": 1.016112509346299,
      "leaf_type": "heart_polar_r=1-sin(theta+phase)"
    },
    {
      "index": 2,
      "color": "#F6FA31",
      "shape": "oval",
      "center": [
        0.19718975591797994,
        0.02933107574549093
      ],
      "amp": 0.054668022213119546,
      "phase": 0.5707280046071684,
      "lobes": 3,
      "density": 28,
      "scale": 0.8049142431258002,
      "oval_a": 1.1967545587673811,
      "oval_b": 0.7205262516220396
    }
  ]
}