{
  "product_id": "597957139089",
  "seed": 968495444,
  "colors": [
    "#1EF1F2",
    "#DC4FDD",
    "#F6FA31"
  ],
  "shape_types": [
    "leaf",
    "oval",
    "arc"
  ],
  "size": 800,
  "per_shape": [
    {
      "index": 0,
      "color": "#1EF1F2",
      "shape": "leaf",
      "center": [
        -0.38075651480331163,
        0.39245859877364997
      ],
      "amp": 0.13056357539853086,
      "phase": 4.405639342178528,
      "lobes": 3,
      "density": 36,
      "scale": 0.9322733359847731,
      "leaf_type": "heart_polar_r=1-sin(theta+phase)"
    },
    {
      "index": 1,
      "color": "#DC4FDD",
      "shape": "oval",
      "center": [
        0.25463084267371994,
        0.04726401091756155
      ],
      "amp": 0.22042253873831663,
      "phase": 5.189822179415217,
      "lobes": 3,
      "density": 20,
      "scale": 1.073498375157551,
      "oval_a": 1.2041024740961241,
      "oval_b": 0.8617992484181323
    },
    {
      "index": 2,
      "color": "#F6FA31",
      "shape": "arc",
      "center": [
        0.3903014747508754,
        -0.0019624496719053974
      ],
      "amp": 0.22289130124118067,
      "phase": 2.2530588084066023,
      "lobes": 2,
      "density": 33,
      "scale": 0.832662499095807
    }
  ]
}