{
  "product_id": "597957144311",
  "seed": 3577975487,
  "colors": [
    "#1EF1F2",
    "#DC4FDD",
    "#F6FA31"
  ],
  "shape_types": [
    "oval",
    "arc",
    "leaf"
  ],
  "size": 800,
  "per_shape": [
    {
      "index": 0,
      "color": "#1EF1F2",
      "shape": "oval",
      "center": [
        0.14034624343757163,
        -0.022281328385476917
      ],
      "amp": 0.14507194798966255,
      "phase": 2.500465804845327,
      "lobes": 4,
      "density": 33,
      "scale": 1.0287667313707627,
      "oval_a": 1.1944639424903047,
      "oval_b": 0.7894792394870493
    },
    {
      "index": 1,
      "color": "#DC4FDD",
      "shape": "arc",
      "center": [
        0.07575888463161967,
        0.36184977119665473
      ],
      "amp": 0.26568568844160795,
      "phase": 0.2357955323733936,
      "lobes": 3,
      "density": 34,
      "scale": 0.957438406499648
    },
    {
      "index": 2,
      "color": "#F6FA31",
      "shape": "leaf",
      "center": [
        -0.38896673847399904,
        -0.3554717890866481
      ],
      "amp": 0.18184244079751455,
      "phase": 4.123345372899574,
      "lobes": 3,
      "density": 34,
      "scale": 0.9681380777230251,
      "leaf_type": "heart_polar_r=1-sin(theta+phase)"
    }
  ]
}