{
  "product_id": "597957145845",
  "seed": 2164948970,
  "colors": [
    "#1EF1F2",
    "#DC4FDD",
    "#F6FA31"
  ],
  "shape_types": [
    "loop",
    "oval",
    "arc"
  ],
  "size": 800,
  "per_shape": [
    {
      "index": 0,
      "color": "#1EF1F2",
      "shape": "loop",
      "center": [
        0.30439411515881154,
        0.12168904153264049
      ],
      "amp": 0.11740161306849163,
      "phase": 0.6772127068336634,
      "lobes": 2,
      "density": 28,
      "scale": 0.9513842757217255,
      "loop_exponent": 2.5
    },
    {
      "index": 1,
      "color": "#DC4FDD",
      "shape": "oval",
      "center": [
        0.3739181720203816,
        0.1765487796232792
      ],
      "amp": 0.19708915012002504,
      "phase": 0.5482696074233889,
      "lobes": 3,
      "density": 32,
      "scale": 0.9544834481764003,
      "oval_a": 1.1209403950272134,
      "oval_b": 0.8147982860245248
    },
    {
      "index": 2,
      "color": "#F6FA31",
      "shape": "arc",
      "center": [
        0.322962996431267,
        0.17199449553728186
      ],
      "amp": 0.252192334454939,
      "phase": 2.1380868236840027,
      "lobes": 3,
      "density": 26,
      "scale": 1.121797713852811
    }
  ]
}