{
  "product_id": "597957144673",
  "seed": 1050623697,
  "colors": [
    "#1EF1F2",
    "#DC4FDD",
    "#F6FA31"
  ],
  "shape_types": [
    "leaf",
    "oval",
    "arc"
  ],
  "size": 800,
  "per_shape": [
    {
      "index": 0,
      "color": "#1EF1F2",
      "shape": "leaf",
      "center": [
        -0.16205897589086168,
        0.284351996627246
      ],
      "amp": 0.25277850002185065,
      "phase": 0.9175399626984444,
      "lobes": 2,
      "density": 34,
      "scale": 0.9947385142048313,
      "leaf_type": "heart_polar_r=1-sin(theta+phase)"
    },
    {
      "index": 1,
      "color": "#DC4FDD",
      "shape": "oval",
      "center": [
        0.24630759067069707,
        -0.11502415869519267
      ],
      "amp": 0.09555265080472912,
      "phase": 3.1358130491167753,
      "lobes": 3,
      "density": 19,
      "scale": 0.8184303736614187,
      "oval_a": 1.205684754751748,
      "oval_b": 0.8537883458974651
    },
    {
      "index": 2,
      "color": "#F6FA31",
      "shape": "arc",
      "center": [
        0.05394047872614499,
        0.23264778839430522
      ],
      "amp": 0.21334998697131946,
      "phase": 6.192781026055767,
      "lobes": 2,
      "density": 35,
      "scale": 0.9246216648449825
    }
  ]
}