{
  "product_id": "597957146619",
  "seed": 3219171430,
  "colors": [
    "#1EF1F2",
    "#DC4FDD",
    "#F6FA31"
  ],
  "shape_types": [
    "oval",
    "leaf",
    "arc"
  ],
  "size": 800,
  "per_shape": [
    {
      "index": 0,
      "color": "#1EF1F2",
      "shape": "oval",
      "center": [
        -0.3538677638458021,
        0.32420087104979767
      ],
      "amp": 0.2059190974416486,
      "phase": 1.7307970731905333,
      "lobes": 3,
      "density": 22,
      "scale": 0.8094550349102119,
      "oval_a": 1.1945705776000661,
      "oval_b": 0.8660291185133041
    },
    {
      "index": 1,
      "color": "#DC4FDD",
      "shape": "leaf",
      "center": [
        0.1761614921024044,
        0.37570410189689685
      ],
      "amp": 0.17404055276645264,
      "phase": 5.642556165052301,
      "lobes": 3,
      "density": 27,
      "scale": 1.0595904350399483,
      "leaf_type": "heart_polar_r=1-sin(theta+phase)"
    },
    {
      "index": 2,
      "color": "#F6FA31",
      "shape": "arc",
      "center": [
        -0.312333257250108,
        0.05501623965513991
      ],
      "amp": 0.05402645750264855,
      "phase": 2.5740263542517616,
      "lobes": 2,
      "density": 19,
      "scale": 1.143017465051644
    }
  ]
}