{
  "product_id": "597957141575",
  "seed": 3526730897,
  "colors": [
    "#1EF1F2",
    "#DC4FDD",
    "#F6FA31"
  ],
  "shape_types": [
    "leaf",
    "oval",
    "arc"
  ],
  "size": 800,
  "per_shape": [
    {
      "index": 0,
      "color": "#1EF1F2",
      "shape": "leaf",
      "center": [
        0.07137241758732549,
        -0.32482505292595865
      ],
      "amp": 0.12402980260990913,
      "phase": 1.587225392097627,
      "lobes": 3,
      "density": 18,
      "scale": 0.9917531499176704,
      "leaf_type": "heart_polar_r=1-sin(theta+phase)"
    },
    {
      "index": 1,
      "color": "#DC4FDD",
      "shape": "oval",
      "center": [
        0.16985931278320632,
        0.33816938251843
      ],
      "amp": 0.2796007484152336,
      "phase": 3.641763593507997,
      "lobes": 2,
      "density": 35,
      "scale": 1.1233383398079437,
      "oval_a": 1.2834604748193634,
      "oval_b": 0.7555954614596171
    },
    {
      "index": 2,
      "color": "#F6FA31",
      "shape": "arc",
      "center": [
        0.323344551457559,
        -0.026058172159997894
      ],
      "amp": 0.07421295117488379,
      "phase": 4.798939465737667,
      "lobes": 2,
      "density": 18,
      "scale": 1.1153420813336856
    }
  ]
}