{
  "product_id": "597957141105",
  "seed": 3130472393,
  "colors": [
    "#1EF1F2",
    "#DC4FDD",
    "#F6FA31"
  ],
  "shape_types": [
    "loop",
    "leaf",
    "arc"
  ],
  "size": 800,
  "per_shape": [
    {
      "index": 0,
      "color": "#1EF1F2",
      "shape": "loop",
      "center": [
        -0.2733599332528295,
        0.15766323161213414
      ],
      "amp": 0.2249752559123791,
      "phase": 1.1664327306898,
      "lobes": 4,
      "density": 33,
      "scale": 1.13017127868664,
      "loop_exponent": 2.5
    },
    {
      "index": 1,
      "color": "#DC4FDD",
      "shape": "leaf",
      "center": [
        -0.1827154126873329,
        0.1957615246391473
      ],
      "amp": 0.22839836258508422,
      "phase": 0.9471736750139249,
      "lobes": 3,
      "density": 33,
      "scale": 0.9964264390433405,
      "leaf_type": "heart_polar_r=1-sin(theta+phase)"
    },
    {
      "index": 2,
      "color": "#F6FA31",
      "shape": "arc",
      "center": [
        0.06024445436745551,
        -0.11170148373315575
      ],
      "amp": 0.11595357450261702,
      "phase": 1.0915849221647325,
      "lobes": 2,
      "density": 22,
      "scale": 1.1084285825431854
    }
  ]
}