{
  "product_id": "597957144055",
  "seed": 2519225207,
  "colors": [
    "#1EF1F2",
    "#DC4FDD",
    "#F6FA31"
  ],
  "shape_types": [
    "leaf",
    "arc",
    "loop"
  ],
  "size": 800,
  "per_shape": [
    {
      "index": 0,
      "color": "#1EF1F2",
      "shape": "leaf",
      "center": [
        -0.2613884278533942,
        0.036154320639521065
      ],
      "amp": 0.09899208543096662,
      "phase": 4.675398390154134,
      "lobes": 4,
      "density": 25,
      "scale": 1.1212247424533581,
      "leaf_type": "heart_polar_r=1-sin(theta+phase)"
    },
    {
      "index": 1,
      "color": "#DC4FDD",
      "shape": "arc",
      "center": [
        -0.24774666876645002,
        0.05170219796233788
      ],
      "amp": 0.22881243868274836,
      "phase": 0.44604628737639734,
      "lobes": 2,
      "density": 24,
      "scale": 0.9227359109381834
    },
    {
      "index": 2,
      "color": "#F6FA31",
      "shape": "loop",
      "center": [
        -0.17195207309891494,
        0.2775882166166598
      ],
      "amp": 0.13866530119600073,
      "phase": 5.818358360441885,
      "lobes": 3,
      "density": 33,
      "scale": 0.9096467053067495,
      "loop_exponent": 2.5
    }
  ]
}