{
  "product_id": "597957146357",
  "seed": 1935150749,
  "colors": [
    "#1EF1F2",
    "#DC4FDD",
    "#F6FA31"
  ],
  "shape_types": [
    "loop",
    "oval",
    "leaf"
  ],
  "size": 800,
  "per_shape": [
    {
      "index": 0,
      "color": "#1EF1F2",
      "shape": "loop",
      "center": [
        0.20534788186316288,
        -0.37916415898426764
      ],
      "amp": 0.1907311054835178,
      "phase": 2.4819549598529864,
      "lobes": 4,
      "density": 30,
      "scale": 1.0082109876708363,
      "loop_exponent": 2.5
    },
    {
      "index": 1,
      "color": "#DC4FDD",
      "shape": "oval",
      "center": [
        0.22558264051764798,
        -0.35013988237301413
      ],
      "amp": 0.16211653324988934,
      "phase": 4.51436866139794,
      "lobes": 2,
      "density": 21,
      "scale": 0.8869358144732805,
      "oval_a": 1.2339789728254764,
      "oval_b": 0.7781058021249758
    },
    {
      "index": 2,
      "color": "#F6FA31",
      "shape": "leaf",
      "center": [
        0.13786288816778336,
        -0.07667425249828713
      ],
      "amp": 0.08418093675937109,
      "phase": 5.121481341984524,
      "lobes": 4,
      "density": 26,
      "scale": 0.8825104895052912,
      "leaf_type": "heart_polar_r=1-sin(theta+phase)"
    }
  ]
}