{
  "product_id": "597957144891",
  "seed": 1484606281,
  "colors": [
    "#1EF1F2",
    "#DC4FDD",
    "#F6FA31"
  ],
  "shape_types": [
    "leaf",
    "oval",
    "loop"
  ],
  "size": 800,
  "per_shape": [
    {
      "index": 0,
      "color": "#1EF1F2",
      "shape": "leaf",
      "center": [
        0.30611124597048167,
        0.3351984939160718
      ],
      "amp": 0.27398757341919744,
      "phase": 5.208718212672622,
      "lobes": 2,
      "density": 29,
      "scale": 0.9693811359075521,
      "leaf_type": "heart_polar_r=1-sin(theta+phase)"
    },
    {
      "index": 1,
      "color": "#DC4FDD",
      "shape": "oval",
      "center": [
        0.3937340190986963,
        0.05992867389774997
      ],
      "amp": 0.21975075707425823,
      "phase": 3.908111807055606,
      "lobes": 2,
      "density": 19,
      "scale": 1.1097136559774694,
      "oval_a": 1.1864693133736812,
      "oval_b": 0.807054726129469
    },
    {
      "index": 2,
      "color": "#F6FA31",
      "shape": "loop",
      "center": [
        -0.13507382233198623,
        0.07937429182822903
      ],
      "amp": 0.10634305368719583,
      "phase": 5.97046736671783,
      "lobes": 4,
      "density": 18,
      "scale": 1.0698284885731344,
      "loop_exponent": 2.5
    }
  ]
}