{
  "product_id": "597957147317",
  "seed": 1724047469,
  "colors": [
    "#1EF1F2",
    "#DC4FDD",
    "#F6FA31"
  ],
  "shape_types": [
    "loop",
    "arc",
    "oval"
  ],
  "size": 800,
  "per_shape": [
    {
      "index": 0,
      "color": "#1EF1F2",
      "shape": "loop",
      "center": [
        0.39090465192785195,
        -0.28651775452740474
      ],
      "amp": 0.28377214314558163,
      "phase": 0.43094430643395604,
      "lobes": 4,
      "density": 33,
      "scale": 0.8414829296608528,
      "loop_exponent": 2.5
    },
    {
      "index": 1,
      "color": "#DC4FDD",
      "shape": "arc",
      "center": [
        -0.22658473975807622,
        0.2778661666140717
      ],
      "amp": 0.13137881002538926,
      "phase": 1.2564828712871678,
      "lobes": 3,
      "density": 36,
      "scale": 1.0599011270566594
    },
    {
      "index": 2,
      "color": "#F6FA31",
      "shape": "oval",
      "center": [
        0.0622375635323964,
        -0.05756115848617299
      ],
      "amp": 0.08038003531345476,
      "phase": 4.799231711708578,
      "lobes": 4,
      "density": 27,
      "scale": 0.8554010422188252,
      "oval_a": 1.2380344379489359,
      "oval_b": 0.7133192737015663
    }
  ]
}