{
  "product_id": "597957148149",
  "seed": 3070962751,
  "colors": [
    "#1EF1F2",
    "#DC4FDD",
    "#F6FA31"
  ],
  "shape_types": [
    "loop",
    "leaf",
    "oval"
  ],
  "size": 800,
  "per_shape": [
    {
      "index": 0,
      "color": "#1EF1F2",
      "shape": "loop",
      "center": [
        0.39290705709432394,
        0.027355841359247957
      ],
      "amp": 0.08649047090708194,
      "phase": 4.401415942850247,
      "lobes": 4,
      "density": 35,
      "scale": 1.1998984166113176,
      "loop_exponent": 2.5
    },
    {
      "index": 1,
      "color": "#DC4FDD",
      "shape": "leaf",
      "center": [
        0.31516211044740194,
        0.25058512735113714
      ],
      "amp": 0.08657514221097314,
      "phase": 1.8953103277861205,
      "lobes": 2,
      "density": 21,
      "scale": 0.8621243178633152,
      "leaf_type": "heart_polar_r=1-sin(theta+phase)"
    },
    {
      "index": 2,
      "color": "#F6FA31",
      "shape": "oval",
      "center": [
        -0.31249025315117085,
        0.1099233702928204
      ],
      "amp": 0.12152240387316209,
      "phase": 1.3478307639098528,
      "lobes": 3,
      "density": 21,
      "scale": 0.8312648460391929,
      "oval_a": 1.2742355161119718,
      "oval_b": 0.7103343344536468
    }
  ]
}