{
  "product_id": "597957142601",
  "seed": 3513522490,
  "colors": [
    "#1EF1F2",
    "#DC4FDD",
    "#F6FA31"
  ],
  "shape_types": [
    "arc",
    "oval",
    "loop"
  ],
  "size": 800,
  "per_shape": [
    {
      "index": 0,
      "color": "#1EF1F2",
      "shape": "arc",
      "center": [
        -0.029534293009535584,
        -0.16367010519458997
      ],
      "amp": 0.23582300443456955,
      "phase": 0.43575362900790704,
      "lobes": 4,
      "density": 26,
      "scale": 1.1931793995785216
    },
    {
      "index": 1,
      "color": "#DC4FDD",
      "shape": "oval",
      "center": [
        0.39338677688236956,
        -0.10552754991438801
      ],
      "amp": 0.06026453132833763,
      "phase": 4.941149348178046,
      "lobes": 2,
      "density": 27,
      "scale": 1.0007865939221607,
      "oval_a": 1.1862958942797077,
      "oval_b": 0.793954121415914
    },
    {
      "index": 2,
      "color": "#F6FA31",
      "shape": "loop",
      "center": [
        0.14748389279991847,
        -0.1613179624485139
      ],
      "amp": 0.08576672412189447,
      "phase": 4.160805852019133,
      "lobes": 3,
      "density": 27,
      "scale": 0.9170267949599559,
      "loop_exponent": 2.5
    }
  ]
}