{
  "product_id": "597957141515",
  "seed": 3925146059,
  "colors": [
    "#1EF1F2",
    "#DC4FDD",
    "#F6FA31"
  ],
  "shape_types": [
    "oval",
    "arc",
    "leaf"
  ],
  "size": 800,
  "per_shape": [
    {
      "index": 0,
      "color": "#1EF1F2",
      "shape": "oval",
      "center": [
        0.34387641325475415,
        0.1664088677354031
      ],
      "amp": 0.2699712266005372,
      "phase": 5.686965842971336,
      "lobes": 3,
      "density": 21,
      "scale": 1.0441884208095957,
      "oval_a": 1.1807680199933286,
      "oval_b": 0.7760219248620919
    },
    {
      "index": 1,
      "color": "#DC4FDD",
      "shape": "arc",
      "center": [
        0.2971327461665799,
        0.06279067747311612
      ],
      "amp": 0.19382815920294538,
      "phase": 2.33632015860021,
      "lobes": 4,
      "density": 32,
      "scale": 0.8108853294170608
    },
    {
      "index": 2,
      "color": "#F6FA31",
      "shape": "leaf",
      "center": [
        0.007996473769700696,
        0.2898342729703596
      ],
      "amp": 0.2768792968893778,
      "phase": 3.5872404600163836,
      "lobes": 3,
      "density": 36,
      "scale": 1.1816707084595266,
      "leaf_type": "heart_polar_r=1-sin(theta+phase)"
    }
  ]
}