{
  "product_id": "597957146789",
  "seed": 1316302725,
  "colors": [
    "#1EF1F2",
    "#DC4FDD",
    "#F6FA31"
  ],
  "shape_types": [
    "leaf",
    "loop",
    "oval"
  ],
  "size": 800,
  "per_shape": [
    {
      "index": 0,
      "color": "#1EF1F2",
      "shape": "leaf",
      "center": [
        -0.35179068800376057,
        0.14628790758154264
      ],
      "amp": 0.08872427417096708,
      "phase": 0.8507281887299613,
      "lobes": 2,
      "density": 29,
      "scale": 0.9492161751745315,
      "leaf_type": "heart_polar_r=1-sin(theta+phase)"
    },
    {
      "index": 1,
      "color": "#DC4FDD",
      "shape": "loop",
      "center": [
        -0.05013877003385386,
        -0.14137823760460544
      ],
      "amp": 0.20568694084487993,
      "phase": 4.184440190989076,
      "lobes": 2,
      "density": 29,
      "scale": 0.8333784996640696,
      "loop_exponent": 2.5
    },
    {
      "index": 2,
      "color": "#F6FA31",
      "shape": "oval",
      "center": [
        -0.3959821578387783,
        0.022363646792488923
      ],
      "amp": 0.138048382160113,
      "phase": 1.1229699700104798,
      "lobes": 2,
      "density": 19,
      "scale": 0.8868517424111285,
      "oval_a": 1.252674564538801,
      "oval_b": 0.7803435624568245
    }
  ]
}