{
  "product_id": "597957142617",
  "seed": 956242694,
  "colors": [
    "#1EF1F2",
    "#DC4FDD",
    "#F6FA31"
  ],
  "shape_types": [
    "loop",
    "leaf",
    "oval"
  ],
  "size": 800,
  "per_shape": [
    {
      "index": 0,
      "color": "#1EF1F2",
      "shape": "loop",
      "center": [
        -0.0759040128511031,
        0.3348648377813982
      ],
      "amp": 0.29190736313235327,
      "phase": 0.295812592569726,
      "lobes": 4,
      "density": 18,
      "scale": 0.9669098798949083,
      "loop_exponent": 2.5
    },
    {
      "index": 1,
      "color": "#DC4FDD",
      "shape": "leaf",
      "center": [
        0.2430486404113722,
        -0.37352685999895474
      ],
      "amp": 0.13151806680006656,
      "phase": 3.5774476960360437,
      "lobes": 3,
      "density": 35,
      "scale": 1.0327223275768365,
      "leaf_type": "heart_polar_r=1-sin(theta+phase)"
    },
    {
      "index": 2,
      "color": "#F6FA31",
      "shape": "oval",
      "center": [
        -0.17399822695957826,
        -0.005594694498091191
      ],
      "amp": 0.08766418149133338,
      "phase": 4.344281078109913,
      "lobes": 4,
      "density": 18,
      "scale": 0.9610061556249839,
      "oval_a": 1.171126801515137,
      "oval_b": 0.8396945079991676
    }
  ]
}