{
  "product_id": "597957140485",
  "seed": 4246194239,
  "colors": [
    "#1EF1F2",
    "#DC4FDD",
    "#F6FA31"
  ],
  "shape_types": [
    "loop",
    "arc",
    "leaf"
  ],
  "size": 800,
  "per_shape": [
    {
      "index": 0,
      "color": "#1EF1F2",
      "shape": "loop",
      "center": [
        0.3398419805058909,
        0.020112234850736044
      ],
      "amp": 0.1419284042439199,
      "phase": 2.6459247249449236,
      "lobes": 4,
      "density": 21,
      "scale": 0.9495405476662766,
      "loop_exponent": 2.5
    },
    {
      "index": 1,
      "color": "#DC4FDD",
      "shape": "arc",
      "center": [
        0.01516914110018669,
        0.3570828161390299
      ],
      "amp": 0.12463983830403032,
      "phase": 4.168492770654988,
      "lobes": 3,
      "density": 28,
      "scale": 1.0171835163749339
    },
    {
      "index": 2,
      "color": "#F6FA31",
      "shape": "leaf",
      "center": [
        0.22207854666193083,
        -0.20553749065895988
      ],
      "amp": 0.28514280516074925,
      "phase": 4.058522559995049,
      "lobes": 2,
      "density": 23,
      "scale": 1.0581024609427037,
      "leaf_type": "heart_polar_r=1-sin(theta+phase)"
    }
  ]
}