{
  "product_id": "597957147603",
  "seed": 35696068,
  "colors": [
    "#1EF1F2",
    "#DC4FDD",
    "#F6FA31"
  ],
  "shape_types": [
    "oval",
    "leaf",
    "loop"
  ],
  "size": 800,
  "per_shape": [
    {
      "index": 0,
      "color": "#1EF1F2",
      "shape": "oval",
      "center": [
        -0.3839778644659414,
        -0.18020876053054452
      ],
      "amp": 0.2951289461637726,
      "phase": 2.3000024059745336,
      "lobes": 4,
      "density": 22,
      "scale": 1.1289338430993672,
      "oval_a": 1.2277876803741192,
      "oval_b": 0.8878282997662503
    },
    {
      "index": 1,
      "color": "#DC4FDD",
      "shape": "leaf",
      "center": [
        -0.29425472955192317,
        0.1566711766245995
      ],
      "amp": 0.182551230981168,
      "phase": 5.553553773715216,
      "lobes": 2,
      "density": 34,
      "scale": 1.1437618313214442,
      "leaf_type": "heart_polar_r=1-sin(theta+phase)"
    },
    {
      "index": 2,
      "color": "#F6FA31",
      "shape": "loop",
      "center": [
        -0.016243398066313808,
        -0.3491089323426749
      ],
      "amp": 0.11660695758196342,
      "phase": 2.826844869765347,
      "lobes": 4,
      "density": 20,
      "scale": 1.0222205679356953,
      "loop_exponent": 2.5
    }
  ]
}