{
  "product_id": "597957145393",
  "seed": 464273624,
  "colors": [
    "#1EF1F2",
    "#DC4FDD",
    "#F6FA31"
  ],
  "shape_types": [
    "leaf",
    "loop",
    "arc"
  ],
  "size": 800,
  "per_shape": [
    {
      "index": 0,
      "color": "#1EF1F2",
      "shape": "leaf",
      "center": [
        -0.33941051655416565,
        0.013377438525525587
      ],
      "amp": 0.27087659203155784,
      "phase": 6.047870632783487,
      "lobes": 2,
      "density": 21,
      "scale": 1.1142242555481858,
      "leaf_type": "heart_polar_r=1-sin(theta+phase)"
    },
    {
      "index": 1,
      "color": "#DC4FDD",
      "shape": "loop",
      "center": [
        -0.12021665155874434,
        0.3167275588470544
      ],
      "amp": 0.29061669228964504,
      "phase": 4.324907319721582,
      "lobes": 4,
      "density": 36,
      "scale": 0.8887349706366208,
      "loop_exponent": 2.5
    },
    {
      "index": 2,
      "color": "#F6FA31",
      "shape": "arc",
      "center": [
        0.24628287633450652,
        0.3859076537322029
      ],
      "amp": 0.05190629877513249,
      "phase": 1.3095307643907914,
      "lobes": 4,
      "density": 28,
      "scale": 1.1742512083681516
    }
  ]
}