{
  "product_id": "597957146121",
  "seed": 652419432,
  "colors": [
    "#1EF1F2",
    "#DC4FDD",
    "#F6FA31"
  ],
  "shape_types": [
    "oval",
    "leaf",
    "arc"
  ],
  "size": 800,
  "per_shape": [
    {
      "index": 0,
      "color": "#1EF1F2",
      "shape": "oval",
      "center": [
        -0.18995468064885923,
        -0.1926524279068775
      ],
      "amp": 0.17982137426209516,
      "phase": 0.6970608932895168,
      "lobes": 4,
      "density": 22,
      "scale": 1.00147044485919,
      "oval_a": 1.2836885743201385,
      "oval_b": 0.7383012917595663
    },
    {
      "index": 1,
      "color": "#DC4FDD",
      "shape": "leaf",
      "center": [
        0.3888030268587087,
        0.20381683621121915
      ],
      "amp": 0.24988892596298212,
      "phase": 6.170512742841588,
      "lobes": 3,
      "density": 32,
      "scale": 0.8116391976847985,
      "leaf_type": "heart_polar_r=1-sin(theta+phase)"
    },
    {
      "index": 2,
      "color": "#F6FA31",
      "shape": "arc",
      "center": [
        -0.10157082506470572,
        -0.32746675645555023
      ],
      "amp": 0.23472146845314096,
      "phase": 4.698852378856428,
      "lobes": 4,
      "density": 23,
      "scale": 1.1609663122523137
    }
  ]
}