{
  "product_id": "597957143753",
  "seed": 1124729065,
  "colors": [
    "#1EF1F2",
    "#DC4FDD",
    "#F6FA31"
  ],
  "shape_types": [
    "arc",
    "loop",
    "leaf"
  ],
  "size": 800,
  "per_shape": [
    {
      "index": 0,
      "color": "#1EF1F2",
      "shape": "arc",
      "center": [
        0.23626339176311706,
        -0.13578662153485332
      ],
      "amp": 0.2136580154594429,
      "phase": 4.6145732403959965,
      "lobes": 3,
      "density": 26,
      "scale": 0.8373210873179746
    },
    {
      "index": 1,
      "color": "#DC4FDD",
      "shape": "loop",
      "center": [
        0.14217586668797277,
        -0.20508441195298532
      ],
      "amp": 0.29309017636783063,
      "phase": 0.2725087832888282,
      "lobes": 4,
      "density": 33,
      "scale": 1.1772303329519864,
      "loop_exponent": 2.5
    },
    {
      "index": 2,
      "color": "#F6FA31",
      "shape": "leaf",
      "center": [
        -0.08838742869739458,
        -0.08928922537900108
      ],
      "amp": 0.12226807835715676,
      "phase": 1.7222627423113697,
      "lobes": 3,
      "density": 25,
      "scale": 0.8568844458063026,
      "leaf_type": "heart_polar_r=1-sin(theta+phase)"
    }
  ]
}