{
  "product_id": "597957144825",
  "seed": 4062870631,
  "colors": [
    "#1EF1F2",
    "#DC4FDD",
    "#F6FA31"
  ],
  "shape_types": [
    "loop",
    "arc",
    "oval"
  ],
  "size": 800,
  "per_shape": [
    {
      "index": 0,
      "color": "#1EF1F2",
      "shape": "loop",
      "center": [
        -0.38677851738802416,
        -0.31040893190443325
      ],
      "amp": 0.125891933842757,
      "phase": 1.605137029399955,
      "lobes": 3,
      "density": 36,
      "scale": 1.007151956450952,
      "loop_exponent": 2.5
    },
    {
      "index": 1,
      "color": "#DC4FDD",
      "shape": "arc",
      "center": [
        0.14485306894744876,
        -0.24691001488968453
      ],
      "amp": 0.05549237955067056,
      "phase": 1.0341287784007576,
      "lobes": 2,
      "density": 20,
      "scale": 0.861975374036601
    },
    {
      "index": 2,
      "color": "#F6FA31",
      "shape": "oval",
      "center": [
        0.055006491562896,
        0.11868681604839926
      ],
      "amp": 0.09556116915185627,
      "phase": 5.056279314578705,
      "lobes": 2,
      "density": 31,
      "scale": 1.1328362370193674,
      "oval_a": 1.1797701119402018,
      "oval_b": 0.7745420732512162
    }
  ]
}