{
  "product_id": "597957146269",
  "seed": 356565456,
  "colors": [
    "#1EF1F2",
    "#DC4FDD",
    "#F6FA31"
  ],
  "shape_types": [
    "oval",
    "arc",
    "loop"
  ],
  "size": 800,
  "per_shape": [
    {
      "index": 0,
      "color": "#1EF1F2",
      "shape": "oval",
      "center": [
        -0.23471876115118928,
        0.11805746492796876
      ],
      "amp": 0.1196740887701065,
      "phase": 1.5178747050325834,
      "lobes": 4,
      "density": 23,
      "scale": 0.8640772041700626,
      "oval_a": 1.1157908851599836,
      "oval_b": 0.7433287222313307
    },
    {
      "index": 1,
      "color": "#DC4FDD",
      "shape": "arc",
      "center": [
        -0.1565221227773148,
        -0.32336193189173007
      ],
      "amp": 0.2842048655726929,
      "phase": 5.074943226766554,
      "lobes": 2,
      "density": 24,
      "scale": 1.0937581759303294
    },
    {
      "index": 2,
      "color": "#F6FA31",
      "shape": "loop",
      "center": [
        -0.19276662353954166,
        0.3761556636515997
      ],
      "amp": 0.18549863249847964,
      "phase": 2.890868541554913,
      "lobes": 2,
      "density": 26,
      "scale": 1.1530596872743322,
      "loop_exponent": 2.5
    }
  ]
}