{
  "product_id": "597957141391",
  "seed": 2704362995,
  "colors": [
    "#1EF1F2",
    "#DC4FDD",
    "#F6FA31"
  ],
  "shape_types": [
    "arc",
    "loop",
    "oval"
  ],
  "size": 800,
  "per_shape": [
    {
      "index": 0,
      "color": "#1EF1F2",
      "shape": "arc",
      "center": [
        -0.35436495854708644,
        0.13197650226439817
      ],
      "amp": 0.19950433659573397,
      "phase": 4.800618071566649,
      "lobes": 2,
      "density": 30,
      "scale": 1.123839574068772
    },
    {
      "index": 1,
      "color": "#DC4FDD",
      "shape": "loop",
      "center": [
        0.05539227419249071,
        -0.3878926507154799
      ],
      "amp": 0.29830639121140007,
      "phase": 0.08443538290177299,
      "lobes": 2,
      "density": 27,
      "scale": 1.0678568421858479,
      "loop_exponent": 2.5
    },
    {
      "index": 2,
      "color": "#F6FA31",
      "shape": "oval",
      "center": [
        -0.23252358588001398,
        -0.0689079778818692
      ],
      "amp": 0.0585010284019651,
      "phase": 2.3531243157191066,
      "lobes": 3,
      "density": 34,
      "scale": 1.0162593369918524,
      "oval_a": 1.274827246961026,
      "oval_b": 0.8640231233127581
    }
  ]
}