{
  "product_id": "597957143925",
  "seed": 3658183591,
  "colors": [
    "#1EF1F2",
    "#DC4FDD",
    "#F6FA31"
  ],
  "shape_types": [
    "arc",
    "loop",
    "leaf"
  ],
  "size": 800,
  "per_shape": [
    {
      "index": 0,
      "color": "#1EF1F2",
      "shape": "arc",
      "center": [
        0.10896939548893125,
        0.24183040577786696
      ],
      "amp": 0.1435360777504598,
      "phase": 3.931174057562814,
      "lobes": 4,
      "density": 27,
      "scale": 1.154704984947476
    },
    {
      "index": 1,
      "color": "#DC4FDD",
      "shape": "loop",
      "center": [
        0.3508736303883395,
        -0.17759290481363924
      ],
      "amp": 0.1157349801603182,
      "phase": 3.662795854699805,
      "lobes": 2,
      "density": 28,
      "scale": 1.1846548974313855,
      "loop_exponent": 2.5
    },
    {
      "index": 2,
      "color": "#F6FA31",
      "shape": "leaf",
      "center": [
        0.1203785767937744,
        0.27002178344816463
      ],
      "amp": 0.052124867263159916,
      "phase": 5.769560975424315,
      "lobes": 4,
      "density": 21,
      "scale": 1.110798601226724,
      "leaf_type": "heart_polar_r=1-sin(theta+phase)"
    }
  ]
}