{
  "product_id": "597957145243",
  "seed": 3715627257,
  "colors": [
    "#1EF1F2",
    "#DC4FDD",
    "#F6FA31"
  ],
  "shape_types": [
    "loop",
    "arc",
    "oval"
  ],
  "size": 800,
  "per_shape": [
    {
      "index": 0,
      "color": "#1EF1F2",
      "shape": "loop",
      "center": [
        0.18472927277922258,
        0.08999775425806245
      ],
      "amp": 0.22788260580265074,
      "phase": 1.654294620833284,
      "lobes": 4,
      "density": 33,
      "scale": 1.1190024762605564,
      "loop_exponent": 2.5
    },
    {
      "index": 1,
      "color": "#DC4FDD",
      "shape": "arc",
      "center": [
        0.042490816619531635,
        -0.13141165790100162
      ],
      "amp": 0.23950319234297385,
      "phase": 3.0529996335873912,
      "lobes": 3,
      "density": 28,
      "scale": 1.1302326154770408
    },
    {
      "index": 2,
      "color": "#F6FA31",
      "shape": "oval",
      "center": [
        -0.08589299612929652,
        -0.29332852882939986
      ],
      "amp": 0.19821152477339454,
      "phase": 5.7975173045519695,
      "lobes": 2,
      "density": 19,
      "scale": 0.8797437171382738,
      "oval_a": 1.2764241944074937,
      "oval_b": 0.7763743296593777
    }
  ]
}