{
  "product_id": "597957143335",
  "seed": 3256844981,
  "colors": [
    "#1EF1F2",
    "#DC4FDD",
    "#F6FA31"
  ],
  "shape_types": [
    "loop",
    "leaf",
    "oval"
  ],
  "size": 800,
  "per_shape": [
    {
      "index": 0,
      "color": "#1EF1F2",
      "shape": "loop",
      "center": [
        0.36366129643909706,
        0.28639698187690044
      ],
      "amp": 0.19558753205450058,
      "phase": 4.8264850517228455,
      "lobes": 2,
      "density": 33,
      "scale": 0.8262297174365425,
      "loop_exponent": 2.5
    },
    {
      "index": 1,
      "color": "#DC4FDD",
      "shape": "leaf",
      "center": [
        0.14584829963072232,
        0.047825108652014336
      ],
      "amp": 0.1253372368170711,
      "phase": 4.9313044619003605,
      "lobes": 2,
      "density": 19,
      "scale": 0.9779530801528769,
      "leaf_type": "heart_polar_r=1-sin(theta+phase)"
    },
    {
      "index": 2,
      "color": "#F6FA31",
      "shape": "oval",
      "center": [
        -0.021250595503208625,
        0.11999605055158247
      ],
      "amp": 0.28130143632135773,
      "phase": 4.559772156039872,
      "lobes": 3,
      "density": 20,
      "scale": 1.0201074448122163,
      "oval_a": 1.2720533931563514,
      "oval_b": 0.7268815968382772
    }
  ]
}