{
  "product_id": "597957144203",
  "seed": 1829250646,
  "colors": [
    "#1EF1F2",
    "#DC4FDD",
    "#F6FA31"
  ],
  "shape_types": [
    "arc",
    "loop",
    "leaf"
  ],
  "size": 800,
  "per_shape": [
    {
      "index": 0,
      "color": "#1EF1F2",
      "shape": "arc",
      "center": [
        -0.15868077791627588,
        0.12714738528873692
      ],
      "amp": 0.0889430135019172,
      "phase": 2.7020159646295774,
      "lobes": 4,
      "density": 31,
      "scale": 0.9898787159667335
    },
    {
      "index": 1,
      "color": "#DC4FDD",
      "shape": "loop",
      "center": [
        -0.22611589721667225,
        -0.08570132840512973
      ],
      "amp": 0.1550751103701435,
      "phase": 2.8302237921149507,
      "lobes": 2,
      "density": 24,
      "scale": 1.0435012271129351,
      "loop_exponent": 2.5
    },
    {
      "index": 2,
      "color": "#F6FA31",
      "shape": "leaf",
      "center": [
        0.015000921763320907,
        0.113101145617166
      ],
      "amp": 0.23258169151964425,
      "phase": 1.726678947582464,
      "lobes": 3,
      "density": 34,
      "scale": 1.07760818292812,
      "leaf_type": "heart_polar_r=1-sin(theta+phase)"
    }
  ]
}