{
  "product_id": "597957140077",
  "seed": 2386959453,
  "colors": [
    "#1EF1F2",
    "#DC4FDD",
    "#F6FA31"
  ],
  "shape_types": [
    "leaf",
    "oval",
    "loop"
  ],
  "size": 800,
  "per_shape": [
    {
      "index": 0,
      "color": "#1EF1F2",
      "shape": "leaf",
      "center": [
        0.2896320751009478,
        0.08300430708851658
      ],
      "amp": 0.16156852786822956,
      "phase": 4.116846694658996,
      "lobes": 2,
      "density": 23,
      "scale": 1.0383203544134267,
      "leaf_type": "heart_polar_r=1-sin(theta+phase)"
    },
    {
      "index": 1,
      "color": "#DC4FDD",
      "shape": "oval",
      "center": [
        -0.026224572932022905,
        0.004966317819187105
      ],
      "amp": 0.29179632264919575,
      "phase": 1.1152210250251382,
      "lobes": 2,
      "density": 20,
      "scale": 1.056450232607934,
      "oval_a": 1.2250798761583297,
      "oval_b": 0.7352053597923246
    },
    {
      "index": 2,
      "color": "#F6FA31",
      "shape": "loop",
      "center": [
        0.07963385862619693,
        0.2942993549654833
      ],
      "amp": 0.11693771570164636,
      "phase": 2.5699133242210084,
      "lobes": 2,
      "density": 33,
      "scale": 0.9695537346550319,
      "loop_exponent": 2.5
    }
  ]
}