{
  "product_id": "597957146785",
  "seed": 1460584938,
  "colors": [
    "#1EF1F2",
    "#DC4FDD",
    "#F6FA31"
  ],
  "shape_types": [
    "oval",
    "leaf",
    "loop"
  ],
  "size": 800,
  "per_shape": [
    {
      "index": 0,
      "color": "#1EF1F2",
      "shape": "oval",
      "center": [
        -0.3848521367742903,
        0.17060738243727602
      ],
      "amp": 0.29865743526839267,
      "phase": 3.282517122102381,
      "lobes": 2,
      "density": 28,
      "scale": 0.8077692811736001,
      "oval_a": 1.1188053965029214,
      "oval_b": 0.7066157157209583
    },
    {
      "index": 1,
      "color": "#DC4FDD",
      "shape": "leaf",
      "center": [
        -0.2655552255759236,
        0.342471243881743
      ],
      "amp": 0.25383189889897423,
      "phase": 2.6920169464239248,
      "lobes": 2,
      "density": 28,
      "scale": 1.116108394471301,
      "leaf_type": "heart_polar_r=1-sin(theta+phase)"
    },
    {
      "index": 2,
      "color": "#F6FA31",
      "shape": "loop",
      "center": [
        -0.019775370363085742,
        0.3970847617569423
      ],
      "amp": 0.10566776335591489,
      "phase": 2.6583979613632063,
      "lobes": 3,
      "density": 21,
      "scale": 1.0190807912260362,
      "loop_exponent": 2.5
    }
  ]
}