{
  "product_id": "597957142949",
  "seed": 2167127909,
  "colors": [
    "#1EF1F2",
    "#DC4FDD",
    "#F6FA31"
  ],
  "shape_types": [
    "leaf",
    "oval",
    "arc"
  ],
  "size": 800,
  "per_shape": [
    {
      "index": 0,
      "color": "#1EF1F2",
      "shape": "leaf",
      "center": [
        -0.19190569451520814,
        -0.23804584143892465
      ],
      "amp": 0.2670892353739227,
      "phase": 6.281822740324764,
      "lobes": 4,
      "density": 33,
      "scale": 1.1178016764619294,
      "leaf_type": "heart_polar_r=1-sin(theta+phase)"
    },
    {
      "index": 1,
      "color": "#DC4FDD",
      "shape": "oval",
      "center": [
        0.37956974856309444,
        -0.10135220329180888
      ],
      "amp": 0.1050781979104461,
      "phase": 4.548796133682213,
      "lobes": 2,
      "density": 21,
      "scale": 1.0863377920475616,
      "oval_a": 1.159789255681775,
      "oval_b": 0.8541649558376893
    },
    {
      "index": 2,
      "color": "#F6FA31",
      "shape": "arc",
      "center": [
        0.18512848920813318,
        0.1615232944064412
      ],
      "amp": 0.2933111561615793,
      "phase": 2.783429591716793,
      "lobes": 2,
      "density": 33,
      "scale": 1.165291416302577
    }
  ]
}