{
  "product_id": "597957146091",
  "seed": 3017981549,
  "colors": [
    "#1EF1F2",
    "#DC4FDD",
    "#F6FA31"
  ],
  "shape_types": [
    "loop",
    "leaf",
    "arc"
  ],
  "size": 800,
  "per_shape": [
    {
      "index": 0,
      "color": "#1EF1F2",
      "shape": "loop",
      "center": [
        0.3956907371058963,
        0.0180654511859083
      ],
      "amp": 0.052239290532538465,
      "phase": 2.7606477225843116,
      "lobes": 3,
      "density": 27,
      "scale": 0.8490097701197351,
      "loop_exponent": 2.5
    },
    {
      "index": 1,
      "color": "#DC4FDD",
      "shape": "leaf",
      "center": [
        -0.19318333492411074,
        -0.30372036748184084
      ],
      "amp": 0.2878922646493069,
      "phase": 3.675463517855272,
      "lobes": 3,
      "density": 30,
      "scale": 1.147322795755345,
      "leaf_type": "heart_polar_r=1-sin(theta+phase)"
    },
    {
      "index": 2,
      "color": "#F6FA31",
      "shape": "arc",
      "center": [
        0.38310053342346806,
        0.36070799100942874
      ],
      "amp": 0.21018043638549144,
      "phase": 3.4664345652785444,
      "lobes": 3,
      "density": 32,
      "scale": 0.8356959552703978
    }
  ]
}