{
  "product_id": "597957139699",
  "seed": 1343704761,
  "colors": [
    "#1EF1F2",
    "#DC4FDD",
    "#F6FA31"
  ],
  "shape_types": [
    "leaf",
    "loop",
    "arc"
  ],
  "size": 800,
  "per_shape": [
    {
      "index": 0,
      "color": "#1EF1F2",
      "shape": "leaf",
      "center": [
        -0.034042680063646524,
        -0.23233336107267652
      ],
      "amp": 0.17120794874768258,
      "phase": 2.1998690896414312,
      "lobes": 4,
      "density": 19,
      "scale": 0.823771115782701,
      "leaf_type": "heart_polar_r=1-sin(theta+phase)"
    },
    {
      "index": 1,
      "color": "#DC4FDD",
      "shape": "loop",
      "center": [
        -0.3451439226453567,
        -0.02667077392928069
      ],
      "amp": 0.06834717644472706,
      "phase": 2.3998296244065247,
      "lobes": 4,
      "density": 18,
      "scale": 0.9878817195776979,
      "loop_exponent": 2.5
    },
    {
      "index": 2,
      "color": "#F6FA31",
      "shape": "arc",
      "center": [
        0.2829232120298294,
        -0.09711956951551315
      ],
      "amp": 0.15111542777236014,
      "phase": 1.5216967067565879,
      "lobes": 4,
      "density": 27,
      "scale": 1.0724449793766528
    }
  ]
}