{
  "product_id": "597957147069",
  "seed": 1797577388,
  "colors": [
    "#1EF1F2",
    "#DC4FDD",
    "#F6FA31"
  ],
  "shape_types": [
    "leaf",
    "loop",
    "oval"
  ],
  "size": 800,
  "per_shape": [
    {
      "index": 0,
      "color": "#1EF1F2",
      "shape": "leaf",
      "center": [
        -0.06660358566734753,
        0.394237348275161
      ],
      "amp": 0.13703757223364266,
      "phase": 6.004764348993056,
      "lobes": 3,
      "density": 36,
      "scale": 0.8499206401218471,
      "leaf_type": "heart_polar_r=1-sin(theta+phase)"
    },
    {
      "index": 1,
      "color": "#DC4FDD",
      "shape": "loop",
      "center": [
        -0.21269363229465965,
        -0.12781694721437148
      ],
      "amp": 0.13290919373198556,
      "phase": 1.2716953496955528,
      "lobes": 3,
      "density": 30,
      "scale": 0.8056259234325626,
      "loop_exponent": 2.5
    },
    {
      "index": 2,
      "color": "#F6FA31",
      "shape": "oval",
      "center": [
        0.33474887133244646,
        -0.39323783064300893
      ],
      "amp": 0.20741280876187423,
      "phase": 2.0706831940667665,
      "lobes": 3,
      "density": 35,
      "scale": 0.8563452377638952,
      "oval_a": 1.2947737164030442,
      "oval_b": 0.8725087869224383
    }
  ]
}