{
  "product_id": "597957141689",
  "seed": 1780502676,
  "colors": [
    "#1EF1F2",
    "#DC4FDD",
    "#F6FA31"
  ],
  "shape_types": [
    "arc",
    "leaf",
    "oval"
  ],
  "size": 800,
  "per_shape": [
    {
      "index": 0,
      "color": "#1EF1F2",
      "shape": "arc",
      "center": [
        -0.051652554189968725,
        0.058500582186013284
      ],
      "amp": 0.06350228131836062,
      "phase": 0.22305665702691277,
      "lobes": 4,
      "density": 29,
      "scale": 0.8797079391282091
    },
    {
      "index": 1,
      "color": "#DC4FDD",
      "shape": "leaf",
      "center": [
        -0.27385562903086236,
        0.04683220724102427
      ],
      "amp": 0.05503309208586522,
      "phase": 4.486610467445748,
      "lobes": 4,
      "density": 21,
      "scale": 0.8374519168225683,
      "leaf_type": "heart_polar_r=1-sin(theta+phase)"
    },
    {
      "index": 2,
      "color": "#F6FA31",
      "shape": "oval",
      "center": [
        -0.32174096178029665,
        0.24052965103480695
      ],
      "amp": 0.2652496843860384,
      "phase": 1.6193909893045348,
      "lobes": 2,
      "density": 20,
      "scale": 1.0174995564304825,
      "oval_a": 1.1605945847254202,
      "oval_b": 0.7989864151143107
    }
  ]
}