{
  "product_id": "597957148369",
  "seed": 3919754105,
  "colors": [
    "#1EF1F2",
    "#DC4FDD",
    "#F6FA31"
  ],
  "shape_types": [
    "arc",
    "oval",
    "loop"
  ],
  "size": 800,
  "per_shape": [
    {
      "index": 0,
      "color": "#1EF1F2",
      "shape": "arc",
      "center": [
        0.265263168637522,
        0.11352849735201709
      ],
      "amp": 0.1328680572220307,
      "phase": 1.721483491984331,
      "lobes": 2,
      "density": 32,
      "scale": 0.9609622620218891
    },
    {
      "index": 1,
      "color": "#DC4FDD",
      "shape": "oval",
      "center": [
        -0.17612515955465577,
        -0.07111748496326004
      ],
      "amp": 0.1749792928887633,
      "phase": 5.020272874974374,
      "lobes": 3,
      "density": 30,
      "scale": 1.1206120516186202,
      "oval_a": 1.2660335312225581,
      "oval_b": 0.8938143884244732
    },
    {
      "index": 2,
      "color": "#F6FA31",
      "shape": "loop",
      "center": [
        0.007426071666370937,
        -0.05873762810486216
      ],
      "amp": 0.08049702650198283,
      "phase": 4.1200956436855485,
      "lobes": 3,
      "density": 24,
      "scale": 0.941921467433417,
      "loop_exponent": 2.5
    }
  ]
}