{
  "product_id": "597957139231",
  "seed": 1220995396,
  "colors": [
    "#1EF1F2",
    "#DC4FDD",
    "#F6FA31"
  ],
  "shape_types": [
    "oval",
    "arc",
    "leaf"
  ],
  "size": 800,
  "per_shape": [
    {
      "index": 0,
      "color": "#1EF1F2",
      "shape": "oval",
      "center": [
        0.31716723817682946,
        -0.31346273244692047
      ],
      "amp": 0.25163851400888115,
      "phase": 3.8192089004374536,
      "lobes": 3,
      "density": 32,
      "scale": 0.993283084230711,
      "oval_a": 1.2298342169650804,
      "oval_b": 0.7860881878755316
    },
    {
      "index": 1,
      "color": "#DC4FDD",
      "shape": "arc",
      "center": [
        0.32807347440151957,
        -0.17868537304029417
      ],
      "amp": 0.07116877202135131,
      "phase": 5.497942694093066,
      "lobes": 2,
      "density": 20,
      "scale": 0.873620705633226
    },
    {
      "index": 2,
      "color": "#F6FA31",
      "shape": "leaf",
      "center": [
        -0.21540783783885964,
        -0.29733112657186445
      ],
      "amp": 0.19382423748626898,
      "phase": 4.010523033005206,
      "lobes": 2,
      "density": 27,
      "scale": 1.1696032917878971,
      "leaf_type": "heart_polar_r=1-sin(theta+phase)"
    }
  ]
}