{
  "product_id": "597957148105",
  "seed": 263673084,
  "colors": [
    "#1EF1F2",
    "#DC4FDD",
    "#F6FA31"
  ],
  "shape_types": [
    "loop",
    "leaf",
    "oval"
  ],
  "size": 800,
  "per_shape": [
    {
      "index": 0,
      "color": "#1EF1F2",
      "shape": "loop",
      "center": [
        0.19268012295861836,
        0.25396853229786265
      ],
      "amp": 0.06630211414647423,
      "phase": 2.6170692666586324,
      "lobes": 3,
      "density": 32,
      "scale": 1.17297632465287,
      "loop_exponent": 2.5
    },
    {
      "index": 1,
      "color": "#DC4FDD",
      "shape": "leaf",
      "center": [
        0.1947474629565391,
        -0.3202331917108352
      ],
      "amp": 0.07751250875619504,
      "phase": 4.024678769455981,
      "lobes": 3,
      "density": 26,
      "scale": 1.0512653710018491,
      "leaf_type": "heart_polar_r=1-sin(theta+phase)"
    },
    {
      "index": 2,
      "color": "#F6FA31",
      "shape": "oval",
      "center": [
        0.15264868844983748,
        0.01396496622813348
      ],
      "amp": 0.2842097700176389,
      "phase": 2.314425688126601,
      "lobes": 2,
      "density": 28,
      "scale": 1.1025908306517564,
      "oval_a": 1.1806974644302086,
      "oval_b": 0.7161103098883576
    }
  ]
}