{
  "product_id": "597957140295",
  "seed": 322486719,
  "colors": [
    "#1EF1F2",
    "#DC4FDD",
    "#F6FA31"
  ],
  "shape_types": [
    "oval",
    "arc",
    "loop"
  ],
  "size": 800,
  "per_shape": [
    {
      "index": 0,
      "color": "#1EF1F2",
      "shape": "oval",
      "center": [
        0.06874391267988794,
        0.24827211122017834
      ],
      "amp": 0.09040392189252978,
      "phase": 4.26345263485234,
      "lobes": 3,
      "density": 20,
      "scale": 1.1459525317864532,
      "oval_a": 1.2213274691837297,
      "oval_b": 0.7591208919425444
    },
    {
      "index": 1,
      "color": "#DC4FDD",
      "shape": "arc",
      "center": [
        0.17679263828070846,
        -0.03493173134318478
      ],
      "amp": 0.11964949468633278,
      "phase": 1.4117119994834533,
      "lobes": 3,
      "density": 31,
      "scale": 0.8503081548977969
    },
    {
      "index": 2,
      "color": "#F6FA31",
      "shape": "loop",
      "center": [
        -0.008607272588737058,
        0.2919708641436567
      ],
      "amp": 0.057946618990264445,
      "phase": 5.10899934301998,
      "lobes": 4,
      "density": 21,
      "scale": 1.000582066837495,
      "loop_exponent": 2.5
    }
  ]
}