{
  "product_id": "597957139617",
  "seed": 1631524819,
  "colors": [
    "#1EF1F2",
    "#DC4FDD",
    "#F6FA31"
  ],
  "shape_types": [
    "leaf",
    "oval",
    "loop"
  ],
  "size": 800,
  "per_shape": [
    {
      "index": 0,
      "color": "#1EF1F2",
      "shape": "leaf",
      "center": [
        -0.15663098770790304,
        -0.29595522537031577
      ],
      "amp": 0.1854858145663864,
      "phase": 1.056380812730003,
      "lobes": 2,
      "density": 21,
      "scale": 1.1599201849877885,
      "leaf_type": "heart_polar_r=1-sin(theta+phase)"
    },
    {
      "index": 1,
      "color": "#DC4FDD",
      "shape": "oval",
      "center": [
        -0.02162925601757043,
        0.1721479618871966
      ],
      "amp": 0.2659121365076514,
      "phase": 1.4396645950462623,
      "lobes": 2,
      "density": 24,
      "scale": 0.843527212635949,
      "oval_a": 1.2227613685147491,
      "oval_b": 0.8502622361463941
    },
    {
      "index": 2,
      "color": "#F6FA31",
      "shape": "loop",
      "center": [
        -0.3828129255567945,
        0.28682930904811765
      ],
      "amp": 0.10234984141339622,
      "phase": 4.018286058973411,
      "lobes": 2,
      "density": 34,
      "scale": 0.8792873968277085,
      "loop_exponent": 2.5
    }
  ]
}