{
  "product_id": "597957139359",
  "seed": 3574717188,
  "colors": [
    "#1EF1F2",
    "#DC4FDD",
    "#F6FA31"
  ],
  "shape_types": [
    "leaf",
    "arc",
    "loop"
  ],
  "size": 800,
  "per_shape": [
    {
      "index": 0,
      "color": "#1EF1F2",
      "shape": "leaf",
      "center": [
        0.1374872681300301,
        -0.029884958039740728
      ],
      "amp": 0.21116513401630288,
      "phase": 0.49957595922031534,
      "lobes": 4,
      "density": 21,
      "scale": 0.8982736736317467,
      "leaf_type": "heart_polar_r=1-sin(theta+phase)"
    },
    {
      "index": 1,
      "color": "#DC4FDD",
      "shape": "arc",
      "center": [
        -0.3498070819594413,
        -0.09144334053077874
      ],
      "amp": 0.29045105560639806,
      "phase": 3.034550974369875,
      "lobes": 4,
      "density": 23,
      "scale": 1.1507520227508206
    },
    {
      "index": 2,
      "color": "#F6FA31",
      "shape": "loop",
      "center": [
        -0.03724698236941465,
        -0.3409305113243896
      ],
      "amp": 0.05297653731862588,
      "phase": 4.586071503839129,
      "lobes": 2,
      "density": 25,
      "scale": 1.0375056939151301,
      "loop_exponent": 2.5
    }
  ]
}