{
  "product_id": "597957145633",
  "seed": 3992990426,
  "colors": [
    "#1EF1F2",
    "#DC4FDD",
    "#F6FA31"
  ],
  "shape_types": [
    "leaf",
    "arc",
    "oval"
  ],
  "size": 800,
  "per_shape": [
    {
      "index": 0,
      "color": "#1EF1F2",
      "shape": "leaf",
      "center": [
        0.3184774792403574,
        -0.19410694097460157
      ],
      "amp": 0.14125334145038648,
      "phase": 5.115041670161651,
      "lobes": 2,
      "density": 18,
      "scale": 0.9860676192973604,
      "leaf_type": "heart_polar_r=1-sin(theta+phase)"
    },
    {
      "index": 1,
      "color": "#DC4FDD",
      "shape": "arc",
      "center": [
        0.10889748498742535,
        0.1091867516109638
      ],
      "amp": 0.20642894633688186,
      "phase": 4.494265288620159,
      "lobes": 4,
      "density": 29,
      "scale": 1.0897638180791969
    },
    {
      "index": 2,
      "color": "#F6FA31",
      "shape": "oval",
      "center": [
        0.14906677690161696,
        -0.39087761015024847
      ],
      "amp": 0.0831632839099256,
      "phase": 1.9336428967412396,
      "lobes": 2,
      "density": 27,
      "scale": 1.1340937473362385,
      "oval_a": 1.2716957193977132,
      "oval_b": 0.7972519019865241
    }
  ]
}