{
  "product_id": "597957140305",
  "seed": 3194005595,
  "colors": [
    "#1EF1F2",
    "#DC4FDD",
    "#F6FA31"
  ],
  "shape_types": [
    "oval",
    "loop",
    "leaf"
  ],
  "size": 800,
  "per_shape": [
    {
      "index": 0,
      "color": "#1EF1F2",
      "shape": "oval",
      "center": [
        -0.2180476414485102,
        -0.33313429339623596
      ],
      "amp": 0.2870031170141566,
      "phase": 1.9949124706819348,
      "lobes": 2,
      "density": 25,
      "scale": 0.948446215598009,
      "oval_a": 1.1867353794804385,
      "oval_b": 0.8977198814297107
    },
    {
      "index": 1,
      "color": "#DC4FDD",
      "shape": "loop",
      "center": [
        -0.3830397347315391,
        0.16731567986569107
      ],
      "amp": 0.05126713449785043,
      "phase": 4.048428714625237,
      "lobes": 3,
      "density": 31,
      "scale": 0.8340637378790288,
      "loop_exponent": 2.5
    },
    {
      "index": 2,
      "color": "#F6FA31",
      "shape": "leaf",
      "center": [
        -0.2130433220826202,
        -0.182110873406449
      ],
      "amp": 0.11834285026550186,
      "phase": 2.7503993393784687,
      "lobes": 3,
      "density": 26,
      "scale": 1.0076584914051885,
      "leaf_type": "heart_polar_r=1-sin(theta+phase)"
    }
  ]
}