{
  "product_id": "597957142251",
  "seed": 601986883,
  "colors": [
    "#1EF1F2",
    "#DC4FDD",
    "#F6FA31"
  ],
  "shape_types": [
    "loop",
    "leaf",
    "arc"
  ],
  "size": 800,
  "per_shape": [
    {
      "index": 0,
      "color": "#1EF1F2",
      "shape": "loop",
      "center": [
        0.3971367058797155,
        -0.023536548806885993
      ],
      "amp": 0.25281035843875554,
      "phase": 4.879203105371784,
      "lobes": 3,
      "density": 24,
      "scale": 1.04805105734283,
      "loop_exponent": 2.5
    },
    {
      "index": 1,
      "color": "#DC4FDD",
      "shape": "leaf",
      "center": [
        -0.2523329136736197,
        0.1973276708207401
      ],
      "amp": 0.1695379771782783,
      "phase": 1.614939895003639,
      "lobes": 2,
      "density": 20,
      "scale": 1.1424962629692645,
      "leaf_type": "heart_polar_r=1-sin(theta+phase)"
    },
    {
      "index": 2,
      "color": "#F6FA31",
      "shape": "arc",
      "center": [
        0.2487921102086036,
        0.3451971441698243
      ],
      "amp": 0.1711542591053431,
      "phase": 2.9261470711657216,
      "lobes": 4,
      "density": 29,
      "scale": 1.1759932886754607
    }
  ]
}