{
  "product_id": "597957139729",
  "seed": 1314552492,
  "colors": [
    "#1EF1F2",
    "#DC4FDD",
    "#F6FA31"
  ],
  "shape_types": [
    "arc",
    "loop",
    "leaf"
  ],
  "size": 800,
  "per_shape": [
    {
      "index": 0,
      "color": "#1EF1F2",
      "shape": "arc",
      "center": [
        -0.15301627133583706,
        0.39721664760843955
      ],
      "amp": 0.14901905805571558,
      "phase": 2.769429481181175,
      "lobes": 2,
      "density": 23,
      "scale": 0.9284264291373315
    },
    {
      "index": 1,
      "color": "#DC4FDD",
      "shape": "loop",
      "center": [
        0.37989068799719794,
        -0.03992300310844488
      ],
      "amp": 0.24222164278808866,
      "phase": 5.992082775700591,
      "lobes": 4,
      "density": 23,
      "scale": 1.1921898059372926,
      "loop_exponent": 2.5
    },
    {
      "index": 2,
      "color": "#F6FA31",
      "shape": "leaf",
      "center": [
        -0.30806477620123246,
        -0.2137413297383547
      ],
      "amp": 0.21355982900824383,
      "phase": 4.529747600468037,
      "lobes": 2,
      "density": 29,
      "scale": 1.0857706034681538,
      "leaf_type": "heart_polar_r=1-sin(theta+phase)"
    }
  ]
}