{
  "product_id": "597957147803",
  "seed": 2411568741,
  "colors": [
    "#1EF1F2",
    "#DC4FDD",
    "#F6FA31"
  ],
  "shape_types": [
    "arc",
    "loop",
    "leaf"
  ],
  "size": 800,
  "per_shape": [
    {
      "index": 0,
      "color": "#1EF1F2",
      "shape": "arc",
      "center": [
        -0.20867143982054676,
        -0.08496915607439692
      ],
      "amp": 0.2071338667499953,
      "phase": 4.933066074954776,
      "lobes": 3,
      "density": 33,
      "scale": 0.8579291869603483
    },
    {
      "index": 1,
      "color": "#DC4FDD",
      "shape": "loop",
      "center": [
        -0.09390425227332855,
        0.06532089726906964
      ],
      "amp": 0.20470961323813142,
      "phase": 5.169175395242439,
      "lobes": 2,
      "density": 29,
      "scale": 1.0394547132460235,
      "loop_exponent": 2.5
    },
    {
      "index": 2,
      "color": "#F6FA31",
      "shape": "leaf",
      "center": [
        0.3004999080301174,
        0.12099626165783428
      ],
      "amp": 0.1267426539638299,
      "phase": 0.7175392611398006,
      "lobes": 4,
      "density": 28,
      "scale": 0.8720196150938997,
      "leaf_type": "heart_polar_r=1-sin(theta+phase)"
    }
  ]
}