{
  "product_id": "597957148037",
  "seed": 1303578311,
  "colors": [
    "#1EF1F2",
    "#DC4FDD",
    "#F6FA31"
  ],
  "shape_types": [
    "arc",
    "oval",
    "leaf"
  ],
  "size": 800,
  "per_shape": [
    {
      "index": 0,
      "color": "#1EF1F2",
      "shape": "arc",
      "center": [
        0.3854084640302252,
        -0.2971029484699904
      ],
      "amp": 0.13345940463936767,
      "phase": 1.390174967567462,
      "lobes": 4,
      "density": 21,
      "scale": 1.105589091985694
    },
    {
      "index": 1,
      "color": "#DC4FDD",
      "shape": "oval",
      "center": [
        0.08269523851277061,
        0.3044294475876298
      ],
      "amp": 0.16531395147892175,
      "phase": 4.232239863556246,
      "lobes": 3,
      "density": 20,
      "scale": 0.9744616117149059,
      "oval_a": 1.161773602058296,
      "oval_b": 0.7925444810674831
    },
    {
      "index": 2,
      "color": "#F6FA31",
      "shape": "leaf",
      "center": [
        0.3926759726644935,
        0.17336158812323577
      ],
      "amp": 0.22398262006690367,
      "phase": 5.517249295655481,
      "lobes": 4,
      "density": 22,
      "scale": 0.9475273701722782,
      "leaf_type": "heart_polar_r=1-sin(theta+phase)"
    }
  ]
}