{
  "product_id": "597957144413",
  "seed": 4078761200,
  "colors": [
    "#1EF1F2",
    "#DC4FDD",
    "#F6FA31"
  ],
  "shape_types": [
    "loop",
    "arc",
    "oval"
  ],
  "size": 800,
  "per_shape": [
    {
      "index": 0,
      "color": "#1EF1F2",
      "shape": "loop",
      "center": [
        0.019837706505200003,
        -0.3805384223561761
      ],
      "amp": 0.09572579184618075,
      "phase": 2.23914874019986,
      "lobes": 3,
      "density": 30,
      "scale": 1.1973672797982733,
      "loop_exponent": 2.5
    },
    {
      "index": 1,
      "color": "#DC4FDD",
      "shape": "arc",
      "center": [
        0.21367594665179945,
        -0.3441667449292256
      ],
      "amp": 0.1245118395715762,
      "phase": 5.736469716745053,
      "lobes": 3,
      "density": 24,
      "scale": 0.9817300383454665
    },
    {
      "index": 2,
      "color": "#F6FA31",
      "shape": "oval",
      "center": [
        0.17044804776295286,
        0.044388548954978124
      ],
      "amp": 0.05572557220959236,
      "phase": 4.996837910743137,
      "lobes": 3,
      "density": 18,
      "scale": 1.0674803546503644,
      "oval_a": 1.2755609228675147,
      "oval_b": 0.8316719250118756
    }
  ]
}