{
  "product_id": "597957143155",
  "seed": 208920606,
  "colors": [
    "#1EF1F2",
    "#DC4FDD",
    "#F6FA31"
  ],
  "shape_types": [
    "oval",
    "arc",
    "leaf"
  ],
  "size": 800,
  "per_shape": [
    {
      "index": 0,
      "color": "#1EF1F2",
      "shape": "oval",
      "center": [
        0.12603413199465574,
        0.25199225692651683
      ],
      "amp": 0.25379221816001,
      "phase": 2.3752857096715387,
      "lobes": 2,
      "density": 19,
      "scale": 0.8143345425984888,
      "oval_a": 1.2914401052228381,
      "oval_b": 0.8097813019179618
    },
    {
      "index": 1,
      "color": "#DC4FDD",
      "shape": "arc",
      "center": [
        0.3902113916596731,
        -0.014396910242707783
      ],
      "amp": 0.2654317947336261,
      "phase": 3.6695358333485575,
      "lobes": 2,
      "density": 27,
      "scale": 1.05385620365987
    },
    {
      "index": 2,
      "color": "#F6FA31",
      "shape": "leaf",
      "center": [
        -0.2245636650141777,
        0.2561705814454108
      ],
      "amp": 0.25741612330530694,
      "phase": 1.6448955227388342,
      "lobes": 3,
      "density": 27,
      "scale": 0.8725202331657802,
      "leaf_type": "heart_polar_r=1-sin(theta+phase)"
    }
  ]
}