{
  "product_id": "597957141975",
  "seed": 2814719155,
  "colors": [
    "#1EF1F2",
    "#DC4FDD",
    "#F6FA31"
  ],
  "shape_types": [
    "loop",
    "leaf",
    "arc"
  ],
  "size": 800,
  "per_shape": [
    {
      "index": 0,
      "color": "#1EF1F2",
      "shape": "loop",
      "center": [
        -0.2580761477480771,
        0.05251569559271807
      ],
      "amp": 0.17374524444027228,
      "phase": 5.507652734465132,
      "lobes": 4,
      "density": 25,
      "scale": 0.9358854506719771,
      "loop_exponent": 2.5
    },
    {
      "index": 1,
      "color": "#DC4FDD",
      "shape": "leaf",
      "center": [
        -0.1578145372048792,
        0.39242829142911906
      ],
      "amp": 0.12582974307618638,
      "phase": 5.315665981877002,
      "lobes": 3,
      "density": 34,
      "scale": 0.9709315307353185,
      "leaf_type": "heart_polar_r=1-sin(theta+phase)"
    },
    {
      "index": 2,
      "color": "#F6FA31",
      "shape": "arc",
      "center": [
        0.15938222223752085,
        0.05145597191158996
      ],
      "amp": 0.2766009000746252,
      "phase": 2.5710210336495343,
      "lobes": 4,
      "density": 35,
      "scale": 0.8743973694014643
    }
  ]
}