{
  "product_id": "597957147065",
  "seed": 2093408575,
  "colors": [
    "#1EF1F2",
    "#DC4FDD",
    "#F6FA31"
  ],
  "shape_types": [
    "arc",
    "oval",
    "leaf"
  ],
  "size": 800,
  "per_shape": [
    {
      "index": 0,
      "color": "#1EF1F2",
      "shape": "arc",
      "center": [
        0.31458063505523226,
        -0.376218073151245
      ],
      "amp": 0.2483690110757945,
      "phase": 0.8182132201173744,
      "lobes": 3,
      "density": 36,
      "scale": 1.1368006614100918
    },
    {
      "index": 1,
      "color": "#DC4FDD",
      "shape": "oval",
      "center": [
        -0.01086709725196916,
        -0.1304223661886919
      ],
      "amp": 0.15256796241492565,
      "phase": 5.826360905029911,
      "lobes": 2,
      "density": 20,
      "scale": 1.0545271297972754,
      "oval_a": 1.1443567612683079,
      "oval_b": 0.7169553639240216
    },
    {
      "index": 2,
      "color": "#F6FA31",
      "shape": "leaf",
      "center": [
        0.32909053435798385,
        -0.2235632620824869
      ],
      "amp": 0.2537925240450519,
      "phase": 5.403169147931601,
      "lobes": 4,
      "density": 33,
      "scale": 0.9258838650060061,
      "leaf_type": "heart_polar_r=1-sin(theta+phase)"
    }
  ]
}