{
  "product_id": "597957143657",
  "seed": 658140129,
  "colors": [
    "#1EF1F2",
    "#DC4FDD",
    "#F6FA31"
  ],
  "shape_types": [
    "arc",
    "oval",
    "leaf"
  ],
  "size": 800,
  "per_shape": [
    {
      "index": 0,
      "color": "#1EF1F2",
      "shape": "arc",
      "center": [
        0.3548825474852646,
        -0.22756130411573405
      ],
      "amp": 0.2977927993977163,
      "phase": 5.598048929817404,
      "lobes": 3,
      "density": 32,
      "scale": 1.1782329212695748
    },
    {
      "index": 1,
      "color": "#DC4FDD",
      "shape": "oval",
      "center": [
        -0.28508857703947277,
        0.07860791776902137
      ],
      "amp": 0.2700669093973036,
      "phase": 3.951748703304491,
      "lobes": 2,
      "density": 21,
      "scale": 1.1258986249370324,
      "oval_a": 1.1492317510297712,
      "oval_b": 0.7856400390216456
    },
    {
      "index": 2,
      "color": "#F6FA31",
      "shape": "leaf",
      "center": [
        0.18075184231883745,
        0.10039696038179446
      ],
      "amp": 0.2084697421672883,
      "phase": 0.3751467607640041,
      "lobes": 4,
      "density": 26,
      "scale": 1.016606198233515,
      "leaf_type": "heart_polar_r=1-sin(theta+phase)"
    }
  ]
}