{
  "product_id": "597957141017",
  "seed": 200781751,
  "colors": [
    "#1EF1F2",
    "#DC4FDD",
    "#F6FA31"
  ],
  "shape_types": [
    "leaf",
    "arc",
    "loop"
  ],
  "size": 800,
  "per_shape": [
    {
      "index": 0,
      "color": "#1EF1F2",
      "shape": "leaf",
      "center": [
        -0.2827358607361804,
        -0.24985037678689395
      ],
      "amp": 0.1858830522024113,
      "phase": 5.671160811187181,
      "lobes": 2,
      "density": 24,
      "scale": 0.8942486868845464,
      "leaf_type": "heart_polar_r=1-sin(theta+phase)"
    },
    {
      "index": 1,
      "color": "#DC4FDD",
      "shape": "arc",
      "center": [
        0.29663437229051626,
        -0.28246069004378854
      ],
      "amp": 0.23431303168794493,
      "phase": 4.361298471353206,
      "lobes": 3,
      "density": 29,
      "scale": 0.962635803214769
    },
    {
      "index": 2,
      "color": "#F6FA31",
      "shape": "loop",
      "center": [
        -0.18587731968291277,
        -0.3140899755127666
      ],
      "amp": 0.1583469721322876,
      "phase": 0.02251855759057734,
      "lobes": 2,
      "density": 23,
      "scale": 1.0615239639640854,
      "loop_exponent": 2.5
    }
  ]
}