{
  "product_id": "597957144757",
  "seed": 1182720485,
  "colors": [
    "#1EF1F2",
    "#DC4FDD",
    "#F6FA31"
  ],
  "shape_types": [
    "leaf",
    "oval",
    "arc"
  ],
  "size": 800,
  "per_shape": [
    {
      "index": 0,
      "color": "#1EF1F2",
      "shape": "leaf",
      "center": [
        0.12090603562113711,
        -0.3475426668205264
      ],
      "amp": 0.2607350812128733,
      "phase": 5.6619314401482495,
      "lobes": 4,
      "density": 34,
      "scale": 1.0431432001088452,
      "leaf_type": "heart_polar_r=1-sin(theta+phase)"
    },
    {
      "index": 1,
      "color": "#DC4FDD",
      "shape": "oval",
      "center": [
        0.06041541139848183,
        -0.3035360487160504
      ],
      "amp": 0.18907088128057148,
      "phase": 4.084223468369867,
      "lobes": 2,
      "density": 18,
      "scale": 0.9086533914386572,
      "oval_a": 1.1255096077773357,
      "oval_b": 0.8846988502196406
    },
    {
      "index": 2,
      "color": "#F6FA31",
      "shape": "arc",
      "center": [
        -0.3727096474168069,
        0.030478694078664326
      ],
      "amp": 0.2991891871191051,
      "phase": 2.0785763284220518,
      "lobes": 4,
      "density": 21,
      "scale": 1.0323436755237096
    }
  ]
}