{
  "product_id": "597957140515",
  "seed": 3322615275,
  "colors": [
    "#1EF1F2",
    "#DC4FDD",
    "#F6FA31"
  ],
  "shape_types": [
    "loop",
    "arc",
    "oval"
  ],
  "size": 800,
  "per_shape": [
    {
      "index": 0,
      "color": "#1EF1F2",
      "shape": "loop",
      "center": [
        0.20346936779923197,
        0.058208492944943235
      ],
      "amp": 0.22697653666500472,
      "phase": 5.624734760918064,
      "lobes": 3,
      "density": 27,
      "scale": 0.8451536149461569,
      "loop_exponent": 2.5
    },
    {
      "index": 1,
      "color": "#DC4FDD",
      "shape": "arc",
      "center": [
        -0.14328554979763303,
        -0.3648383746985855
      ],
      "amp": 0.16843180145894088,
      "phase": 1.0309884718596893,
      "lobes": 2,
      "density": 18,
      "scale": 0.9312090920699783
    },
    {
      "index": 2,
      "color": "#F6FA31",
      "shape": "oval",
      "center": [
        0.3747982157307993,
        0.08750668977988452
      ],
      "amp": 0.26243218387614703,
      "phase": 5.7258253696103925,
      "lobes": 3,
      "density": 32,
      "scale": 1.0005737409844342,
      "oval_a": 1.2106221863829776,
      "oval_b": 0.7691266453578594
    }
  ]
}