{
  "product_id": "597957141373",
  "seed": 498228551,
  "colors": [
    "#1EF1F2",
    "#DC4FDD",
    "#F6FA31"
  ],
  "shape_types": [
    "oval",
    "loop",
    "arc"
  ],
  "size": 800,
  "per_shape": [
    {
      "index": 0,
      "color": "#1EF1F2",
      "shape": "oval",
      "center": [
        0.10632000963645849,
        0.3868553275271578
      ],
      "amp": 0.2703338049324104,
      "phase": 6.01766020007898,
      "lobes": 3,
      "density": 23,
      "scale": 0.9154748787109566,
      "oval_a": 1.250045475309666,
      "oval_b": 0.8974671028833453
    },
    {
      "index": 1,
      "color": "#DC4FDD",
      "shape": "loop",
      "center": [
        0.3175416932762841,
        0.14277019745871478
      ],
      "amp": 0.16492384832237228,
      "phase": 5.967202794984314,
      "lobes": 4,
      "density": 36,
      "scale": 1.0269758058181297,
      "loop_exponent": 2.5
    },
    {
      "index": 2,
      "color": "#F6FA31",
      "shape": "arc",
      "center": [
        0.14624889015057352,
        0.35022432420671246
      ],
      "amp": 0.2585987225571827,
      "phase": 1.5329677765328944,
      "lobes": 3,
      "density": 31,
      "scale": 0.9147387655207792
    }
  ]
}