{
  "product_id": "597957139323",
  "seed": 2955683527,
  "colors": [
    "#1EF1F2",
    "#DC4FDD",
    "#F6FA31"
  ],
  "shape_types": [
    "oval",
    "leaf",
    "loop"
  ],
  "size": 800,
  "per_shape": [
    {
      "index": 0,
      "color": "#1EF1F2",
      "shape": "oval",
      "center": [
        -0.17735014322455867,
        0.2751366456550589
      ],
      "amp": 0.16305250317000752,
      "phase": 5.568709723392652,
      "lobes": 3,
      "density": 20,
      "scale": 0.8909039661452073,
      "oval_a": 1.129129674379618,
      "oval_b": 0.7043076804986558
    },
    {
      "index": 1,
      "color": "#DC4FDD",
      "shape": "leaf",
      "center": [
        0.020592991801132776,
        -0.2736781194678267
      ],
      "amp": 0.07791452487918497,
      "phase": 1.7214170261684179,
      "lobes": 4,
      "density": 24,
      "scale": 0.9063581782612721,
      "leaf_type": "heart_polar_r=1-sin(theta+phase)"
    },
    {
      "index": 2,
      "color": "#F6FA31",
      "shape": "loop",
      "center": [
        -0.004904252256206276,
        -0.19089978099242605
      ],
      "amp": 0.24535591768368564,
      "phase": 5.769814738306068,
      "lobes": 2,
      "density": 34,
      "scale": 1.0678009890055542,
      "loop_exponent": 2.5
    }
  ]
}