{
  "product_id": "597957144097",
  "seed": 2596176440,
  "colors": [
    "#1EF1F2",
    "#DC4FDD",
    "#F6FA31"
  ],
  "shape_types": [
    "arc",
    "oval",
    "loop"
  ],
  "size": 800,
  "per_shape": [
    {
      "index": 0,
      "color": "#1EF1F2",
      "shape": "arc",
      "center": [
        0.12141192683741542,
        0.3231397155221457
      ],
      "amp": 0.17737148811781517,
      "phase": 4.893979075640703,
      "lobes": 4,
      "density": 34,
      "scale": 1.0078157894179236
    },
    {
      "index": 1,
      "color": "#DC4FDD",
      "shape": "oval",
      "center": [
        -0.12261206666651686,
        -0.3551322360912564
      ],
      "amp": 0.276794778385998,
      "phase": 0.8098677425562448,
      "lobes": 2,
      "density": 19,
      "scale": 0.8105414926883022,
      "oval_a": 1.2278927206873897,
      "oval_b": 0.7029009832291632
    },
    {
      "index": 2,
      "color": "#F6FA31",
      "shape": "loop",
      "center": [
        -0.010096745420567377,
        -0.16686096537732517
      ],
      "amp": 0.1924049812569822,
      "phase": 0.6500787394728899,
      "lobes": 4,
      "density": 31,
      "scale": 1.0773447269139602,
      "loop_exponent": 2.5
    }
  ]
}