{
  "product_id": "597957143047",
  "seed": 2246047024,
  "colors": [
    "#1EF1F2",
    "#DC4FDD",
    "#F6FA31"
  ],
  "shape_types": [
    "leaf",
    "loop",
    "oval"
  ],
  "size": 800,
  "per_shape": [
    {
      "index": 0,
      "color": "#1EF1F2",
      "shape": "leaf",
      "center": [
        -0.22567513561620461,
        0.36384335212959307
      ],
      "amp": 0.2454786553468295,
      "phase": 3.0917188334062082,
      "lobes": 4,
      "density": 31,
      "scale": 1.039210024802614,
      "leaf_type": "heart_polar_r=1-sin(theta+phase)"
    },
    {
      "index": 1,
      "color": "#DC4FDD",
      "shape": "loop",
      "center": [
        0.07951966428148438,
        -0.3743506356072141
      ],
      "amp": 0.14463872403172162,
      "phase": 4.687876174407083,
      "lobes": 3,
      "density": 36,
      "scale": 1.0247473077665659,
      "loop_exponent": 2.5
    },
    {
      "index": 2,
      "color": "#F6FA31",
      "shape": "oval",
      "center": [
        -0.2974106733966442,
        0.2694852946450792
      ],
      "amp": 0.07927692193945991,
      "phase": 3.4797017748304047,
      "lobes": 2,
      "density": 21,
      "scale": 0.8912513419371091,
      "oval_a": 1.2661312747441347,
      "oval_b": 0.8612680796868543
    }
  ]
}