{
  "product_id": "597957144501",
  "seed": 1558626110,
  "colors": [
    "#1EF1F2",
    "#DC4FDD",
    "#F6FA31"
  ],
  "shape_types": [
    "loop",
    "arc",
    "oval"
  ],
  "size": 800,
  "per_shape": [
    {
      "index": 0,
      "color": "#1EF1F2",
      "shape": "loop",
      "center": [
        0.08094957215195764,
        -0.0060229086195506265
      ],
      "amp": 0.20590867510688876,
      "phase": 0.7789031340644894,
      "lobes": 3,
      "density": 27,
      "scale": 1.0108879631457888,
      "loop_exponent": 2.5
    },
    {
      "index": 1,
      "color": "#DC4FDD",
      "shape": "arc",
      "center": [
        -0.0699534478369479,
        0.0008035958485457795
      ],
      "amp": 0.2513749413541667,
      "phase": 3.0848074342622844,
      "lobes": 4,
      "density": 35,
      "scale": 1.0100084627756947
    },
    {
      "index": 2,
      "color": "#F6FA31",
      "shape": "oval",
      "center": [
        0.1835033232662896,
        -0.31378107572954994
      ],
      "amp": 0.1768004480896576,
      "phase": 3.4951801898227406,
      "lobes": 4,
      "density": 18,
      "scale": 0.9773468434722343,
      "oval_a": 1.1454528927603818,
      "oval_b": 0.899955729371493
    }
  ]
}