{
  "product_id": "597957139857",
  "seed": 793439353,
  "colors": [
    "#1EF1F2",
    "#DC4FDD",
    "#F6FA31"
  ],
  "shape_types": [
    "arc",
    "leaf",
    "oval"
  ],
  "size": 800,
  "per_shape": [
    {
      "index": 0,
      "color": "#1EF1F2",
      "shape": "arc",
      "center": [
        -0.1293364125276925,
        -0.10701560869908161
      ],
      "amp": 0.2181046951694321,
      "phase": 3.052485112555488,
      "lobes": 4,
      "density": 23,
      "scale": 0.8640201356804649
    },
    {
      "index": 1,
      "color": "#DC4FDD",
      "shape": "leaf",
      "center": [
        -0.04638376313531173,
        0.3368987663390134
      ],
      "amp": 0.20586380420053646,
      "phase": 6.271077411950378,
      "lobes": 4,
      "density": 35,
      "scale": 1.0423152860392415,
      "leaf_type": "heart_polar_r=1-sin(theta+phase)"
    },
    {
      "index": 2,
      "color": "#F6FA31",
      "shape": "oval",
      "center": [
        0.16832593888614522,
        -0.10068434768394602
      ],
      "amp": 0.22258803729853577,
      "phase": 1.791189542246376,
      "lobes": 2,
      "density": 28,
      "scale": 0.908035747696087,
      "oval_a": 1.2541960965253547,
      "oval_b": 0.7512380174644218
    }
  ]
}