{
  "product_id": "597957148349",
  "seed": 3258518449,
  "colors": [
    "#1EF1F2",
    "#DC4FDD",
    "#F6FA31"
  ],
  "shape_types": [
    "leaf",
    "arc",
    "loop"
  ],
  "size": 800,
  "per_shape": [
    {
      "index": 0,
      "color": "#1EF1F2",
      "shape": "leaf",
      "center": [
        -0.3270256331330086,
        0.0689524113576166
      ],
      "amp": 0.11113221566893632,
      "phase": 5.002178701917017,
      "lobes": 3,
      "density": 33,
      "scale": 0.9530907975927653,
      "leaf_type": "heart_polar_r=1-sin(theta+phase)"
    },
    {
      "index": 1,
      "color": "#DC4FDD",
      "shape": "arc",
      "center": [
        0.3286569801634397,
        -0.10598387752642946
      ],
      "amp": 0.20676639425569188,
      "phase": 0.7791090842202808,
      "lobes": 4,
      "density": 29,
      "scale": 0.8220767849567663
    },
    {
      "index": 2,
      "color": "#F6FA31",
      "shape": "loop",
      "center": [
        -0.060200110240540894,
        0.127504216239674
      ],
      "amp": 0.20739385405071348,
      "phase": 4.121248631041929,
      "lobes": 2,
      "density": 33,
      "scale": 0.9429376157120121,
      "loop_exponent": 2.5
    }
  ]
}