{
  "product_id": "597957143495",
  "seed": 238319693,
  "colors": [
    "#1EF1F2",
    "#DC4FDD",
    "#F6FA31"
  ],
  "shape_types": [
    "leaf",
    "oval",
    "loop"
  ],
  "size": 800,
  "per_shape": [
    {
      "index": 0,
      "color": "#1EF1F2",
      "shape": "leaf",
      "center": [
        0.3700395228690676,
        0.0792221447064021
      ],
      "amp": 0.27124899156246446,
      "phase": 2.517524647523124,
      "lobes": 4,
      "density": 31,
      "scale": 1.0232364871848818,
      "leaf_type": "heart_polar_r=1-sin(theta+phase)"
    },
    {
      "index": 1,
      "color": "#DC4FDD",
      "shape": "oval",
      "center": [
        -0.23063568821811567,
        -0.2867717322948499
      ],
      "amp": 0.2705466400274966,
      "phase": 3.4700810979218377,
      "lobes": 3,
      "density": 29,
      "scale": 1.11782627469257,
      "oval_a": 1.2886638866065931,
      "oval_b": 0.7147614098508913
    },
    {
      "index": 2,
      "color": "#F6FA31",
      "shape": "loop",
      "center": [
        0.08553231898138403,
        -0.3308237638110296
      ],
      "amp": 0.12241606850324115,
      "phase": 2.332241618477499,
      "lobes": 3,
      "density": 22,
      "scale": 0.8340224781300093,
      "loop_exponent": 2.5
    }
  ]
}