{
  "product_id": "597957147497",
  "seed": 3910761210,
  "colors": [
    "#1EF1F2",
    "#DC4FDD",
    "#F6FA31"
  ],
  "shape_types": [
    "leaf",
    "oval",
    "loop"
  ],
  "size": 800,
  "per_shape": [
    {
      "index": 0,
      "color": "#1EF1F2",
      "shape": "leaf",
      "center": [
        0.3093221441971129,
        0.13122097345897432
      ],
      "amp": 0.23323330128744907,
      "phase": 2.231300767412139,
      "lobes": 4,
      "density": 27,
      "scale": 1.1013878605110896,
      "leaf_type": "heart_polar_r=1-sin(theta+phase)"
    },
    {
      "index": 1,
      "color": "#DC4FDD",
      "shape": "oval",
      "center": [
        -0.12696158486051584,
        -0.07748082605622358
      ],
      "amp": 0.0679569901151386,
      "phase": 1.245523606012078,
      "lobes": 3,
      "density": 32,
      "scale": 1.1971380707198505,
      "oval_a": 1.2552003095712512,
      "oval_b": 0.7460032715153191
    },
    {
      "index": 2,
      "color": "#F6FA31",
      "shape": "loop",
      "center": [
        0.26464593207568043,
        0.14896689557096765
      ],
      "amp": 0.22918110664660896,
      "phase": 1.0244399460844993,
      "lobes": 2,
      "density": 25,
      "scale": 1.1062767535339217,
      "loop_exponent": 2.5
    }
  ]
}