{
  "product_id": "597957148083",
  "seed": 3282413359,
  "colors": [
    "#1EF1F2",
    "#DC4FDD",
    "#F6FA31"
  ],
  "shape_types": [
    "leaf",
    "oval",
    "arc"
  ],
  "size": 800,
  "per_shape": [
    {
      "index": 0,
      "color": "#1EF1F2",
      "shape": "leaf",
      "center": [
        -0.31644830037563554,
        0.20454306118930743
      ],
      "amp": 0.27870147449192423,
      "phase": 2.012182525196597,
      "lobes": 2,
      "density": 35,
      "scale": 1.0676936300101927,
      "leaf_type": "heart_polar_r=1-sin(theta+phase)"
    },
    {
      "index": 1,
      "color": "#DC4FDD",
      "shape": "oval",
      "center": [
        0.12653586489508917,
        -0.33061090770091506
      ],
      "amp": 0.23044286611857645,
      "phase": 6.224426315899661,
      "lobes": 2,
      "density": 36,
      "scale": 0.8801152396257808,
      "oval_a": 1.228981455954381,
      "oval_b": 0.7294906529720566
    },
    {
      "index": 2,
      "color": "#F6FA31",
      "shape": "arc",
      "center": [
        -0.0917747336599361,
        -0.11780945422000294
      ],
      "amp": 0.12533084777954623,
      "phase": 4.657698963257669,
      "lobes": 3,
      "density": 25,
      "scale": 1.1560412024563766
    }
  ]
}