{
  "product_id": "597957148237",
  "seed": 2829799993,
  "colors": [
    "#1EF1F2",
    "#DC4FDD",
    "#F6FA31"
  ],
  "shape_types": [
    "arc",
    "oval",
    "leaf"
  ],
  "size": 800,
  "per_shape": [
    {
      "index": 0,
      "color": "#1EF1F2",
      "shape": "arc",
      "center": [
        0.2702017765295023,
        -0.22566657466422735
      ],
      "amp": 0.1966633003420339,
      "phase": 3.8294643978346596,
      "lobes": 3,
      "density": 20,
      "scale": 0.9361107061921614
    },
    {
      "index": 1,
      "color": "#DC4FDD",
      "shape": "oval",
      "center": [
        -0.3383190525523112,
        0.07225203885491016
      ],
      "amp": 0.18212204526354436,
      "phase": 6.154392111433566,
      "lobes": 2,
      "density": 35,
      "scale": 1.0131720088756744,
      "oval_a": 1.2277709509594745,
      "oval_b": 0.8058423018214835
    },
    {
      "index": 2,
      "color": "#F6FA31",
      "shape": "leaf",
      "center": [
        -0.38073555822320726,
        0.3436637334127838
      ],
      "amp": 0.2897133265708746,
      "phase": 0.2813338182934825,
      "lobes": 4,
      "density": 21,
      "scale": 1.0777809600509833,
      "leaf_type": "heart_polar_r=1-sin(theta+phase)"
    }
  ]
}