{
  "product_id": "597957139601",
  "seed": 3894334541,
  "colors": [
    "#1EF1F2",
    "#DC4FDD",
    "#F6FA31"
  ],
  "shape_types": [
    "arc",
    "loop",
    "oval"
  ],
  "size": 800,
  "per_shape": [
    {
      "index": 0,
      "color": "#1EF1F2",
      "shape": "arc",
      "center": [
        0.023547881343148724,
        -0.33524588750136797
      ],
      "amp": 0.14228422426176612,
      "phase": 1.3651541337118096,
      "lobes": 4,
      "density": 20,
      "scale": 1.1408118227605943
    },
    {
      "index": 1,
      "color": "#DC4FDD",
      "shape": "loop",
      "center": [
        0.35043944048175335,
        -0.21197912011791625
      ],
      "amp": 0.09590685550465512,
      "phase": 3.8209134163107508,
      "lobes": 2,
      "density": 33,
      "scale": 1.175289511548673,
      "loop_exponent": 2.5
    },
    {
      "index": 2,
      "color": "#F6FA31",
      "shape": "oval",
      "center": [
        -0.27265910506656904,
        -0.32995284372288103
      ],
      "amp": 0.11319127063691924,
      "phase": 0.8045493639239231,
      "lobes": 2,
      "density": 25,
      "scale": 0.9840694426873788,
      "oval_a": 1.2727384844020226,
      "oval_b": 0.7082833122444134
    }
  ]
}