{
  "product_id": "597957148579",
  "seed": 3800960399,
  "colors": [
    "#1EF1F2",
    "#DC4FDD",
    "#F6FA31"
  ],
  "shape_types": [
    "arc",
    "oval",
    "leaf"
  ],
  "size": 800,
  "per_shape": [
    {
      "index": 0,
      "color": "#1EF1F2",
      "shape": "arc",
      "center": [
        0.1026044581080493,
        -0.37680940365160737
      ],
      "amp": 0.07216416503013869,
      "phase": 0.14815309462832807,
      "lobes": 2,
      "density": 33,
      "scale": 0.8624710937322021
    },
    {
      "index": 1,
      "color": "#DC4FDD",
      "shape": "oval",
      "center": [
        0.32842509565792977,
        0.1389200118931202
      ],
      "amp": 0.19959985126241958,
      "phase": 3.716912587299211,
      "lobes": 2,
      "density": 19,
      "scale": 1.0582884275110396,
      "oval_a": 1.2824164545692889,
      "oval_b": 0.8853782663037504
    },
    {
      "index": 2,
      "color": "#F6FA31",
      "shape": "leaf",
      "center": [
        -0.124399228855754,
        -0.022184351297730664
      ],
      "amp": 0.08940968023297723,
      "phase": 4.1806597565396055,
      "lobes": 2,
      "density": 26,
      "scale": 1.0488856754291662,
      "leaf_type": "heart_polar_r=1-sin(theta+phase)"
    }
  ]
}