{
  "product_id": "597957142247",
  "seed": 1739376675,
  "colors": [
    "#1EF1F2",
    "#DC4FDD",
    "#F6FA31"
  ],
  "shape_types": [
    "leaf",
    "oval",
    "loop"
  ],
  "size": 800,
  "per_shape": [
    {
      "index": 0,
      "color": "#1EF1F2",
      "shape": "leaf",
      "center": [
        -0.035358223037044056,
        -0.07883838394095244
      ],
      "amp": 0.08637546252895194,
      "phase": 5.918809881313227,
      "lobes": 2,
      "density": 19,
      "scale": 0.9397303855324799,
      "leaf_type": "heart_polar_r=1-sin(theta+phase)"
    },
    {
      "index": 1,
      "color": "#DC4FDD",
      "shape": "oval",
      "center": [
        -0.38364153016501135,
        0.10968877064961657
      ],
      "amp": 0.17385149199273486,
      "phase": 3.658519651604127,
      "lobes": 3,
      "density": 36,
      "scale": 0.8676234514387593,
      "oval_a": 1.1699511767337507,
      "oval_b": 0.7838870885618192
    },
    {
      "index": 2,
      "color": "#F6FA31",
      "shape": "loop",
      "center": [
        0.26097336122838144,
        0.1662087744839147
      ],
      "amp": 0.07772939511041664,
      "phase": 1.1199206048638244,
      "lobes": 2,
      "density": 35,
      "scale": 1.1653742135879066,
      "loop_exponent": 2.5
    }
  ]
}