{
  "product_id": "597957144887",
  "seed": 3786088040,
  "colors": [
    "#1EF1F2",
    "#DC4FDD",
    "#F6FA31"
  ],
  "shape_types": [
    "leaf",
    "loop",
    "oval"
  ],
  "size": 800,
  "per_shape": [
    {
      "index": 0,
      "color": "#1EF1F2",
      "shape": "leaf",
      "center": [
        -0.2513123342086828,
        -0.23795864432960895
      ],
      "amp": 0.17508295604173246,
      "phase": 1.9699299257768454,
      "lobes": 4,
      "density": 29,
      "scale": 1.0265928828222017,
      "leaf_type": "heart_polar_r=1-sin(theta+phase)"
    },
    {
      "index": 1,
      "color": "#DC4FDD",
      "shape": "loop",
      "center": [
        -0.35803853439042777,
        0.16583250877609168
      ],
      "amp": 0.06511344958601246,
      "phase": 4.935392695690526,
      "lobes": 4,
      "density": 28,
      "scale": 0.8624288207330167,
      "loop_exponent": 2.5
    },
    {
      "index": 2,
      "color": "#F6FA31",
      "shape": "oval",
      "center": [
        -0.3368956579641892,
        -0.28878871744956575
      ],
      "amp": 0.2785360339809539,
      "phase": 0.11138922168572253,
      "lobes": 3,
      "density": 27,
      "scale": 0.9022531843034244,
      "oval_a": 1.2095599327385471,
      "oval_b": 0.8368615728914844
    }
  ]
}