{
  "product_id": "597957143533",
  "seed": 3987140591,
  "colors": [
    "#1EF1F2",
    "#DC4FDD",
    "#F6FA31"
  ],
  "shape_types": [
    "arc",
    "oval",
    "loop"
  ],
  "size": 800,
  "per_shape": [
    {
      "index": 0,
      "color": "#1EF1F2",
      "shape": "arc",
      "center": [
        -0.2283765831668193,
        -0.1307689750772525
      ],
      "amp": 0.18854304871362865,
      "phase": 0.6657740605169058,
      "lobes": 3,
      "density": 22,
      "scale": 1.0878106407266865
    },
    {
      "index": 1,
      "color": "#DC4FDD",
      "shape": "oval",
      "center": [
        -0.19462274729670295,
        -0.14602257304018756
      ],
      "amp": 0.1115251037580872,
      "phase": 2.2886606299489367,
      "lobes": 2,
      "density": 31,
      "scale": 0.9091652362891492,
      "oval_a": 1.2235625535932804,
      "oval_b": 0.8311670556073831
    },
    {
      "index": 2,
      "color": "#F6FA31",
      "shape": "loop",
      "center": [
        -0.07472692813079751,
        -0.1302537189161309
      ],
      "amp": 0.12904939531200205,
      "phase": 2.4879746199781634,
      "lobes": 4,
      "density": 20,
      "scale": 0.8594264182632347,
      "loop_exponent": 2.5
    }
  ]
}