{
  "product_id": "597957140755",
  "seed": 2567871211,
  "colors": [
    "#1EF1F2",
    "#DC4FDD",
    "#F6FA31"
  ],
  "shape_types": [
    "loop",
    "oval",
    "arc"
  ],
  "size": 800,
  "per_shape": [
    {
      "index": 0,
      "color": "#1EF1F2",
      "shape": "loop",
      "center": [
        -0.1903543284808662,
        0.2667560621337913
      ],
      "amp": 0.20717718747000835,
      "phase": 1.0094825961633616,
      "lobes": 4,
      "density": 19,
      "scale": 0.934941373499254,
      "loop_exponent": 2.5
    },
    {
      "index": 1,
      "color": "#DC4FDD",
      "shape": "oval",
      "center": [
        -0.0020201347062629438,
        -0.3427429392013956
      ],
      "amp": 0.2825012305974689,
      "phase": 4.602737376573989,
      "lobes": 4,
      "density": 29,
      "scale": 0.8051516559705809,
      "oval_a": 1.1062796747318384,
      "oval_b": 0.8167363484221405
    },
    {
      "index": 2,
      "color": "#F6FA31",
      "shape": "arc",
      "center": [
        -0.3391688044808754,
        0.3327766473878244
      ],
      "amp": 0.25335103526909625,
      "phase": 5.281577256435869,
      "lobes": 3,
      "density": 23,
      "scale": 1.1034134582610946
    }
  ]
}