{
  "product_id": "597957139725",
  "seed": 2398396321,
  "colors": [
    "#1EF1F2",
    "#DC4FDD",
    "#F6FA31"
  ],
  "shape_types": [
    "arc",
    "loop",
    "leaf"
  ],
  "size": 800,
  "per_shape": [
    {
      "index": 0,
      "color": "#1EF1F2",
      "shape": "arc",
      "center": [
        -0.3822756884612975,
        0.008196230866552079
      ],
      "amp": 0.27658867251010993,
      "phase": 3.80590181890147,
      "lobes": 4,
      "density": 27,
      "scale": 0.9989186394425853
    },
    {
      "index": 1,
      "color": "#DC4FDD",
      "shape": "loop",
      "center": [
        0.2836554448350088,
        -0.025262288720736936
      ],
      "amp": 0.2470060957551632,
      "phase": 4.006348672278284,
      "lobes": 3,
      "density": 25,
      "scale": 1.0883184482968904,
      "loop_exponent": 2.5
    },
    {
      "index": 2,
      "color": "#F6FA31",
      "shape": "leaf",
      "center": [
        0.30635199729956886,
        0.3128033537334357
      ],
      "amp": 0.24245773824525585,
      "phase": 5.9635373575772075,
      "lobes": 4,
      "density": 25,
      "scale": 1.1696308638077393,
      "leaf_type": "heart_polar_r=1-sin(theta+phase)"
    }
  ]
}