{
  "product_id": "597957144393",
  "seed": 3041013219,
  "colors": [
    "#1EF1F2",
    "#DC4FDD",
    "#F6FA31"
  ],
  "shape_types": [
    "oval",
    "arc",
    "leaf"
  ],
  "size": 800,
  "per_shape": [
    {
      "index": 0,
      "color": "#1EF1F2",
      "shape": "oval",
      "center": [
        -0.058142814168321455,
        0.21516373851693182
      ],
      "amp": 0.16979639562257198,
      "phase": 4.002890893250547,
      "lobes": 2,
      "density": 35,
      "scale": 1.0195490772210725,
      "oval_a": 1.1862553069249753,
      "oval_b": 0.7984310249398074
    },
    {
      "index": 1,
      "color": "#DC4FDD",
      "shape": "arc",
      "center": [
        -0.3227168883439282,
        -0.3556351394274826
      ],
      "amp": 0.24539741608690657,
      "phase": 5.235422635777178,
      "lobes": 2,
      "density": 19,
      "scale": 1.0042233215664347
    },
    {
      "index": 2,
      "color": "#F6FA31",
      "shape": "leaf",
      "center": [
        0.08912733801147982,
        0.292970138289245
      ],
      "amp": 0.1142458175552772,
      "phase": 1.1595158810949062,
      "lobes": 2,
      "density": 27,
      "scale": 1.0141396474163056,
      "leaf_type": "heart_polar_r=1-sin(theta+phase)"
    }
  ]
}