{
  "product_id": "597957148001",
  "seed": 2210611300,
  "colors": [
    "#1EF1F2",
    "#DC4FDD",
    "#F6FA31"
  ],
  "shape_types": [
    "arc",
    "oval",
    "leaf"
  ],
  "size": 800,
  "per_shape": [
    {
      "index": 0,
      "color": "#1EF1F2",
      "shape": "arc",
      "center": [
        0.249046416084572,
        0.08285928179731084
      ],
      "amp": 0.17793047868743656,
      "phase": 5.971893917238938,
      "lobes": 4,
      "density": 30,
      "scale": 0.8730656409663656
    },
    {
      "index": 1,
      "color": "#DC4FDD",
      "shape": "oval",
      "center": [
        0.17427366422592871,
        -0.24786402588039946
      ],
      "amp": 0.14674121071187957,
      "phase": 1.1818011485674353,
      "lobes": 2,
      "density": 26,
      "scale": 0.9004425588761868,
      "oval_a": 1.2804293040363575,
      "oval_b": 0.8423090106306328
    },
    {
      "index": 2,
      "color": "#F6FA31",
      "shape": "leaf",
      "center": [
        0.01080387605262112,
        -0.19590736397284658
      ],
      "amp": 0.20842403200994086,
      "phase": 3.043736576896059,
      "lobes": 3,
      "density": 19,
      "scale": 0.8516605104889816,
      "leaf_type": "heart_polar_r=1-sin(theta+phase)"
    }
  ]
}