{
  "product_id": "597957144429",
  "seed": 2007515272,
  "colors": [
    "#1EF1F2",
    "#DC4FDD",
    "#F6FA31"
  ],
  "shape_types": [
    "leaf",
    "arc",
    "loop"
  ],
  "size": 800,
  "per_shape": [
    {
      "index": 0,
      "color": "#1EF1F2",
      "shape": "leaf",
      "center": [
        -0.1613637144401019,
        -0.228549209689643
      ],
      "amp": 0.09735694394563034,
      "phase": 4.5711041142287705,
      "lobes": 2,
      "density": 32,
      "scale": 1.1182393619850133,
      "leaf_type": "heart_polar_r=1-sin(theta+phase)"
    },
    {
      "index": 1,
      "color": "#DC4FDD",
      "shape": "arc",
      "center": [
        0.2545054330228069,
        -0.288877814204809
      ],
      "amp": 0.08155504426388106,
      "phase": 2.4426154853183686,
      "lobes": 3,
      "density": 20,
      "scale": 0.9186028102050784
    },
    {
      "index": 2,
      "color": "#F6FA31",
      "shape": "loop",
      "center": [
        -0.13150705225587994,
        -0.17425325917845483
      ],
      "amp": 0.1515089086463161,
      "phase": 6.0666202230249775,
      "lobes": 2,
      "density": 36,
      "scale": 1.0670548591497084,
      "loop_exponent": 2.5
    }
  ]
}