{
  "product_id": "597957145263",
  "seed": 4093914429,
  "colors": [
    "#1EF1F2",
    "#DC4FDD",
    "#F6FA31"
  ],
  "shape_types": [
    "oval",
    "leaf",
    "loop"
  ],
  "size": 800,
  "per_shape": [
    {
      "index": 0,
      "color": "#1EF1F2",
      "shape": "oval",
      "center": [
        0.08362028895348983,
        0.324547399770867
      ],
      "amp": 0.08190198095524533,
      "phase": 4.116790293953372,
      "lobes": 3,
      "density": 30,
      "scale": 0.8620641528140524,
      "oval_a": 1.2359810797513082,
      "oval_b": 0.7767342919731832
    },
    {
      "index": 1,
      "color": "#DC4FDD",
      "shape": "leaf",
      "center": [
        0.0019064758377212998,
        0.010135710599478043
      ],
      "amp": 0.2143389934685448,
      "phase": 4.887013634717478,
      "lobes": 2,
      "density": 20,
      "scale": 0.8128669689719858,
      "leaf_type": "heart_polar_r=1-sin(theta+phase)"
    },
    {
      "index": 2,
      "color": "#F6FA31",
      "shape": "loop",
      "center": [
        0.09915423181390298,
        -0.17570563360457714
      ],
      "amp": 0.12841496694965093,
      "phase": 4.838717285978728,
      "lobes": 3,
      "density": 24,
      "scale": 0.9246601597967289,
      "loop_exponent": 2.5
    }
  ]
}