{
  "product_id": "597957138933",
  "seed": 2987397772,
  "colors": [
    "#1EF1F2",
    "#DC4FDD",
    "#F6FA31"
  ],
  "shape_types": [
    "arc",
    "loop",
    "oval"
  ],
  "size": 800,
  "per_shape": [
    {
      "index": 0,
      "color": "#1EF1F2",
      "shape": "arc",
      "center": [
        -0.10176500267491367,
        0.019272553723219843
      ],
      "amp": 0.07978241207844584,
      "phase": 0.1024857181228692,
      "lobes": 4,
      "density": 35,
      "scale": 0.9713957094791632
    },
    {
      "index": 1,
      "color": "#DC4FDD",
      "shape": "loop",
      "center": [
        -0.02248710822642408,
        0.07638592573823494
      ],
      "amp": 0.19061783035176766,
      "phase": 2.9041916717461147,
      "lobes": 2,
      "density": 24,
      "scale": 0.8512434105661908,
      "loop_exponent": 2.5
    },
    {
      "index": 2,
      "color": "#F6FA31",
      "shape": "oval",
      "center": [
        0.3793703923897319,
        0.22002914883829683
      ],
      "amp": 0.08259541114639345,
      "phase": 2.512420613611245,
      "lobes": 3,
      "density": 24,
      "scale": 0.8674152074341998,
      "oval_a": 1.2407896089194428,
      "oval_b": 0.7995021246700416
    }
  ]
}