{
  "product_id": "597957147091",
  "seed": 607746283,
  "colors": [
    "#1EF1F2",
    "#DC4FDD",
    "#F6FA31"
  ],
  "shape_types": [
    "loop",
    "leaf",
    "oval"
  ],
  "size": 800,
  "per_shape": [
    {
      "index": 0,
      "color": "#1EF1F2",
      "shape": "loop",
      "center": [
        -0.024848370383938945,
        0.08231843894385832
      ],
      "amp": 0.0524198141829363,
      "phase": 1.3780763765780268,
      "lobes": 4,
      "density": 26,
      "scale": 0.933128083767709,
      "loop_exponent": 2.5
    },
    {
      "index": 1,
      "color": "#DC4FDD",
      "shape": "leaf",
      "center": [
        -0.24842093411119734,
        0.16144815851838046
      ],
      "amp": 0.1806018412397728,
      "phase": 3.144235021485606,
      "lobes": 4,
      "density": 26,
      "scale": 0.8177303588709629,
      "leaf_type": "heart_polar_r=1-sin(theta+phase)"
    },
    {
      "index": 2,
      "color": "#F6FA31",
      "shape": "oval",
      "center": [
        0.2857643073198902,
        -0.12439373913270313
      ],
      "amp": 0.2776152690598244,
      "phase": 4.982982635788861,
      "lobes": 3,
      "density": 29,
      "scale": 1.0854690823434059,
      "oval_a": 1.283279482393238,
      "oval_b": 0.8421305768562438
    }
  ]
}