{
  "product_id": "597957142953",
  "seed": 2457919583,
  "colors": [
    "#1EF1F2",
    "#DC4FDD",
    "#F6FA31"
  ],
  "shape_types": [
    "leaf",
    "loop",
    "oval"
  ],
  "size": 800,
  "per_shape": [
    {
      "index": 0,
      "color": "#1EF1F2",
      "shape": "leaf",
      "center": [
        -0.149747630365677,
        -0.2077879901000267
      ],
      "amp": 0.07270715188999959,
      "phase": 1.2856102838710755,
      "lobes": 4,
      "density": 35,
      "scale": 1.045912211807,
      "leaf_type": "heart_polar_r=1-sin(theta+phase)"
    },
    {
      "index": 1,
      "color": "#DC4FDD",
      "shape": "loop",
      "center": [
        0.2168825087682088,
        0.2154179226155739
      ],
      "amp": 0.1986916883173268,
      "phase": 1.193874967278414,
      "lobes": 2,
      "density": 21,
      "scale": 1.1998722725562903,
      "loop_exponent": 2.5
    },
    {
      "index": 2,
      "color": "#F6FA31",
      "shape": "oval",
      "center": [
        -0.10137376365366485,
        -0.39269289750291914
      ],
      "amp": 0.07829257349697576,
      "phase": 4.389334851471107,
      "lobes": 2,
      "density": 26,
      "scale": 1.0339653317945579,
      "oval_a": 1.22817663313408,
      "oval_b": 0.8866450988649791
    }
  ]
}