{
  "product_id": "597957141125",
  "seed": 666972274,
  "colors": [
    "#1EF1F2",
    "#DC4FDD",
    "#F6FA31"
  ],
  "shape_types": [
    "arc",
    "oval",
    "leaf"
  ],
  "size": 800,
  "per_shape": [
    {
      "index": 0,
      "color": "#1EF1F2",
      "shape": "arc",
      "center": [
        0.14770814416507771,
        0.17169084086098274
      ],
      "amp": 0.10253645504395324,
      "phase": 4.168868557573583,
      "lobes": 3,
      "density": 28,
      "scale": 1.0479957706588456
    },
    {
      "index": 1,
      "color": "#DC4FDD",
      "shape": "oval",
      "center": [
        0.331512486953191,
        0.06271472910772341
      ],
      "amp": 0.19886128079672544,
      "phase": 2.3888462850415544,
      "lobes": 2,
      "density": 27,
      "scale": 1.0971609160881266,
      "oval_a": 1.1686870253592692,
      "oval_b": 0.7197883241905412
    },
    {
      "index": 2,
      "color": "#F6FA31",
      "shape": "leaf",
      "center": [
        -0.15030945972920026,
        0.2235390537338201
      ],
      "amp": 0.1347474417303982,
      "phase": 2.942387715545296,
      "lobes": 4,
      "density": 23,
      "scale": 0.8606576663827711,
      "leaf_type": "heart_polar_r=1-sin(theta+phase)"
    }
  ]
}