{
  "product_id": "597957146731",
  "seed": 2007480926,
  "colors": [
    "#1EF1F2",
    "#DC4FDD",
    "#F6FA31"
  ],
  "shape_types": [
    "loop",
    "leaf",
    "oval"
  ],
  "size": 800,
  "per_shape": [
    {
      "index": 0,
      "color": "#1EF1F2",
      "shape": "loop",
      "center": [
        0.18138739404643656,
        0.18663803805988455
      ],
      "amp": 0.177760828515516,
      "phase": 3.292661324945478,
      "lobes": 4,
      "density": 24,
      "scale": 1.0282264044835192,
      "loop_exponent": 2.5
    },
    {
      "index": 1,
      "color": "#DC4FDD",
      "shape": "leaf",
      "center": [
        -0.26487230363412895,
        0.04514036027397916
      ],
      "amp": 0.11221557600444944,
      "phase": 4.703897767466253,
      "lobes": 3,
      "density": 28,
      "scale": 1.0574907798872477,
      "leaf_type": "heart_polar_r=1-sin(theta+phase)"
    },
    {
      "index": 2,
      "color": "#F6FA31",
      "shape": "oval",
      "center": [
        0.09249031818457121,
        0.007738695656638317
      ],
      "amp": 0.15260523383298352,
      "phase": 2.2162828861108483,
      "lobes": 3,
      "density": 27,
      "scale": 1.0245570757038753,
      "oval_a": 1.2242027413057404,
      "oval_b": 0.896293851102288
    }
  ]
}