{
  "product_id": "597957142379",
  "seed": 1267330584,
  "colors": [
    "#1EF1F2",
    "#DC4FDD",
    "#F6FA31"
  ],
  "shape_types": [
    "oval",
    "arc",
    "leaf"
  ],
  "size": 800,
  "per_shape": [
    {
      "index": 0,
      "color": "#1EF1F2",
      "shape": "oval",
      "center": [
        0.1277221673899509,
        -0.3753258820633578
      ],
      "amp": 0.20283541453491027,
      "phase": 1.418577802945603,
      "lobes": 2,
      "density": 22,
      "scale": 1.0818611518663162,
      "oval_a": 1.2485511264571574,
      "oval_b": 0.7261305933435929
    },
    {
      "index": 1,
      "color": "#DC4FDD",
      "shape": "arc",
      "center": [
        -0.2786009077668701,
        0.048252036211783866
      ],
      "amp": 0.2569251225217349,
      "phase": 3.830346216605916,
      "lobes": 2,
      "density": 24,
      "scale": 1.1251153824341644
    },
    {
      "index": 2,
      "color": "#F6FA31",
      "shape": "leaf",
      "center": [
        -0.333948560277198,
        -0.2232943910311513
      ],
      "amp": 0.17748013453749234,
      "phase": 6.108293035132851,
      "lobes": 2,
      "density": 26,
      "scale": 0.9532276880303826,
      "leaf_type": "heart_polar_r=1-sin(theta+phase)"
    }
  ]
}