{
  "product_id": "597957140775",
  "seed": 819451506,
  "colors": [
    "#1EF1F2",
    "#DC4FDD",
    "#F6FA31"
  ],
  "shape_types": [
    "leaf",
    "arc",
    "loop"
  ],
  "size": 800,
  "per_shape": [
    {
      "index": 0,
      "color": "#1EF1F2",
      "shape": "leaf",
      "center": [
        0.13030364440449982,
        -0.39316258345884514
      ],
      "amp": 0.26282975138037895,
      "phase": 4.909909012016456,
      "lobes": 2,
      "density": 19,
      "scale": 0.834955297657868,
      "leaf_type": "heart_polar_r=1-sin(theta+phase)"
    },
    {
      "index": 1,
      "color": "#DC4FDD",
      "shape": "arc",
      "center": [
        0.3856797735886228,
        0.22200194084029412
      ],
      "amp": 0.18456513700481159,
      "phase": 4.641542742726992,
      "lobes": 3,
      "density": 18,
      "scale": 0.9413956924097183
    },
    {
      "index": 2,
      "color": "#F6FA31",
      "shape": "loop",
      "center": [
        0.008875557694011604,
        0.040065120606392945
      ],
      "amp": 0.13247767043093817,
      "phase": 5.369986122268932,
      "lobes": 2,
      "density": 26,
      "scale": 0.8460489215017215,
      "loop_exponent": 2.5
    }
  ]
}