{
  "product_id": "597957147287",
  "seed": 3544062193,
  "colors": [
    "#1EF1F2",
    "#DC4FDD",
    "#F6FA31"
  ],
  "shape_types": [
    "arc",
    "loop",
    "oval"
  ],
  "size": 800,
  "per_shape": [
    {
      "index": 0,
      "color": "#1EF1F2",
      "shape": "arc",
      "center": [
        -0.2108849786231259,
        -0.27855167102516476
      ],
      "amp": 0.21302256926692487,
      "phase": 0.5687022580053451,
      "lobes": 4,
      "density": 31,
      "scale": 0.8439592120614625
    },
    {
      "index": 1,
      "color": "#DC4FDD",
      "shape": "loop",
      "center": [
        -0.005304474903160716,
        0.1405670166831905
      ],
      "amp": 0.15129892896345354,
      "phase": 5.069390557903578,
      "lobes": 4,
      "density": 18,
      "scale": 0.9947082965537379,
      "loop_exponent": 2.5
    },
    {
      "index": 2,
      "color": "#F6FA31",
      "shape": "oval",
      "center": [
        -0.08574908638306444,
        -0.09256028042425851
      ],
      "amp": 0.09627683171661826,
      "phase": 3.975363268972742,
      "lobes": 2,
      "density": 25,
      "scale": 0.8782911462646816,
      "oval_a": 1.1601252336223389,
      "oval_b": 0.7495909727384042
    }
  ]
}