{
  "product_id": "597957145865",
  "seed": 611436928,
  "colors": [
    "#1EF1F2",
    "#DC4FDD",
    "#F6FA31"
  ],
  "shape_types": [
    "oval",
    "arc",
    "leaf"
  ],
  "size": 800,
  "per_shape": [
    {
      "index": 0,
      "color": "#1EF1F2",
      "shape": "oval",
      "center": [
        -0.16089586503391945,
        -0.09470878974206531
      ],
      "amp": 0.22069442356687324,
      "phase": 0.702582722833401,
      "lobes": 3,
      "density": 21,
      "scale": 1.1701898789651708,
      "oval_a": 1.1647815674643018,
      "oval_b": 0.7132027345741272
    },
    {
      "index": 1,
      "color": "#DC4FDD",
      "shape": "arc",
      "center": [
        -0.15803651934784346,
        -0.22386253909022563
      ],
      "amp": 0.14126331185884144,
      "phase": 0.2978435318737091,
      "lobes": 4,
      "density": 34,
      "scale": 0.8727162353955703
    },
    {
      "index": 2,
      "color": "#F6FA31",
      "shape": "leaf",
      "center": [
        -0.08691678512502365,
        0.016777881513718285
      ],
      "amp": 0.2537616371594104,
      "phase": 4.675545555494686,
      "lobes": 2,
      "density": 25,
      "scale": 1.0315525216919625,
      "leaf_type": "heart_polar_r=1-sin(theta+phase)"
    }
  ]
}