{
  "product_id": "597957139363",
  "seed": 1034676906,
  "colors": [
    "#1EF1F2",
    "#DC4FDD",
    "#F6FA31"
  ],
  "shape_types": [
    "arc",
    "oval",
    "loop"
  ],
  "size": 800,
  "per_shape": [
    {
      "index": 0,
      "color": "#1EF1F2",
      "shape": "arc",
      "center": [
        0.20766985527714066,
        -0.014207729926559665
      ],
      "amp": 0.13951258561615276,
      "phase": 3.285037324601005,
      "lobes": 3,
      "density": 26,
      "scale": 0.9066945362746148
    },
    {
      "index": 1,
      "color": "#DC4FDD",
      "shape": "oval",
      "center": [
        0.07434711987746406,
        -0.3923388892406813
      ],
      "amp": 0.2741588269185476,
      "phase": 6.170608160948083,
      "lobes": 3,
      "density": 34,
      "scale": 1.0737883386658882,
      "oval_a": 1.1092667014258677,
      "oval_b": 0.7974879839246387
    },
    {
      "index": 2,
      "color": "#F6FA31",
      "shape": "loop",
      "center": [
        0.22409300373399021,
        0.07688297363505381
      ],
      "amp": 0.26345838097145635,
      "phase": 1.71701874612122,
      "lobes": 2,
      "density": 29,
      "scale": 1.1314709786605401,
      "loop_exponent": 2.5
    }
  ]
}