{
  "product_id": "597957142047",
  "seed": 3414135714,
  "colors": [
    "#1EF1F2",
    "#DC4FDD",
    "#F6FA31"
  ],
  "shape_types": [
    "arc",
    "loop",
    "leaf"
  ],
  "size": 800,
  "per_shape": [
    {
      "index": 0,
      "color": "#1EF1F2",
      "shape": "arc",
      "center": [
        -0.15910400185785056,
        0.16883996431856219
      ],
      "amp": 0.1580301707303987,
      "phase": 2.7202543587919283,
      "lobes": 2,
      "density": 23,
      "scale": 0.8970504095138464
    },
    {
      "index": 1,
      "color": "#DC4FDD",
      "shape": "loop",
      "center": [
        -0.25290147370186644,
        0.167474134688278
      ],
      "amp": 0.2960277903959473,
      "phase": 6.058111210851534,
      "lobes": 3,
      "density": 36,
      "scale": 0.9657070438220073,
      "loop_exponent": 2.5
    },
    {
      "index": 2,
      "color": "#F6FA31",
      "shape": "leaf",
      "center": [
        -0.3215562604527607,
        -0.2404570166337793
      ],
      "amp": 0.25933531290539624,
      "phase": 4.147946836159153,
      "lobes": 3,
      "density": 36,
      "scale": 1.1016133591933421,
      "leaf_type": "heart_polar_r=1-sin(theta+phase)"
    }
  ]
}