{
  "product_id": "597957147213",
  "seed": 1264191904,
  "colors": [
    "#1EF1F2",
    "#DC4FDD",
    "#F6FA31"
  ],
  "shape_types": [
    "arc",
    "loop",
    "oval"
  ],
  "size": 800,
  "per_shape": [
    {
      "index": 0,
      "color": "#1EF1F2",
      "shape": "arc",
      "center": [
        -0.19523354783015848,
        -0.34387252328106127
      ],
      "amp": 0.2972116879932082,
      "phase": 5.526556745989078,
      "lobes": 3,
      "density": 30,
      "scale": 0.9076599867454992
    },
    {
      "index": 1,
      "color": "#DC4FDD",
      "shape": "loop",
      "center": [
        0.20967857442248738,
        -0.30801229884182296
      ],
      "amp": 0.16064870891815047,
      "phase": 5.428171793503849,
      "lobes": 2,
      "density": 25,
      "scale": 0.9564117550225542,
      "loop_exponent": 2.5
    },
    {
      "index": 2,
      "color": "#F6FA31",
      "shape": "oval",
      "center": [
        0.043704737036947605,
        -0.01299486905912206
      ],
      "amp": 0.11126237262390788,
      "phase": 5.190716488641428,
      "lobes": 4,
      "density": 28,
      "scale": 0.8287688252226472,
      "oval_a": 1.2974992893260444,
      "oval_b": 0.7225826443408396
    }
  ]
}