{
  "product_id": "597957141411",
  "seed": 1708730286,
  "colors": [
    "#1EF1F2",
    "#DC4FDD",
    "#F6FA31"
  ],
  "shape_types": [
    "arc",
    "leaf",
    "oval"
  ],
  "size": 800,
  "per_shape": [
    {
      "index": 0,
      "color": "#1EF1F2",
      "shape": "arc",
      "center": [
        0.2080804936979631,
        -0.34428395530066924
      ],
      "amp": 0.16378508541963244,
      "phase": 3.2516695167056393,
      "lobes": 4,
      "density": 30,
      "scale": 0.8313184853113005
    },
    {
      "index": 1,
      "color": "#DC4FDD",
      "shape": "leaf",
      "center": [
        0.31526225601439617,
        0.3575513710470267
      ],
      "amp": 0.19292780607074134,
      "phase": 4.281146173908409,
      "lobes": 4,
      "density": 32,
      "scale": 1.0787122301304486,
      "leaf_type": "heart_polar_r=1-sin(theta+phase)"
    },
    {
      "index": 2,
      "color": "#F6FA31",
      "shape": "oval",
      "center": [
        -0.3720123478446472,
        -0.1356270090986585
      ],
      "amp": 0.20697319766974143,
      "phase": 4.566468274483253,
      "lobes": 3,
      "density": 30,
      "scale": 1.1559256829129148,
      "oval_a": 1.158391955324353,
      "oval_b": 0.715685963939965
    }
  ]
}