{
  "product_id": "597957139973",
  "seed": 3108643103,
  "colors": [
    "#1EF1F2",
    "#DC4FDD",
    "#F6FA31"
  ],
  "shape_types": [
    "loop",
    "oval",
    "arc"
  ],
  "size": 800,
  "per_shape": [
    {
      "index": 0,
      "color": "#1EF1F2",
      "shape": "loop",
      "center": [
        0.048051973754928035,
        -0.1486394018033152
      ],
      "amp": 0.2654278061544435,
      "phase": 1.061032912865104,
      "lobes": 3,
      "density": 25,
      "scale": 0.9635868560156258,
      "loop_exponent": 2.5
    },
    {
      "index": 1,
      "color": "#DC4FDD",
      "shape": "oval",
      "center": [
        -0.00945334180441132,
        0.06264912590332772
      ],
      "amp": 0.24382500391159623,
      "phase": 0.46103839326004364,
      "lobes": 3,
      "density": 30,
      "scale": 0.8573623274672622,
      "oval_a": 1.2483101207868266,
      "oval_b": 0.8203248209850551
    },
    {
      "index": 2,
      "color": "#F6FA31",
      "shape": "arc",
      "center": [
        -0.1347159852801113,
        -0.202978411046794
      ],
      "amp": 0.2267611270304184,
      "phase": 5.45328895637333,
      "lobes": 3,
      "density": 36,
      "scale": 0.8560778203703406
    }
  ]
}