{
  "product_id": "597957144833",
  "seed": 1216861378,
  "colors": [
    "#1EF1F2",
    "#DC4FDD",
    "#F6FA31"
  ],
  "shape_types": [
    "leaf",
    "loop",
    "arc"
  ],
  "size": 800,
  "per_shape": [
    {
      "index": 0,
      "color": "#1EF1F2",
      "shape": "leaf",
      "center": [
        0.25361857546584854,
        0.21270565745451575
      ],
      "amp": 0.2782211306236653,
      "phase": 1.892267082158425,
      "lobes": 3,
      "density": 34,
      "scale": 1.0809429076910677,
      "leaf_type": "heart_polar_r=1-sin(theta+phase)"
    },
    {
      "index": 1,
      "color": "#DC4FDD",
      "shape": "loop",
      "center": [
        0.052460077842626185,
        0.16804616027973585
      ],
      "amp": 0.23982493355996565,
      "phase": 0.28109315763147064,
      "lobes": 3,
      "density": 25,
      "scale": 1.0953776878629906,
      "loop_exponent": 2.5
    },
    {
      "index": 2,
      "color": "#F6FA31",
      "shape": "arc",
      "center": [
        0.3709189896975118,
        0.31167950065369787
      ],
      "amp": 0.278427588140408,
      "phase": 1.3059003503875153,
      "lobes": 4,
      "density": 34,
      "scale": 0.8358422930598379
    }
  ]
}