{
  "product_id": "597957143677",
  "seed": 641504588,
  "colors": [
    "#1EF1F2",
    "#DC4FDD",
    "#F6FA31"
  ],
  "shape_types": [
    "leaf",
    "oval",
    "loop"
  ],
  "size": 800,
  "per_shape": [
    {
      "index": 0,
      "color": "#1EF1F2",
      "shape": "leaf",
      "center": [
        0.0008319821394281446,
        0.02568226149897629
      ],
      "amp": 0.1332647996825551,
      "phase": 2.8276534580543466,
      "lobes": 2,
      "density": 35,
      "scale": 1.0752451977053759,
      "leaf_type": "heart_polar_r=1-sin(theta+phase)"
    },
    {
      "index": 1,
      "color": "#DC4FDD",
      "shape": "oval",
      "center": [
        0.005227442217766942,
        -0.3890650169121891
      ],
      "amp": 0.22818825784718227,
      "phase": 5.027089004632339,
      "lobes": 3,
      "density": 33,
      "scale": 0.8973435855775209,
      "oval_a": 1.2649459929618776,
      "oval_b": 0.8259586752808133
    },
    {
      "index": 2,
      "color": "#F6FA31",
      "shape": "loop",
      "center": [
        -0.13131572163864452,
        0.35320832549747616
      ],
      "amp": 0.1536050542823199,
      "phase": 0.4975686084150235,
      "lobes": 4,
      "density": 33,
      "scale": 0.8354384812926248,
      "loop_exponent": 2.5
    }
  ]
}