{
  "product_id": "597957146951",
  "seed": 3805729161,
  "colors": [
    "#1EF1F2",
    "#DC4FDD",
    "#F6FA31"
  ],
  "shape_types": [
    "arc",
    "leaf",
    "oval"
  ],
  "size": 800,
  "per_shape": [
    {
      "index": 0,
      "color": "#1EF1F2",
      "shape": "arc",
      "center": [
        -0.13509358295437884,
        -0.010251238695740184
      ],
      "amp": 0.19333646865399645,
      "phase": 2.2116090911418884,
      "lobes": 3,
      "density": 20,
      "scale": 0.8990304391002533
    },
    {
      "index": 1,
      "color": "#DC4FDD",
      "shape": "leaf",
      "center": [
        -0.21655945255899153,
        -0.3387658403945148
      ],
      "amp": 0.23578542108060524,
      "phase": 4.597271979880272,
      "lobes": 2,
      "density": 34,
      "scale": 0.9632782347631377,
      "leaf_type": "heart_polar_r=1-sin(theta+phase)"
    },
    {
      "index": 2,
      "color": "#F6FA31",
      "shape": "oval",
      "center": [
        -0.20177067879816485,
        0.07450349473085566
      ],
      "amp": 0.060174880557110275,
      "phase": 0.7612889842206718,
      "lobes": 2,
      "density": 31,
      "scale": 0.905853387980228,
      "oval_a": 1.177566937236924,
      "oval_b": 0.7838011565229474
    }
  ]
}