{
  "product_id": "597957144389",
  "seed": 548209203,
  "colors": [
    "#1EF1F2",
    "#DC4FDD",
    "#F6FA31"
  ],
  "shape_types": [
    "oval",
    "loop",
    "leaf"
  ],
  "size": 800,
  "per_shape": [
    {
      "index": 0,
      "color": "#1EF1F2",
      "shape": "oval",
      "center": [
        0.08429121840607301,
        -0.39717402193475915
      ],
      "amp": 0.06826328509590006,
      "phase": 2.4050165147820284,
      "lobes": 4,
      "density": 29,
      "scale": 0.9127319954451646,
      "oval_a": 1.12815167259347,
      "oval_b": 0.877092915371233
    },
    {
      "index": 1,
      "color": "#DC4FDD",
      "shape": "loop",
      "center": [
        0.10881909450782534,
        -0.18013728314438363
      ],
      "amp": 0.1886393605435006,
      "phase": 5.43319844346192,
      "lobes": 3,
      "density": 35,
      "scale": 1.0664227907831654,
      "loop_exponent": 2.5
    },
    {
      "index": 2,
      "color": "#F6FA31",
      "shape": "leaf",
      "center": [
        -0.22749935909008556,
        -0.3178773143468746
      ],
      "amp": 0.1393064254058659,
      "phase": 2.1567518147304314,
      "lobes": 3,
      "density": 23,
      "scale": 0.9055368628706865,
      "leaf_type": "heart_polar_r=1-sin(theta+phase)"
    }
  ]
}