{
  "product_id": "597957143417",
  "seed": 3701378795,
  "colors": [
    "#1EF1F2",
    "#DC4FDD",
    "#F6FA31"
  ],
  "shape_types": [
    "oval",
    "leaf",
    "loop"
  ],
  "size": 800,
  "per_shape": [
    {
      "index": 0,
      "color": "#1EF1F2",
      "shape": "oval",
      "center": [
        -0.015071007841544248,
        0.2707587161042475
      ],
      "amp": 0.1767701334698462,
      "phase": 2.0404933249850963,
      "lobes": 4,
      "density": 30,
      "scale": 0.9472219975339127,
      "oval_a": 1.1604584888750276,
      "oval_b": 0.8285691131649431
    },
    {
      "index": 1,
      "color": "#DC4FDD",
      "shape": "leaf",
      "center": [
        0.10550701834575837,
        0.34703716369682236
      ],
      "amp": 0.1724447562027311,
      "phase": 3.9371322251871685,
      "lobes": 2,
      "density": 35,
      "scale": 0.8474250388397162,
      "leaf_type": "heart_polar_r=1-sin(theta+phase)"
    },
    {
      "index": 2,
      "color": "#F6FA31",
      "shape": "loop",
      "center": [
        0.39128638125575044,
        0.36978458054245933
      ],
      "amp": 0.2945638228558994,
      "phase": 2.0575533716881016,
      "lobes": 3,
      "density": 31,
      "scale": 1.169093314708686,
      "loop_exponent": 2.5
    }
  ]
}