{
  "product_id": "597957146547",
  "seed": 2471804322,
  "colors": [
    "#1EF1F2",
    "#DC4FDD",
    "#F6FA31"
  ],
  "shape_types": [
    "leaf",
    "loop",
    "arc"
  ],
  "size": 800,
  "per_shape": [
    {
      "index": 0,
      "color": "#1EF1F2",
      "shape": "leaf",
      "center": [
        0.11387172003929058,
        -0.3839960740688814
      ],
      "amp": 0.26805407516728463,
      "phase": 3.6842772436883644,
      "lobes": 2,
      "density": 33,
      "scale": 1.083870230547471,
      "leaf_type": "heart_polar_r=1-sin(theta+phase)"
    },
    {
      "index": 1,
      "color": "#DC4FDD",
      "shape": "loop",
      "center": [
        0.06484008486144183,
        -0.26830745808222123
      ],
      "amp": 0.2750624914689231,
      "phase": 4.82753387804411,
      "lobes": 2,
      "density": 35,
      "scale": 1.1147381943260735,
      "loop_exponent": 2.5
    },
    {
      "index": 2,
      "color": "#F6FA31",
      "shape": "arc",
      "center": [
        0.07101915304284834,
        0.1676607141607237
      ],
      "amp": 0.14640958204470944,
      "phase": 1.666364992460508,
      "lobes": 3,
      "density": 19,
      "scale": 1.1768601496634106
    }
  ]
}