{
  "product_id": "597957139461",
  "seed": 3240360487,
  "colors": [
    "#1EF1F2",
    "#DC4FDD",
    "#F6FA31"
  ],
  "shape_types": [
    "arc",
    "leaf",
    "oval"
  ],
  "size": 800,
  "per_shape": [
    {
      "index": 0,
      "color": "#1EF1F2",
      "shape": "arc",
      "center": [
        0.10537732472742023,
        -0.2492881029006555
      ],
      "amp": 0.10259365579983999,
      "phase": 4.634443279847769,
      "lobes": 3,
      "density": 28,
      "scale": 0.9650070528715002
    },
    {
      "index": 1,
      "color": "#DC4FDD",
      "shape": "leaf",
      "center": [
        -0.33719217389833683,
        -0.16826910006933604
      ],
      "amp": 0.10731268154178462,
      "phase": 3.130919176200661,
      "lobes": 4,
      "density": 26,
      "scale": 1.0850487389644428,
      "leaf_type": "heart_polar_r=1-sin(theta+phase)"
    },
    {
      "index": 2,
      "color": "#F6FA31",
      "shape": "oval",
      "center": [
        0.10981676160643494,
        -0.3178778134768582
      ],
      "amp": 0.050168024880142645,
      "phase": 1.9855721873542485,
      "lobes": 4,
      "density": 18,
      "scale": 1.0469691485382642,
      "oval_a": 1.2149786415672794,
      "oval_b": 0.7949465502899319
    }
  ]
}