{
  "product_id": "597957146455",
  "seed": 1728257280,
  "colors": [
    "#1EF1F2",
    "#DC4FDD",
    "#F6FA31"
  ],
  "shape_types": [
    "leaf",
    "arc",
    "oval"
  ],
  "size": 800,
  "per_shape": [
    {
      "index": 0,
      "color": "#1EF1F2",
      "shape": "leaf",
      "center": [
        -0.2558251832206655,
        -0.3344384008101541
      ],
      "amp": 0.1308430951818575,
      "phase": 5.438463910036297,
      "lobes": 4,
      "density": 23,
      "scale": 1.026765153372139,
      "leaf_type": "heart_polar_r=1-sin(theta+phase)"
    },
    {
      "index": 1,
      "color": "#DC4FDD",
      "shape": "arc",
      "center": [
        0.10360786685744972,
        0.12668574164408697
      ],
      "amp": 0.1059239538229911,
      "phase": 2.96710717583814,
      "lobes": 4,
      "density": 35,
      "scale": 0.9615970529635526
    },
    {
      "index": 2,
      "color": "#F6FA31",
      "shape": "oval",
      "center": [
        -0.1321338116596114,
        -0.2686902429600688
      ],
      "amp": 0.11858334215457846,
      "phase": 6.103279445347127,
      "lobes": 2,
      "density": 22,
      "scale": 0.839186801467871,
      "oval_a": 1.216306318424315,
      "oval_b": 0.7665830025392195
    }
  ]
}