{
  "product_id": "597957141277",
  "seed": 3447876914,
  "colors": [
    "#1EF1F2",
    "#DC4FDD",
    "#F6FA31"
  ],
  "shape_types": [
    "arc",
    "loop",
    "leaf"
  ],
  "size": 800,
  "per_shape": [
    {
      "index": 0,
      "color": "#1EF1F2",
      "shape": "arc",
      "center": [
        -0.20425022712079405,
        -0.12992245874825542
      ],
      "amp": 0.17489158094465224,
      "phase": 4.331989792865206,
      "lobes": 2,
      "density": 28,
      "scale": 1.1011226271606955
    },
    {
      "index": 1,
      "color": "#DC4FDD",
      "shape": "loop",
      "center": [
        -0.376231031569417,
        0.01575641459852567
      ],
      "amp": 0.14158891724141204,
      "phase": 6.238723576036753,
      "lobes": 3,
      "density": 32,
      "scale": 1.0842450857987467,
      "loop_exponent": 2.5
    },
    {
      "index": 2,
      "color": "#F6FA31",
      "shape": "leaf",
      "center": [
        0.23897173333262334,
        0.18287865647654988
      ],
      "amp": 0.09411937472891031,
      "phase": 5.402266236458486,
      "lobes": 4,
      "density": 27,
      "scale": 0.8590025840938467,
      "leaf_type": "heart_polar_r=1-sin(theta+phase)"
    }
  ]
}