{
  "product_id": "597957146265",
  "seed": 2565547355,
  "colors": [
    "#1EF1F2",
    "#DC4FDD",
    "#F6FA31"
  ],
  "shape_types": [
    "arc",
    "loop",
    "oval"
  ],
  "size": 800,
  "per_shape": [
    {
      "index": 0,
      "color": "#1EF1F2",
      "shape": "arc",
      "center": [
        -0.37518956776260376,
        -0.08001907934313135
      ],
      "amp": 0.060760067085065775,
      "phase": 0.5567736869871911,
      "lobes": 4,
      "density": 27,
      "scale": 0.8515627314708164
    },
    {
      "index": 1,
      "color": "#DC4FDD",
      "shape": "loop",
      "center": [
        -0.23483925042265855,
        0.20160929033481367
      ],
      "amp": 0.2413349544802369,
      "phase": 2.0110036154931406,
      "lobes": 4,
      "density": 20,
      "scale": 0.9697253072222888,
      "loop_exponent": 2.5
    },
    {
      "index": 2,
      "color": "#F6FA31",
      "shape": "oval",
      "center": [
        0.2938560197359833,
        -0.29091170900562546
      ],
      "amp": 0.2942562508551945,
      "phase": 4.165097832313446,
      "lobes": 2,
      "density": 18,
      "scale": 1.0144764142854061,
      "oval_a": 1.161300837006515,
      "oval_b": 0.8191634561432457
    }
  ]
}