{
  "product_id": "597957145189",
  "seed": 166005627,
  "colors": [
    "#1EF1F2",
    "#DC4FDD",
    "#F6FA31"
  ],
  "shape_types": [
    "leaf",
    "loop",
    "arc"
  ],
  "size": 800,
  "per_shape": [
    {
      "index": 0,
      "color": "#1EF1F2",
      "shape": "leaf",
      "center": [
        -0.16856524549598842,
        0.29763291180498974
      ],
      "amp": 0.2057353752875012,
      "phase": 1.8666413970106115,
      "lobes": 4,
      "density": 27,
      "scale": 0.8012276942617232,
      "leaf_type": "heart_polar_r=1-sin(theta+phase)"
    },
    {
      "index": 1,
      "color": "#DC4FDD",
      "shape": "loop",
      "center": [
        0.15054487703406005,
        0.13643344870036778
      ],
      "amp": 0.1085397206110678,
      "phase": 4.73495159501791,
      "lobes": 2,
      "density": 24,
      "scale": 1.183675163365023,
      "loop_exponent": 2.5
    },
    {
      "index": 2,
      "color": "#F6FA31",
      "shape": "arc",
      "center": [
        0.1923293809192247,
        0.019195892909033674
      ],
      "amp": 0.1849633637572332,
      "phase": 1.7658615258773465,
      "lobes": 3,
      "density": 24,
      "scale": 0.9257615568961525
    }
  ]
}