{
  "product_id": "597957145039",
  "seed": 1547471631,
  "colors": [
    "#1EF1F2",
    "#DC4FDD",
    "#F6FA31"
  ],
  "shape_types": [
    "leaf",
    "arc",
    "oval"
  ],
  "size": 800,
  "per_shape": [
    {
      "index": 0,
      "color": "#1EF1F2",
      "shape": "leaf",
      "center": [
        -0.29499080865982785,
        -0.35882129124273315
      ],
      "amp": 0.209397237951153,
      "phase": 2.193390039751159,
      "lobes": 2,
      "density": 23,
      "scale": 0.9724367944184101,
      "leaf_type": "heart_polar_r=1-sin(theta+phase)"
    },
    {
      "index": 1,
      "color": "#DC4FDD",
      "shape": "arc",
      "center": [
        0.14514746291673242,
        -0.23357451432633367
      ],
      "amp": 0.21467662678865823,
      "phase": 4.6854200602574245,
      "lobes": 2,
      "density": 27,
      "scale": 1.1923126641623574
    },
    {
      "index": 2,
      "color": "#F6FA31",
      "shape": "oval",
      "center": [
        0.09898985146024303,
        -0.16134006817412683
      ],
      "amp": 0.2558923357997491,
      "phase": 1.0464570976795273,
      "lobes": 3,
      "density": 19,
      "scale": 1.1995970913002236,
      "oval_a": 1.1669568658964817,
      "oval_b": 0.8574385403285684
    }
  ]
}