{
  "product_id": "597957141867",
  "seed": 4272747643,
  "colors": [
    "#1EF1F2",
    "#DC4FDD",
    "#F6FA31"
  ],
  "shape_types": [
    "loop",
    "arc",
    "oval"
  ],
  "size": 800,
  "per_shape": [
    {
      "index": 0,
      "color": "#1EF1F2",
      "shape": "loop",
      "center": [
        0.33497425149516447,
        0.18921176242461868
      ],
      "amp": 0.05347729432610519,
      "phase": 0.8720745170406382,
      "lobes": 3,
      "density": 26,
      "scale": 1.144108184225453,
      "loop_exponent": 2.5
    },
    {
      "index": 1,
      "color": "#DC4FDD",
      "shape": "arc",
      "center": [
        -0.015269874388391558,
        0.30148718119157747
      ],
      "amp": 0.08595406066785995,
      "phase": 5.118134925845655,
      "lobes": 3,
      "density": 21,
      "scale": 0.9771604280529643
    },
    {
      "index": 2,
      "color": "#F6FA31",
      "shape": "oval",
      "center": [
        -0.16256728008684895,
        -0.060592837176044356
      ],
      "amp": 0.09581139998396575,
      "phase": 2.0179878494735077,
      "lobes": 2,
      "density": 30,
      "scale": 1.072965285790415,
      "oval_a": 1.2492473391608967,
      "oval_b": 0.8508968387287603
    }
  ]
}