{
  "product_id": "597957146711",
  "seed": 1372882353,
  "colors": [
    "#1EF1F2",
    "#DC4FDD",
    "#F6FA31"
  ],
  "shape_types": [
    "loop",
    "oval",
    "arc"
  ],
  "size": 800,
  "per_shape": [
    {
      "index": 0,
      "color": "#1EF1F2",
      "shape": "loop",
      "center": [
        0.3703515707776762,
        0.0038340697839972515
      ],
      "amp": 0.2305100733876193,
      "phase": 2.0191448995713897,
      "lobes": 4,
      "density": 30,
      "scale": 1.0194943122348636,
      "loop_exponent": 2.5
    },
    {
      "index": 1,
      "color": "#DC4FDD",
      "shape": "oval",
      "center": [
        -0.24193539208994413,
        0.28920285745642604
      ],
      "amp": 0.21804150415039875,
      "phase": 0.8834695562920908,
      "lobes": 3,
      "density": 21,
      "scale": 0.8574791657290266,
      "oval_a": 1.2790227996918178,
      "oval_b": 0.8425732997526117
    },
    {
      "index": 2,
      "color": "#F6FA31",
      "shape": "arc",
      "center": [
        0.35960378484108446,
        -0.1955061731050476
      ],
      "amp": 0.26243616535593367,
      "phase": 5.532063068708672,
      "lobes": 4,
      "density": 30,
      "scale": 1.1613442937610414
    }
  ]
}