{
  "product_id": "597957147087",
  "seed": 2369860376,
  "colors": [
    "#1EF1F2",
    "#DC4FDD",
    "#F6FA31"
  ],
  "shape_types": [
    "arc",
    "oval",
    "loop"
  ],
  "size": 800,
  "per_shape": [
    {
      "index": 0,
      "color": "#1EF1F2",
      "shape": "arc",
      "center": [
        -0.15841104336701212,
        -0.38961987864589454
      ],
      "amp": 0.056750378927436326,
      "phase": 0.692095871701721,
      "lobes": 4,
      "density": 18,
      "scale": 1.1627746722150152
    },
    {
      "index": 1,
      "color": "#DC4FDD",
      "shape": "oval",
      "center": [
        -0.22061090293908947,
        0.012405010466835453
      ],
      "amp": 0.24865325829653345,
      "phase": 4.3608692335158254,
      "lobes": 2,
      "density": 31,
      "scale": 1.1592608477815938,
      "oval_a": 1.2966664500776652,
      "oval_b": 0.7905551165539086
    },
    {
      "index": 2,
      "color": "#F6FA31",
      "shape": "loop",
      "center": [
        -0.21291855169605337,
        -0.019565072373158743
      ],
      "amp": 0.10257254545337395,
      "phase": 0.8640508563244566,
      "lobes": 3,
      "density": 36,
      "scale": 0.8023449415125632,
      "loop_exponent": 2.5
    }
  ]
}