{
  "product_id": "597957141187",
  "seed": 505639992,
  "colors": [
    "#1EF1F2",
    "#DC4FDD",
    "#F6FA31"
  ],
  "shape_types": [
    "loop",
    "leaf",
    "arc"
  ],
  "size": 800,
  "per_shape": [
    {
      "index": 0,
      "color": "#1EF1F2",
      "shape": "loop",
      "center": [
        0.12183130530375741,
        -0.3896313405478856
      ],
      "amp": 0.29144459649621846,
      "phase": 5.6946600189758305,
      "lobes": 3,
      "density": 28,
      "scale": 1.0526417013089984,
      "loop_exponent": 2.5
    },
    {
      "index": 1,
      "color": "#DC4FDD",
      "shape": "leaf",
      "center": [
        -0.378181944077714,
        -0.2012328956838416
      ],
      "amp": 0.2455132281152867,
      "phase": 2.1605886026974126,
      "lobes": 3,
      "density": 29,
      "scale": 0.8121486890301148,
      "leaf_type": "heart_polar_r=1-sin(theta+phase)"
    },
    {
      "index": 2,
      "color": "#F6FA31",
      "shape": "arc",
      "center": [
        -0.240946015216979,
        -0.1421078977332524
      ],
      "amp": 0.19382237859760526,
      "phase": 0.8685466710579481,
      "lobes": 4,
      "density": 31,
      "scale": 0.8910566721715495
    }
  ]
}