{
  "product_id": "597957141329",
  "seed": 3941759569,
  "colors": [
    "#1EF1F2",
    "#DC4FDD",
    "#F6FA31"
  ],
  "shape_types": [
    "loop",
    "leaf",
    "oval"
  ],
  "size": 800,
  "per_shape": [
    {
      "index": 0,
      "color": "#1EF1F2",
      "shape": "loop",
      "center": [
        0.31729739362874443,
        0.16743277220178931
      ],
      "amp": 0.08234458901188267,
      "phase": 5.217690117704588,
      "lobes": 4,
      "density": 33,
      "scale": 1.0205339489346765,
      "loop_exponent": 2.5
    },
    {
      "index": 1,
      "color": "#DC4FDD",
      "shape": "leaf",
      "center": [
        0.24548723339097456,
        0.3207826669080899
      ],
      "amp": 0.11488122325697751,
      "phase": 3.7369022075499356,
      "lobes": 3,
      "density": 24,
      "scale": 1.0930757144107008,
      "leaf_type": "heart_polar_r=1-sin(theta+phase)"
    },
    {
      "index": 2,
      "color": "#F6FA31",
      "shape": "oval",
      "center": [
        -0.02191666016772037,
        -0.22549933639617503
      ],
      "amp": 0.2825218736681793,
      "phase": 0.03822876079571925,
      "lobes": 2,
      "density": 19,
      "scale": 1.1997916346250503,
      "oval_a": 1.299866646272394,
      "oval_b": 0.8687746522251822
    }
  ]
}