{
  "product_id": "597957139683",
  "seed": 4098705118,
  "colors": [
    "#1EF1F2",
    "#DC4FDD",
    "#F6FA31"
  ],
  "shape_types": [
    "leaf",
    "oval",
    "arc"
  ],
  "size": 800,
  "per_shape": [
    {
      "index": 0,
      "color": "#1EF1F2",
      "shape": "leaf",
      "center": [
        -0.14952437635362376,
        -0.03338447725390159
      ],
      "amp": 0.1755370675409706,
      "phase": 4.7976044947877945,
      "lobes": 2,
      "density": 36,
      "scale": 1.1328608021519722,
      "leaf_type": "heart_polar_r=1-sin(theta+phase)"
    },
    {
      "index": 1,
      "color": "#DC4FDD",
      "shape": "oval",
      "center": [
        -0.26253132941134083,
        -0.10415818615372796
      ],
      "amp": 0.17110466988540113,
      "phase": 3.314278208240214,
      "lobes": 3,
      "density": 23,
      "scale": 1.1981781445416835,
      "oval_a": 1.1521127526236838,
      "oval_b": 0.7330405369352944
    },
    {
      "index": 2,
      "color": "#F6FA31",
      "shape": "arc",
      "center": [
        -0.1334363840378709,
        0.33380067684789383
      ],
      "amp": 0.14232130908656593,
      "phase": 1.46108360156281,
      "lobes": 2,
      "density": 27,
      "scale": 1.1908391343894835
    }
  ]
}