{
  "product_id": "597957143913",
  "seed": 2709744618,
  "colors": [
    "#1EF1F2",
    "#DC4FDD",
    "#F6FA31"
  ],
  "shape_types": [
    "loop",
    "leaf",
    "oval"
  ],
  "size": 800,
  "per_shape": [
    {
      "index": 0,
      "color": "#1EF1F2",
      "shape": "loop",
      "center": [
        -0.2656240533590568,
        -0.21107779869270005
      ],
      "amp": 0.2780338508970531,
      "phase": 3.34257055394849,
      "lobes": 3,
      "density": 28,
      "scale": 0.9096594686970557,
      "loop_exponent": 2.5
    },
    {
      "index": 1,
      "color": "#DC4FDD",
      "shape": "leaf",
      "center": [
        0.01449545167942523,
        -0.11100139050729307
      ],
      "amp": 0.11199040211225046,
      "phase": 1.1993562728190392,
      "lobes": 2,
      "density": 31,
      "scale": 1.0540868883430836,
      "leaf_type": "heart_polar_r=1-sin(theta+phase)"
    },
    {
      "index": 2,
      "color": "#F6FA31",
      "shape": "oval",
      "center": [
        -0.23711654641340002,
        0.19946095080476256
      ],
      "amp": 0.05050259556663429,
      "phase": 5.648827190374094,
      "lobes": 2,
      "density": 31,
      "scale": 0.9453352031649167,
      "oval_a": 1.1528933412257436,
      "oval_b": 0.7637080036191325
    }
  ]
}