{
  "product_id": "597957147589",
  "seed": 1138510459,
  "colors": [
    "#1EF1F2",
    "#DC4FDD",
    "#F6FA31"
  ],
  "shape_types": [
    "loop",
    "arc",
    "oval"
  ],
  "size": 800,
  "per_shape": [
    {
      "index": 0,
      "color": "#1EF1F2",
      "shape": "loop",
      "center": [
        -0.26149189696607983,
        -0.16919742096066123
      ],
      "amp": 0.2178747191627517,
      "phase": 1.7676866364188648,
      "lobes": 3,
      "density": 35,
      "scale": 1.0015635502429516,
      "loop_exponent": 2.5
    },
    {
      "index": 1,
      "color": "#DC4FDD",
      "shape": "arc",
      "center": [
        -0.3499120149238231,
        0.030386856429538256
      ],
      "amp": 0.1953917240171349,
      "phase": 1.0577523919537655,
      "lobes": 3,
      "density": 23,
      "scale": 1.0259941768468601
    },
    {
      "index": 2,
      "color": "#F6FA31",
      "shape": "oval",
      "center": [
        -0.14743282913570138,
        -0.25426738559789264
      ],
      "amp": 0.243266104643802,
      "phase": 3.402124018916412,
      "lobes": 4,
      "density": 29,
      "scale": 0.9525992109590441,
      "oval_a": 1.2150825811089205,
      "oval_b": 0.8745534674516617
    }
  ]
}