{
  "product_id": "597957139909",
  "seed": 1499913474,
  "colors": [
    "#1EF1F2",
    "#DC4FDD",
    "#F6FA31"
  ],
  "shape_types": [
    "leaf",
    "arc",
    "oval"
  ],
  "size": 800,
  "per_shape": [
    {
      "index": 0,
      "color": "#1EF1F2",
      "shape": "leaf",
      "center": [
        -0.1844609098593656,
        -0.31163425341849244
      ],
      "amp": 0.13229489792523863,
      "phase": 3.156072724683689,
      "lobes": 3,
      "density": 36,
      "scale": 0.9852064706797784,
      "leaf_type": "heart_polar_r=1-sin(theta+phase)"
    },
    {
      "index": 1,
      "color": "#DC4FDD",
      "shape": "arc",
      "center": [
        -0.020392224328930397,
        -0.32085470443549124
      ],
      "amp": 0.12012778556680072,
      "phase": 4.89204806074643,
      "lobes": 2,
      "density": 33,
      "scale": 1.1345734550929134
    },
    {
      "index": 2,
      "color": "#F6FA31",
      "shape": "oval",
      "center": [
        0.2055230278257717,
        -0.23434308411261873
      ],
      "amp": 0.13111019102646765,
      "phase": 2.4438503061663854,
      "lobes": 2,
      "density": 35,
      "scale": 1.1414686795182791,
      "oval_a": 1.1488745571621102,
      "oval_b": 0.744424431978521
    }
  ]
}