{
  "product_id": "597957140903",
  "seed": 1974813426,
  "colors": [
    "#1EF1F2",
    "#DC4FDD",
    "#F6FA31"
  ],
  "shape_types": [
    "oval",
    "loop",
    "arc"
  ],
  "size": 800,
  "per_shape": [
    {
      "index": 0,
      "color": "#1EF1F2",
      "shape": "oval",
      "center": [
        -0.2633459541212826,
        -0.2710786864711441
      ],
      "amp": 0.11884621689439757,
      "phase": 2.038015209427684,
      "lobes": 2,
      "density": 23,
      "scale": 1.1759094220962285,
      "oval_a": 1.133056169075634,
      "oval_b": 0.7039280119083231
    },
    {
      "index": 1,
      "color": "#DC4FDD",
      "shape": "loop",
      "center": [
        0.2987047456323024,
        -0.2716235772905029
      ],
      "amp": 0.2509064968278521,
      "phase": 1.700951544487018,
      "lobes": 2,
      "density": 34,
      "scale": 1.069799386471716,
      "loop_exponent": 2.5
    },
    {
      "index": 2,
      "color": "#F6FA31",
      "shape": "arc",
      "center": [
        -0.3126733258666048,
        0.2360275513438559
      ],
      "amp": 0.2737557444878395,
      "phase": 0.5035333721030897,
      "lobes": 3,
      "density": 24,
      "scale": 0.9920289225775575
    }
  ]
}