{
  "product_id": "597957144351",
  "seed": 3801140541,
  "colors": [
    "#1EF1F2",
    "#DC4FDD",
    "#F6FA31"
  ],
  "shape_types": [
    "oval",
    "arc",
    "loop"
  ],
  "size": 800,
  "per_shape": [
    {
      "index": 0,
      "color": "#1EF1F2",
      "shape": "oval",
      "center": [
        -0.03939396536921691,
        0.39412151210380386
      ],
      "amp": 0.26891226705930965,
      "phase": 0.3879837164755966,
      "lobes": 4,
      "density": 18,
      "scale": 0.9964191183425087,
      "oval_a": 1.1010998700694292,
      "oval_b": 0.8093169595203762
    },
    {
      "index": 1,
      "color": "#DC4FDD",
      "shape": "arc",
      "center": [
        0.06957336600955255,
        0.11599096443291679
      ],
      "amp": 0.21276106095543124,
      "phase": 4.579980590764497,
      "lobes": 3,
      "density": 25,
      "scale": 1.047246537312107
    },
    {
      "index": 2,
      "color": "#F6FA31",
      "shape": "loop",
      "center": [
        -0.20609472470854612,
        -0.30455139503465045
      ],
      "amp": 0.14908437691212678,
      "phase": 2.520725705579729,
      "lobes": 3,
      "density": 29,
      "scale": 0.9327215525078153,
      "loop_exponent": 2.5
    }
  ]
}