{
  "product_id": "597957142769",
  "seed": 2500941472,
  "colors": [
    "#1EF1F2",
    "#DC4FDD",
    "#F6FA31"
  ],
  "shape_types": [
    "leaf",
    "arc",
    "loop"
  ],
  "size": 800,
  "per_shape": [
    {
      "index": 0,
      "color": "#1EF1F2",
      "shape": "leaf",
      "center": [
        -0.14440778490213096,
        0.09293701090408746
      ],
      "amp": 0.17641088017693984,
      "phase": 4.421792974146753,
      "lobes": 4,
      "density": 21,
      "scale": 0.9275787218356986,
      "leaf_type": "heart_polar_r=1-sin(theta+phase)"
    },
    {
      "index": 1,
      "color": "#DC4FDD",
      "shape": "arc",
      "center": [
        -0.02302100790112116,
        -0.3135799688399803
      ],
      "amp": 0.09951689283211966,
      "phase": 1.7955399465281254,
      "lobes": 2,
      "density": 24,
      "scale": 1.1640451317906753
    },
    {
      "index": 2,
      "color": "#F6FA31",
      "shape": "loop",
      "center": [
        0.1124440981452719,
        -0.19565345734516335
      ],
      "amp": 0.06866610979501912,
      "phase": 0.28436341005153254,
      "lobes": 2,
      "density": 23,
      "scale": 1.120471244413102,
      "loop_exponent": 2.5
    }
  ]
}