{
  "product_id": "597957148277",
  "seed": 1840868994,
  "colors": [
    "#1EF1F2",
    "#DC4FDD",
    "#F6FA31"
  ],
  "shape_types": [
    "oval",
    "leaf",
    "loop"
  ],
  "size": 800,
  "per_shape": [
    {
      "index": 0,
      "color": "#1EF1F2",
      "shape": "oval",
      "center": [
        0.22515907496277565,
        0.08189303995251473
      ],
      "amp": 0.25845546275544207,
      "phase": 0.14943237486698324,
      "lobes": 3,
      "density": 36,
      "scale": 0.9681191261015517,
      "oval_a": 1.2602825100843749,
      "oval_b": 0.8285675186983986
    },
    {
      "index": 1,
      "color": "#DC4FDD",
      "shape": "leaf",
      "center": [
        0.1282177689754842,
        0.33527345734870617
      ],
      "amp": 0.11644805833742035,
      "phase": 4.825930100267986,
      "lobes": 3,
      "density": 34,
      "scale": 0.9676834036053328,
      "leaf_type": "heart_polar_r=1-sin(theta+phase)"
    },
    {
      "index": 2,
      "color": "#F6FA31",
      "shape": "loop",
      "center": [
        -0.07009017001855328,
        -0.15328652195774142
      ],
      "amp": 0.2651442959644021,
      "phase": 6.154088637842914,
      "lobes": 4,
      "density": 36,
      "scale": 1.152917426174662,
      "loop_exponent": 2.5
    }
  ]
}