{
  "product_id": "597957147819",
  "seed": 700944470,
  "colors": [
    "#1EF1F2",
    "#DC4FDD",
    "#F6FA31"
  ],
  "shape_types": [
    "leaf",
    "oval",
    "arc"
  ],
  "size": 800,
  "per_shape": [
    {
      "index": 0,
      "color": "#1EF1F2",
      "shape": "leaf",
      "center": [
        -0.292320555295716,
        0.05799489188653073
      ],
      "amp": 0.15913739765074586,
      "phase": 1.052349720948206,
      "lobes": 3,
      "density": 30,
      "scale": 0.94074683824761,
      "leaf_type": "heart_polar_r=1-sin(theta+phase)"
    },
    {
      "index": 1,
      "color": "#DC4FDD",
      "shape": "oval",
      "center": [
        0.040715036027903495,
        0.09542507526888466
      ],
      "amp": 0.2813165570743014,
      "phase": 3.5289224349116943,
      "lobes": 4,
      "density": 34,
      "scale": 0.9994787196885933,
      "oval_a": 1.170730224188094,
      "oval_b": 0.8526767480477846
    },
    {
      "index": 2,
      "color": "#F6FA31",
      "shape": "arc",
      "center": [
        0.3272494920432365,
        0.004067133030692394
      ],
      "amp": 0.24519634405841984,
      "phase": 3.0932565567422814,
      "lobes": 2,
      "density": 32,
      "scale": 1.0448977207262566
    }
  ]
}