{
  "product_id": "597957138973",
  "seed": 1232695483,
  "colors": [
    "#1EF1F2",
    "#DC4FDD",
    "#F6FA31"
  ],
  "shape_types": [
    "loop",
    "leaf",
    "arc"
  ],
  "size": 800,
  "per_shape": [
    {
      "index": 0,
      "color": "#1EF1F2",
      "shape": "loop",
      "center": [
        0.1025085320161665,
        0.3859291191417682
      ],
      "amp": 0.15287083468757517,
      "phase": 0.05687350013514864,
      "lobes": 4,
      "density": 36,
      "scale": 0.8810948595532283,
      "loop_exponent": 2.5
    },
    {
      "index": 1,
      "color": "#DC4FDD",
      "shape": "leaf",
      "center": [
        -0.16427433067332986,
        -0.0052093748181122335
      ],
      "amp": 0.25629154457422326,
      "phase": 2.349857141947798,
      "lobes": 3,
      "density": 32,
      "scale": 1.0757475180264604,
      "leaf_type": "heart_polar_r=1-sin(theta+phase)"
    },
    {
      "index": 2,
      "color": "#F6FA31",
      "shape": "arc",
      "center": [
        0.08711127984896888,
        -0.28583254782102624
      ],
      "amp": 0.21930249098961985,
      "phase": 3.2508105407005323,
      "lobes": 4,
      "density": 32,
      "scale": 0.9172608822947418
    }
  ]
}