{
  "product_id": "597957144917",
  "seed": 256147280,
  "colors": [
    "#1EF1F2",
    "#DC4FDD",
    "#F6FA31"
  ],
  "shape_types": [
    "oval",
    "arc",
    "leaf"
  ],
  "size": 800,
  "per_shape": [
    {
      "index": 0,
      "color": "#1EF1F2",
      "shape": "oval",
      "center": [
        0.098171141134405,
        -0.34790298722754653
      ],
      "amp": 0.17791242285813536,
      "phase": 3.7294727859962595,
      "lobes": 2,
      "density": 22,
      "scale": 0.813620292235795,
      "oval_a": 1.1314528564291053,
      "oval_b": 0.7474736629462502
    },
    {
      "index": 1,
      "color": "#DC4FDD",
      "shape": "arc",
      "center": [
        -0.287656312026994,
        -0.007459489367260541
      ],
      "amp": 0.15206320720740324,
      "phase": 4.31373405422439,
      "lobes": 4,
      "density": 19,
      "scale": 0.9811336749622361
    },
    {
      "index": 2,
      "color": "#F6FA31",
      "shape": "leaf",
      "center": [
        -0.18909619035772476,
        -0.27527646913399234
      ],
      "amp": 0.16712968467604206,
      "phase": 2.0033338006184866,
      "lobes": 3,
      "density": 21,
      "scale": 0.8520225542064593,
      "leaf_type": "heart_polar_r=1-sin(theta+phase)"
    }
  ]
}