{
  "product_id": "597957146009",
  "seed": 1818703508,
  "colors": [
    "#1EF1F2",
    "#DC4FDD",
    "#F6FA31"
  ],
  "shape_types": [
    "arc",
    "loop",
    "oval"
  ],
  "size": 800,
  "per_shape": [
    {
      "index": 0,
      "color": "#1EF1F2",
      "shape": "arc",
      "center": [
        -0.2730506090361594,
        -0.3611186527593896
      ],
      "amp": 0.10754098071988645,
      "phase": 4.9004307744786395,
      "lobes": 2,
      "density": 21,
      "scale": 0.903091492146032
    },
    {
      "index": 1,
      "color": "#DC4FDD",
      "shape": "loop",
      "center": [
        0.3450738361020548,
        -0.2317091955871014
      ],
      "amp": 0.13043898387359865,
      "phase": 5.156061948620993,
      "lobes": 4,
      "density": 30,
      "scale": 0.9579059664954078,
      "loop_exponent": 2.5
    },
    {
      "index": 2,
      "color": "#F6FA31",
      "shape": "oval",
      "center": [
        0.1800048449248437,
        0.11756370630513213
      ],
      "amp": 0.22126343880253835,
      "phase": 1.3696754298349503,
      "lobes": 4,
      "density": 31,
      "scale": 1.1335225143773642,
      "oval_a": 1.2111792958001075,
      "oval_b": 0.8300485323836215
    }
  ]
}