{
  "product_id": "597957138899",
  "seed": 232800364,
  "colors": [
    "#1EF1F2",
    "#DC4FDD",
    "#F6FA31"
  ],
  "shape_types": [
    "leaf",
    "oval",
    "loop"
  ],
  "size": 800,
  "per_shape": [
    {
      "index": 0,
      "color": "#1EF1F2",
      "shape": "leaf",
      "center": [
        0.22500596957117647,
        0.19426195954438774
      ],
      "amp": 0.062235551794865215,
      "phase": 1.5495167213122572,
      "lobes": 2,
      "density": 28,
      "scale": 1.1372533600173775,
      "leaf_type": "heart_polar_r=1-sin(theta+phase)"
    },
    {
      "index": 1,
      "color": "#DC4FDD",
      "shape": "oval",
      "center": [
        0.24021860810966245,
        -0.24651653780476224
      ],
      "amp": 0.08399943759527408,
      "phase": 1.721682539682898,
      "lobes": 2,
      "density": 32,
      "scale": 1.064711571582721,
      "oval_a": 1.205695365011532,
      "oval_b": 0.7481868355099897
    },
    {
      "index": 2,
      "color": "#F6FA31",
      "shape": "loop",
      "center": [
        0.3223521268834243,
        -0.01634562078564572
      ],
      "amp": 0.24631665086303384,
      "phase": 2.8408956007064057,
      "lobes": 2,
      "density": 30,
      "scale": 0.9428743672495016,
      "loop_exponent": 2.5
    }
  ]
}