{
  "product_id": "597957140519",
  "seed": 4032666933,
  "colors": [
    "#1EF1F2",
    "#DC4FDD",
    "#F6FA31"
  ],
  "shape_types": [
    "arc",
    "loop",
    "leaf"
  ],
  "size": 800,
  "per_shape": [
    {
      "index": 0,
      "color": "#1EF1F2",
      "shape": "arc",
      "center": [
        0.3278723966406206,
        0.08202066725186674
      ],
      "amp": 0.14705506717596795,
      "phase": 5.051969273469704,
      "lobes": 3,
      "density": 35,
      "scale": 1.0204787934756891
    },
    {
      "index": 1,
      "color": "#DC4FDD",
      "shape": "loop",
      "center": [
        0.14140989250731018,
        0.25822413554818335
      ],
      "amp": 0.2700418343971034,
      "phase": 2.6886963113169884,
      "lobes": 3,
      "density": 23,
      "scale": 1.079974318596631,
      "loop_exponent": 2.5
    },
    {
      "index": 2,
      "color": "#F6FA31",
      "shape": "leaf",
      "center": [
        -0.24591551560980066,
        -0.34870877719763166
      ],
      "amp": 0.25494548195011524,
      "phase": 1.198172724420544,
      "lobes": 3,
      "density": 36,
      "scale": 1.050734152668316,
      "leaf_type": "heart_polar_r=1-sin(theta+phase)"
    }
  ]
}