{
  "product_id": "597957148125",
  "seed": 3606005505,
  "colors": [
    "#1EF1F2",
    "#DC4FDD",
    "#F6FA31"
  ],
  "shape_types": [
    "loop",
    "oval",
    "arc"
  ],
  "size": 800,
  "per_shape": [
    {
      "index": 0,
      "color": "#1EF1F2",
      "shape": "loop",
      "center": [
        0.06411362783620228,
        -0.33986477784730296
      ],
      "amp": 0.28300558708860557,
      "phase": 5.297592363683039,
      "lobes": 3,
      "density": 20,
      "scale": 1.0446194566062394,
      "loop_exponent": 2.5
    },
    {
      "index": 1,
      "color": "#DC4FDD",
      "shape": "oval",
      "center": [
        -0.38147191985006945,
        -0.32529498779116806
      ],
      "amp": 0.10633060678398519,
      "phase": 3.953237421430162,
      "lobes": 2,
      "density": 29,
      "scale": 0.9013303966777514,
      "oval_a": 1.236340317562199,
      "oval_b": 0.8634371364478156
    },
    {
      "index": 2,
      "color": "#F6FA31",
      "shape": "arc",
      "center": [
        -0.31609085743508825,
        0.2474955033775158
      ],
      "amp": 0.12314760433442894,
      "phase": 5.911433188243611,
      "lobes": 3,
      "density": 29,
      "scale": 0.8107237010174786
    }
  ]
}