{
  "product_id": "597957142051",
  "seed": 4177478941,
  "colors": [
    "#1EF1F2",
    "#DC4FDD",
    "#F6FA31"
  ],
  "shape_types": [
    "leaf",
    "oval",
    "loop"
  ],
  "size": 800,
  "per_shape": [
    {
      "index": 0,
      "color": "#1EF1F2",
      "shape": "leaf",
      "center": [
        0.05848601865119418,
        -0.26591197860190513
      ],
      "amp": 0.12986155143077982,
      "phase": 2.1279770952043395,
      "lobes": 4,
      "density": 34,
      "scale": 0.9351437120975863,
      "leaf_type": "heart_polar_r=1-sin(theta+phase)"
    },
    {
      "index": 1,
      "color": "#DC4FDD",
      "shape": "oval",
      "center": [
        0.34949612184562107,
        -0.19003917767800038
      ],
      "amp": 0.11096146241413714,
      "phase": 2.999807893191985,
      "lobes": 3,
      "density": 34,
      "scale": 1.1854105740913985,
      "oval_a": 1.201471482950771,
      "oval_b": 0.7735705487577627
    },
    {
      "index": 2,
      "color": "#F6FA31",
      "shape": "loop",
      "center": [
        0.14132720866010962,
        0.29387716228649996
      ],
      "amp": 0.17824975991928055,
      "phase": 4.179643546283401,
      "lobes": 2,
      "density": 27,
      "scale": 0.9534039850610304,
      "loop_exponent": 2.5
    }
  ]
}