{
  "product_id": "597957146157",
  "seed": 2148631389,
  "colors": [
    "#1EF1F2",
    "#DC4FDD",
    "#F6FA31"
  ],
  "shape_types": [
    "oval",
    "leaf",
    "loop"
  ],
  "size": 800,
  "per_shape": [
    {
      "index": 0,
      "color": "#1EF1F2",
      "shape": "oval",
      "center": [
        -0.035770060274312176,
        -0.3849218753528564
      ],
      "amp": 0.1780137442706623,
      "phase": 2.7084219364103737,
      "lobes": 4,
      "density": 29,
      "scale": 0.9173020402953626,
      "oval_a": 1.1661617203571506,
      "oval_b": 0.8362903087604407
    },
    {
      "index": 1,
      "color": "#DC4FDD",
      "shape": "leaf",
      "center": [
        0.14216404502728086,
        -0.04330290214081228
      ],
      "amp": 0.22847957154303444,
      "phase": 1.116826165899249,
      "lobes": 4,
      "density": 34,
      "scale": 0.904548372630766,
      "leaf_type": "heart_polar_r=1-sin(theta+phase)"
    },
    {
      "index": 2,
      "color": "#F6FA31",
      "shape": "loop",
      "center": [
        0.24964543978307574,
        0.0839689659094523
      ],
      "amp": 0.06373062219879601,
      "phase": 5.874545424688066,
      "lobes": 2,
      "density": 32,
      "scale": 0.8485287693596352,
      "loop_exponent": 2.5
    }
  ]
}