{
  "product_id": "597957140313",
  "seed": 999409039,
  "colors": [
    "#1EF1F2",
    "#DC4FDD",
    "#F6FA31"
  ],
  "shape_types": [
    "loop",
    "arc",
    "leaf"
  ],
  "size": 800,
  "per_shape": [
    {
      "index": 0,
      "color": "#1EF1F2",
      "shape": "loop",
      "center": [
        -0.21525197539081198,
        -0.19893628737397667
      ],
      "amp": 0.2652058721438574,
      "phase": 3.0877877967017016,
      "lobes": 2,
      "density": 34,
      "scale": 0.803609745678751,
      "loop_exponent": 2.5
    },
    {
      "index": 1,
      "color": "#DC4FDD",
      "shape": "arc",
      "center": [
        -0.3341649857030029,
        -0.12945386473532494
      ],
      "amp": 0.15400120712533122,
      "phase": 2.4739608489791083,
      "lobes": 3,
      "density": 26,
      "scale": 0.8545083758215969
    },
    {
      "index": 2,
      "color": "#F6FA31",
      "shape": "leaf",
      "center": [
        -0.253734825939921,
        0.35261290603531836
      ],
      "amp": 0.08922971233878314,
      "phase": 0.9599196287641231,
      "lobes": 3,
      "density": 29,
      "scale": 0.809745121890256,
      "leaf_type": "heart_polar_r=1-sin(theta+phase)"
    }
  ]
}