{
  "product_id": "597957143207",
  "seed": 493858717,
  "colors": [
    "#1EF1F2",
    "#DC4FDD",
    "#F6FA31"
  ],
  "shape_types": [
    "oval",
    "leaf",
    "loop"
  ],
  "size": 800,
  "per_shape": [
    {
      "index": 0,
      "color": "#1EF1F2",
      "shape": "oval",
      "center": [
        -0.18103647679217627,
        0.22896320876577902
      ],
      "amp": 0.2034244565480854,
      "phase": 3.976122424423243,
      "lobes": 3,
      "density": 34,
      "scale": 0.8182908339468192,
      "oval_a": 1.2122370800657425,
      "oval_b": 0.8678424768576757
    },
    {
      "index": 1,
      "color": "#DC4FDD",
      "shape": "leaf",
      "center": [
        0.28229545856568217,
        0.08470653358061397
      ],
      "amp": 0.21406663092583922,
      "phase": 1.5770315124017258,
      "lobes": 3,
      "density": 23,
      "scale": 1.1737377301403344,
      "leaf_type": "heart_polar_r=1-sin(theta+phase)"
    },
    {
      "index": 2,
      "color": "#F6FA31",
      "shape": "loop",
      "center": [
        -0.009200739821862203,
        0.04826937206683979
      ],
      "amp": 0.29468025572449197,
      "phase": 0.21992512972373512,
      "lobes": 3,
      "density": 26,
      "scale": 0.8934253359273825,
      "loop_exponent": 2.5
    }
  ]
}