{
  "product_id": "597957146005",
  "seed": 1740486362,
  "colors": [
    "#1EF1F2",
    "#DC4FDD",
    "#F6FA31"
  ],
  "shape_types": [
    "loop",
    "oval",
    "leaf"
  ],
  "size": 800,
  "per_shape": [
    {
      "index": 0,
      "color": "#1EF1F2",
      "shape": "loop",
      "center": [
        -0.16309785886481853,
        0.19771484130545502
      ],
      "amp": 0.2762235848209993,
      "phase": 4.600411925487279,
      "lobes": 2,
      "density": 18,
      "scale": 0.8275937067107255,
      "loop_exponent": 2.5
    },
    {
      "index": 1,
      "color": "#DC4FDD",
      "shape": "oval",
      "center": [
        0.08534951979949845,
        0.177093477073894
      ],
      "amp": 0.05203658087795367,
      "phase": 3.7903838311690463,
      "lobes": 2,
      "density": 33,
      "scale": 0.9729280188406055,
      "oval_a": 1.238523529704129,
      "oval_b": 0.8286447520397068
    },
    {
      "index": 2,
      "color": "#F6FA31",
      "shape": "leaf",
      "center": [
        0.1426308860108172,
        0.26509653526142707
      ],
      "amp": 0.05798220689092358,
      "phase": 6.084326066376435,
      "lobes": 4,
      "density": 29,
      "scale": 0.8762619614243533,
      "leaf_type": "heart_polar_r=1-sin(theta+phase)"
    }
  ]
}