{
  "product_id": "597957144043",
  "seed": 1965748663,
  "colors": [
    "#1EF1F2",
    "#DC4FDD",
    "#F6FA31"
  ],
  "shape_types": [
    "leaf",
    "oval",
    "arc"
  ],
  "size": 800,
  "per_shape": [
    {
      "index": 0,
      "color": "#1EF1F2",
      "shape": "leaf",
      "center": [
        -0.14531626418903187,
        -0.3433149298913889
      ],
      "amp": 0.10339072443863444,
      "phase": 4.444912552012817,
      "lobes": 4,
      "density": 25,
      "scale": 0.8938510836196791,
      "leaf_type": "heart_polar_r=1-sin(theta+phase)"
    },
    {
      "index": 1,
      "color": "#DC4FDD",
      "shape": "oval",
      "center": [
        0.13546282099196394,
        -0.012061625869849102
      ],
      "amp": 0.2812204696282649,
      "phase": 2.8356776797948844,
      "lobes": 4,
      "density": 28,
      "scale": 0.9142165211244193,
      "oval_a": 1.2588976712542879,
      "oval_b": 0.725298562292941
    },
    {
      "index": 2,
      "color": "#F6FA31",
      "shape": "arc",
      "center": [
        -0.2704549363268327,
        0.2552345716833221
      ],
      "amp": 0.2327500980967594,
      "phase": 5.31802887257674,
      "lobes": 2,
      "density": 21,
      "scale": 0.8176443715308973
    }
  ]
}