{
  "product_id": "597957141955",
  "seed": 1827735111,
  "colors": [
    "#1EF1F2",
    "#DC4FDD",
    "#F6FA31"
  ],
  "shape_types": [
    "arc",
    "loop",
    "oval"
  ],
  "size": 800,
  "per_shape": [
    {
      "index": 0,
      "color": "#1EF1F2",
      "shape": "arc",
      "center": [
        0.18006432621126112,
        -0.3722221141951635
      ],
      "amp": 0.20607343997006045,
      "phase": 5.585388327241908,
      "lobes": 2,
      "density": 31,
      "scale": 0.9966992274746274
    },
    {
      "index": 1,
      "color": "#DC4FDD",
      "shape": "loop",
      "center": [
        -0.1544049816593761,
        0.08754297577990144
      ],
      "amp": 0.17930513139746385,
      "phase": 0.5204623413777222,
      "lobes": 3,
      "density": 19,
      "scale": 1.162106715032153,
      "loop_exponent": 2.5
    },
    {
      "index": 2,
      "color": "#F6FA31",
      "shape": "oval",
      "center": [
        -0.3186870710679139,
        0.1319316649679554
      ],
      "amp": 0.12954869187222307,
      "phase": 1.5735030615966596,
      "lobes": 3,
      "density": 27,
      "scale": 0.8290095047228215,
      "oval_a": 1.2846675376183003,
      "oval_b": 0.7819615839600661
    }
  ]
}