{
  "product_id": "597957142401",
  "seed": 3362227994,
  "colors": [
    "#1EF1F2",
    "#DC4FDD",
    "#F6FA31"
  ],
  "shape_types": [
    "arc",
    "oval",
    "leaf"
  ],
  "size": 800,
  "per_shape": [
    {
      "index": 0,
      "color": "#1EF1F2",
      "shape": "arc",
      "center": [
        0.2625626726747958,
        0.14943758064533552
      ],
      "amp": 0.11657527019908208,
      "phase": 3.124742316179198,
      "lobes": 2,
      "density": 19,
      "scale": 0.8746456339739332
    },
    {
      "index": 1,
      "color": "#DC4FDD",
      "shape": "oval",
      "center": [
        0.12708033641192507,
        0.36114508239657417
      ],
      "amp": 0.22890032027707186,
      "phase": 3.3782980396898545,
      "lobes": 3,
      "density": 35,
      "scale": 1.0295583695401125,
      "oval_a": 1.254361376225089,
      "oval_b": 0.7098336152633155
    },
    {
      "index": 2,
      "color": "#F6FA31",
      "shape": "leaf",
      "center": [
        0.16082075411829821,
        -0.15057426458458237
      ],
      "amp": 0.19070322882409718,
      "phase": 4.869139787066893,
      "lobes": 2,
      "density": 21,
      "scale": 0.9667335445050451,
      "leaf_type": "heart_polar_r=1-sin(theta+phase)"
    }
  ]
}