{
  "product_id": "597957145255",
  "seed": 3346829197,
  "colors": [
    "#1EF1F2",
    "#DC4FDD",
    "#F6FA31"
  ],
  "shape_types": [
    "oval",
    "loop",
    "arc"
  ],
  "size": 800,
  "per_shape": [
    {
      "index": 0,
      "color": "#1EF1F2",
      "shape": "oval",
      "center": [
        -0.017065833125479823,
        -0.17672433244791375
      ],
      "amp": 0.2949411702685654,
      "phase": 1.0451209181288519,
      "lobes": 2,
      "density": 26,
      "scale": 0.9260661457211106,
      "oval_a": 1.23716747190457,
      "oval_b": 0.8598380792777366
    },
    {
      "index": 1,
      "color": "#DC4FDD",
      "shape": "loop",
      "center": [
        0.14863022747827137,
        0.006500005589608726
      ],
      "amp": 0.28898755807279247,
      "phase": 1.7930071500705944,
      "lobes": 4,
      "density": 20,
      "scale": 0.8026412796895306,
      "loop_exponent": 2.5
    },
    {
      "index": 2,
      "color": "#F6FA31",
      "shape": "arc",
      "center": [
        0.022925782444514486,
        -0.09729890461124358
      ],
      "amp": 0.0864469385302641,
      "phase": 1.4964452025889632,
      "lobes": 3,
      "density": 20,
      "scale": 1.1534031107073246
    }
  ]
}