{
  "product_id": "597957146377",
  "seed": 2511393735,
  "colors": [
    "#1EF1F2",
    "#DC4FDD",
    "#F6FA31"
  ],
  "shape_types": [
    "arc",
    "leaf",
    "oval"
  ],
  "size": 800,
  "per_shape": [
    {
      "index": 0,
      "color": "#1EF1F2",
      "shape": "arc",
      "center": [
        -0.06870229712346365,
        0.2071199710449324
      ],
      "amp": 0.24510017153476732,
      "phase": 2.3049690898686896,
      "lobes": 2,
      "density": 22,
      "scale": 1.0772206374732831
    },
    {
      "index": 1,
      "color": "#DC4FDD",
      "shape": "leaf",
      "center": [
        0.28001125128547666,
        -0.2509170160068058
      ],
      "amp": 0.10478175159642915,
      "phase": 0.016911872372782726,
      "lobes": 2,
      "density": 36,
      "scale": 1.0487669983770749,
      "leaf_type": "heart_polar_r=1-sin(theta+phase)"
    },
    {
      "index": 2,
      "color": "#F6FA31",
      "shape": "oval",
      "center": [
        0.1396189117290244,
        0.043932986026985255
      ],
      "amp": 0.06074838814583626,
      "phase": 2.733152684379022,
      "lobes": 2,
      "density": 18,
      "scale": 0.8027726561648125,
      "oval_a": 1.2889473713698547,
      "oval_b": 0.7374436638297002
    }
  ]
}