{
  "product_id": "597957139159",
  "seed": 1428352271,
  "colors": [
    "#1EF1F2",
    "#DC4FDD",
    "#F6FA31"
  ],
  "shape_types": [
    "oval",
    "leaf",
    "arc"
  ],
  "size": 800,
  "per_shape": [
    {
      "index": 0,
      "color": "#1EF1F2",
      "shape": "oval",
      "center": [
        0.019345684919741646,
        0.25252834300539584
      ],
      "amp": 0.09662651238828092,
      "phase": 4.318172622894372,
      "lobes": 3,
      "density": 28,
      "scale": 0.817496208529362,
      "oval_a": 1.1988525107695178,
      "oval_b": 0.8560700037078223
    },
    {
      "index": 1,
      "color": "#DC4FDD",
      "shape": "leaf",
      "center": [
        0.1099207953717225,
        -0.08318025355959852
      ],
      "amp": 0.28805844227455785,
      "phase": 1.2759837647670904,
      "lobes": 3,
      "density": 21,
      "scale": 0.8465558855887242,
      "leaf_type": "heart_polar_r=1-sin(theta+phase)"
    },
    {
      "index": 2,
      "color": "#F6FA31",
      "shape": "arc",
      "center": [
        -0.28740161881841164,
        0.2107606865900945
      ],
      "amp": 0.0503286295587,
      "phase": 4.932832651320131,
      "lobes": 2,
      "density": 20,
      "scale": 0.928960814217859
    }
  ]
}