{
  "product_id": "597957141129",
  "seed": 3620938526,
  "colors": [
    "#1EF1F2",
    "#DC4FDD",
    "#F6FA31"
  ],
  "shape_types": [
    "loop",
    "leaf",
    "arc"
  ],
  "size": 800,
  "per_shape": [
    {
      "index": 0,
      "color": "#1EF1F2",
      "shape": "loop",
      "center": [
        -0.20434775078598025,
        0.30283575783879335
      ],
      "amp": 0.24683393076784133,
      "phase": 0.33292940693709344,
      "lobes": 3,
      "density": 24,
      "scale": 1.0217394493413265,
      "loop_exponent": 2.5
    },
    {
      "index": 1,
      "color": "#DC4FDD",
      "shape": "leaf",
      "center": [
        0.03804687249291289,
        0.3455092277991004
      ],
      "amp": 0.09589104007861081,
      "phase": 0.835052129245752,
      "lobes": 2,
      "density": 30,
      "scale": 1.1522894009280809,
      "leaf_type": "heart_polar_r=1-sin(theta+phase)"
    },
    {
      "index": 2,
      "color": "#F6FA31",
      "shape": "arc",
      "center": [
        -0.11119085082790114,
        0.20290497612594482
      ],
      "amp": 0.0982125005564858,
      "phase": 2.8285180556391736,
      "lobes": 4,
      "density": 19,
      "scale": 1.0197493190429665
    }
  ]
}