{
  "product_id": "597957139271",
  "seed": 407723957,
  "colors": [
    "#1EF1F2",
    "#DC4FDD",
    "#F6FA31"
  ],
  "shape_types": [
    "oval",
    "arc",
    "loop"
  ],
  "size": 800,
  "per_shape": [
    {
      "index": 0,
      "color": "#1EF1F2",
      "shape": "oval",
      "center": [
        0.11068992189484705,
        -0.19902643228823136
      ],
      "amp": 0.27979636931239243,
      "phase": 5.900181463481715,
      "lobes": 4,
      "density": 34,
      "scale": 1.0534446259864096,
      "oval_a": 1.1695489086115851,
      "oval_b": 0.7858849453630325
    },
    {
      "index": 1,
      "color": "#DC4FDD",
      "shape": "arc",
      "center": [
        0.053176095210958896,
        0.2888840512410087
      ],
      "amp": 0.128777503598958,
      "phase": 5.733529241170499,
      "lobes": 3,
      "density": 22,
      "scale": 0.9844862199762683
    },
    {
      "index": 2,
      "color": "#F6FA31",
      "shape": "loop",
      "center": [
        -0.3967153964426084,
        -0.0016004500342876038
      ],
      "amp": 0.1448964806507867,
      "phase": 2.352157850991307,
      "lobes": 4,
      "density": 34,
      "scale": 0.861875222544604,
      "loop_exponent": 2.5
    }
  ]
}