{
  "product_id": "597957146613",
  "seed": 1573958524,
  "colors": [
    "#1EF1F2",
    "#DC4FDD",
    "#F6FA31"
  ],
  "shape_types": [
    "arc",
    "loop",
    "oval"
  ],
  "size": 800,
  "per_shape": [
    {
      "index": 0,
      "color": "#1EF1F2",
      "shape": "arc",
      "center": [
        0.18182377082134982,
        0.13979238644261582
      ],
      "amp": 0.21969800158235048,
      "phase": 1.008540933622533,
      "lobes": 2,
      "density": 26,
      "scale": 1.1304089017650871
    },
    {
      "index": 1,
      "color": "#DC4FDD",
      "shape": "loop",
      "center": [
        0.10784721573052658,
        0.293137154459269
      ],
      "amp": 0.27580114177392695,
      "phase": 3.1689750491681696,
      "lobes": 3,
      "density": 34,
      "scale": 0.9430460734618513,
      "loop_exponent": 2.5
    },
    {
      "index": 2,
      "color": "#F6FA31",
      "shape": "oval",
      "center": [
        0.3430943022852615,
        0.32609871028503346
      ],
      "amp": 0.21465842490437193,
      "phase": 4.0315054959516035,
      "lobes": 4,
      "density": 27,
      "scale": 0.8315839334710915,
      "oval_a": 1.1767679385638197,
      "oval_b": 0.8385307182185662
    }
  ]
}