{
  "product_id": "597957139139",
  "seed": 188241542,
  "colors": [
    "#1EF1F2",
    "#DC4FDD",
    "#F6FA31"
  ],
  "shape_types": [
    "oval",
    "arc",
    "loop"
  ],
  "size": 800,
  "per_shape": [
    {
      "index": 0,
      "color": "#1EF1F2",
      "shape": "oval",
      "center": [
        -0.39473727763297783,
        0.0701636781468607
      ],
      "amp": 0.1974596301875386,
      "phase": 1.3505645840921272,
      "lobes": 2,
      "density": 27,
      "scale": 0.8746103051430695,
      "oval_a": 1.2895197325897705,
      "oval_b": 0.7155533409479053
    },
    {
      "index": 1,
      "color": "#DC4FDD",
      "shape": "arc",
      "center": [
        -0.2731100445999517,
        0.10159176678708182
      ],
      "amp": 0.1607022229536832,
      "phase": 3.0605490709189214,
      "lobes": 4,
      "density": 30,
      "scale": 0.978366609443447
    },
    {
      "index": 2,
      "color": "#F6FA31",
      "shape": "loop",
      "center": [
        -0.15996992136362975,
        0.09586255157017154
      ],
      "amp": 0.177543188802611,
      "phase": 1.6425006470494499,
      "lobes": 3,
      "density": 30,
      "scale": 1.1432776254757027,
      "loop_exponent": 2.5
    }
  ]
}