{
  "product_id": "597957138883",
  "seed": 2790174661,
  "colors": [
    "#1EF1F2",
    "#DC4FDD",
    "#F6FA31"
  ],
  "shape_types": [
    "oval",
    "leaf",
    "arc"
  ],
  "size": 800,
  "per_shape": [
    {
      "index": 0,
      "color": "#1EF1F2",
      "shape": "oval",
      "center": [
        0.24864503274337246,
        -0.3370282544844252
      ],
      "amp": 0.246197776538232,
      "phase": 3.034445406920554,
      "lobes": 4,
      "density": 18,
      "scale": 1.0785118895832764,
      "oval_a": 1.1729312878983453,
      "oval_b": 0.8185138256621579
    },
    {
      "index": 1,
      "color": "#DC4FDD",
      "shape": "leaf",
      "center": [
        0.13101737129454105,
        0.31263655735863016
      ],
      "amp": 0.12634799666203472,
      "phase": 0.5288732468739584,
      "lobes": 2,
      "density": 32,
      "scale": 0.8223961975326267,
      "leaf_type": "heart_polar_r=1-sin(theta+phase)"
    },
    {
      "index": 2,
      "color": "#F6FA31",
      "shape": "arc",
      "center": [
        -0.16019735989663275,
        -0.3719668623868644
      ],
      "amp": 0.21699628360831313,
      "phase": 5.9641679653850685,
      "lobes": 3,
      "density": 34,
      "scale": 0.9909921523657821
    }
  ]
}