{
  "product_id": "597957139791",
  "seed": 3109481476,
  "colors": [
    "#1EF1F2",
    "#DC4FDD",
    "#F6FA31"
  ],
  "shape_types": [
    "oval",
    "leaf",
    "loop"
  ],
  "size": 800,
  "per_shape": [
    {
      "index": 0,
      "color": "#1EF1F2",
      "shape": "oval",
      "center": [
        0.10535822542278273,
        -0.17990923038044998
      ],
      "amp": 0.1985167494782737,
      "phase": 1.1011585313465593,
      "lobes": 3,
      "density": 31,
      "scale": 1.1264089795010146,
      "oval_a": 1.2117482420800154,
      "oval_b": 0.8694277801953842
    },
    {
      "index": 1,
      "color": "#DC4FDD",
      "shape": "leaf",
      "center": [
        -0.2568018617937461,
        0.20640515479542587
      ],
      "amp": 0.09887572054810316,
      "phase": 3.00210175428996,
      "lobes": 4,
      "density": 35,
      "scale": 0.9028514374603335,
      "leaf_type": "heart_polar_r=1-sin(theta+phase)"
    },
    {
      "index": 2,
      "color": "#F6FA31",
      "shape": "loop",
      "center": [
        0.06582293582897475,
        0.2972595560361254
      ],
      "amp": 0.22443487783135896,
      "phase": 5.752534740934794,
      "lobes": 4,
      "density": 35,
      "scale": 1.1095766638773534,
      "loop_exponent": 2.5
    }
  ]
}