{
  "product_id": "597957140939",
  "seed": 1273768396,
  "colors": [
    "#1EF1F2",
    "#DC4FDD",
    "#F6FA31"
  ],
  "shape_types": [
    "oval",
    "arc",
    "loop"
  ],
  "size": 800,
  "per_shape": [
    {
      "index": 0,
      "color": "#1EF1F2",
      "shape": "oval",
      "center": [
        0.08018016428196068,
        0.03042417646466944
      ],
      "amp": 0.19986951824988658,
      "phase": 1.692792249807026,
      "lobes": 3,
      "density": 27,
      "scale": 0.8494209100071428,
      "oval_a": 1.2448917749959465,
      "oval_b": 0.8515372727987705
    },
    {
      "index": 1,
      "color": "#DC4FDD",
      "shape": "arc",
      "center": [
        0.05148425914283428,
        -0.29001282823322516
      ],
      "amp": 0.29060071597870485,
      "phase": 2.2136728775923262,
      "lobes": 4,
      "density": 33,
      "scale": 0.8320965878491522
    },
    {
      "index": 2,
      "color": "#F6FA31",
      "shape": "loop",
      "center": [
        0.2624037795486095,
        0.14797506353603684
      ],
      "amp": 0.07321308535081529,
      "phase": 3.4568543101337954,
      "lobes": 4,
      "density": 25,
      "scale": 0.9094901971185464,
      "loop_exponent": 2.5
    }
  ]
}