{
  "product_id": "597957142143",
  "seed": 2015987953,
  "colors": [
    "#1EF1F2",
    "#DC4FDD",
    "#F6FA31"
  ],
  "shape_types": [
    "loop",
    "leaf",
    "oval"
  ],
  "size": 800,
  "per_shape": [
    {
      "index": 0,
      "color": "#1EF1F2",
      "shape": "loop",
      "center": [
        0.1517464163323723,
        -0.09755390033716926
      ],
      "amp": 0.15026307529969862,
      "phase": 1.5926918355446587,
      "lobes": 3,
      "density": 22,
      "scale": 1.1770529007378583,
      "loop_exponent": 2.5
    },
    {
      "index": 1,
      "color": "#DC4FDD",
      "shape": "leaf",
      "center": [
        0.12286142901355224,
        0.10143104520289592
      ],
      "amp": 0.08412847525985727,
      "phase": 3.318243013979165,
      "lobes": 4,
      "density": 36,
      "scale": 0.8883252068113102,
      "leaf_type": "heart_polar_r=1-sin(theta+phase)"
    },
    {
      "index": 2,
      "color": "#F6FA31",
      "shape": "oval",
      "center": [
        -0.04110710181759575,
        0.15562811668405885
      ],
      "amp": 0.2166146683113459,
      "phase": 4.417430631327404,
      "lobes": 3,
      "density": 23,
      "scale": 0.8065938882148838,
      "oval_a": 1.164184523962691,
      "oval_b": 0.8716907638564801
    }
  ]
}