{
  "product_id": "597957146249",
  "seed": 1537794417,
  "colors": [
    "#1EF1F2",
    "#DC4FDD",
    "#F6FA31"
  ],
  "shape_types": [
    "leaf",
    "loop",
    "arc"
  ],
  "size": 800,
  "per_shape": [
    {
      "index": 0,
      "color": "#1EF1F2",
      "shape": "leaf",
      "center": [
        -0.14078049174383817,
        -0.14196417667673622
      ],
      "amp": 0.10403653424475852,
      "phase": 3.4820984111209135,
      "lobes": 3,
      "density": 35,
      "scale": 0.9189919255835336,
      "leaf_type": "heart_polar_r=1-sin(theta+phase)"
    },
    {
      "index": 1,
      "color": "#DC4FDD",
      "shape": "loop",
      "center": [
        -0.0849676770682038,
        0.15189355476867494
      ],
      "amp": 0.16140550044084878,
      "phase": 3.588008581821595,
      "lobes": 4,
      "density": 31,
      "scale": 0.9454215174726576,
      "loop_exponent": 2.5
    },
    {
      "index": 2,
      "color": "#F6FA31",
      "shape": "arc",
      "center": [
        0.35777150609352437,
        -0.2731421130935412
      ],
      "amp": 0.21664229685449093,
      "phase": 0.26557324056786674,
      "lobes": 4,
      "density": 34,
      "scale": 1.0506553530175282
    }
  ]
}