{
  "product_id": "597957140503",
  "seed": 3845978099,
  "colors": [
    "#1EF1F2",
    "#DC4FDD",
    "#F6FA31"
  ],
  "shape_types": [
    "arc",
    "loop",
    "oval"
  ],
  "size": 800,
  "per_shape": [
    {
      "index": 0,
      "color": "#1EF1F2",
      "shape": "arc",
      "center": [
        0.3614643314050656,
        -0.26502081688974477
      ],
      "amp": 0.21717629031638086,
      "phase": 0.5940206665178922,
      "lobes": 2,
      "density": 33,
      "scale": 1.193553446355464
    },
    {
      "index": 1,
      "color": "#DC4FDD",
      "shape": "loop",
      "center": [
        0.12541307876518215,
        0.286889714425583
      ],
      "amp": 0.2894401272700606,
      "phase": 0.3415887761015197,
      "lobes": 2,
      "density": 33,
      "scale": 1.0425854272187582,
      "loop_exponent": 2.5
    },
    {
      "index": 2,
      "color": "#F6FA31",
      "shape": "oval",
      "center": [
        -0.09746308530153114,
        0.11011018375793813
      ],
      "amp": 0.22738703439883118,
      "phase": 4.800506037175305,
      "lobes": 2,
      "density": 22,
      "scale": 0.9047194803737877,
      "oval_a": 1.1042754042205,
      "oval_b": 0.8666837750575732
    }
  ]
}