{
  "product_id": "597957145275",
  "seed": 2469367657,
  "colors": [
    "#1EF1F2",
    "#DC4FDD",
    "#F6FA31"
  ],
  "shape_types": [
    "arc",
    "loop",
    "leaf"
  ],
  "size": 800,
  "per_shape": [
    {
      "index": 0,
      "color": "#1EF1F2",
      "shape": "arc",
      "center": [
        0.36673673500515447,
        0.30196350085704016
      ],
      "amp": 0.16087082007720788,
      "phase": 0.9050323335597867,
      "lobes": 4,
      "density": 20,
      "scale": 0.8812961601807887
    },
    {
      "index": 1,
      "color": "#DC4FDD",
      "shape": "loop",
      "center": [
        0.08596078647376293,
        -0.0701058385541648
      ],
      "amp": 0.15853436318463687,
      "phase": 5.4500756244356845,
      "lobes": 4,
      "density": 36,
      "scale": 1.0326076110184692,
      "loop_exponent": 2.5
    },
    {
      "index": 2,
      "color": "#F6FA31",
      "shape": "leaf",
      "center": [
        -0.17107706692223115,
        -0.08784440947377758
      ],
      "amp": 0.13450173994582548,
      "phase": 4.362255132382771,
      "lobes": 3,
      "density": 19,
      "scale": 1.0533013787535423,
      "leaf_type": "heart_polar_r=1-sin(theta+phase)"
    }
  ]
}