{
  "product_id": "597957142093",
  "seed": 1708671803,
  "colors": [
    "#1EF1F2",
    "#DC4FDD",
    "#F6FA31"
  ],
  "shape_types": [
    "oval",
    "arc",
    "leaf"
  ],
  "size": 800,
  "per_shape": [
    {
      "index": 0,
      "color": "#1EF1F2",
      "shape": "oval",
      "center": [
        -0.014082720504683344,
        0.03267037653218202
      ],
      "amp": 0.23460385253546617,
      "phase": 0.933895000406506,
      "lobes": 4,
      "density": 21,
      "scale": 1.0478611486147031,
      "oval_a": 1.2744585258027126,
      "oval_b": 0.7843275485529629
    },
    {
      "index": 1,
      "color": "#DC4FDD",
      "shape": "arc",
      "center": [
        -0.22193983551417587,
        0.17996470491386773
      ],
      "amp": 0.289165666768887,
      "phase": 5.695435401429147,
      "lobes": 2,
      "density": 20,
      "scale": 1.0820942303079275
    },
    {
      "index": 2,
      "color": "#F6FA31",
      "shape": "leaf",
      "center": [
        0.3574686703244747,
        -0.19288642205919598
      ],
      "amp": 0.259773040806518,
      "phase": 3.9908378304210124,
      "lobes": 4,
      "density": 28,
      "scale": 0.8728256715809335,
      "leaf_type": "heart_polar_r=1-sin(theta+phase)"
    }
  ]
}