{
  "product_id": "597957139457",
  "seed": 426097046,
  "colors": [
    "#1EF1F2",
    "#DC4FDD",
    "#F6FA31"
  ],
  "shape_types": [
    "oval",
    "leaf",
    "arc"
  ],
  "size": 800,
  "per_shape": [
    {
      "index": 0,
      "color": "#1EF1F2",
      "shape": "oval",
      "center": [
        -0.008345137685507265,
        0.10850985297875737
      ],
      "amp": 0.18985412745285463,
      "phase": 1.9894031128337737,
      "lobes": 2,
      "density": 18,
      "scale": 0.9443491745730664,
      "oval_a": 1.1597448248211657,
      "oval_b": 0.7832546220256451
    },
    {
      "index": 1,
      "color": "#DC4FDD",
      "shape": "leaf",
      "center": [
        -0.000554048883260605,
        0.15040504808927158
      ],
      "amp": 0.13052415933795036,
      "phase": 5.7773443458496425,
      "lobes": 3,
      "density": 32,
      "scale": 1.0742974257005475,
      "leaf_type": "heart_polar_r=1-sin(theta+phase)"
    },
    {
      "index": 2,
      "color": "#F6FA31",
      "shape": "arc",
      "center": [
        -0.14832341345073924,
        -0.3585069524196196
      ],
      "amp": 0.2917622048408476,
      "phase": 0.8887300900402556,
      "lobes": 2,
      "density": 19,
      "scale": 0.919980292235783
    }
  ]
}