{
  "product_id": "597957139267",
  "seed": 2651354921,
  "colors": [
    "#1EF1F2",
    "#DC4FDD",
    "#F6FA31"
  ],
  "shape_types": [
    "oval",
    "loop",
    "leaf"
  ],
  "size": 800,
  "per_shape": [
    {
      "index": 0,
      "color": "#1EF1F2",
      "shape": "oval",
      "center": [
        -0.29972359586717456,
        -0.09531826901990292
      ],
      "amp": 0.17069440439381695,
      "phase": 3.270767310859895,
      "lobes": 2,
      "density": 32,
      "scale": 0.9423893967233672,
      "oval_a": 1.2883889173566199,
      "oval_b": 0.7206464560504412
    },
    {
      "index": 1,
      "color": "#DC4FDD",
      "shape": "loop",
      "center": [
        -0.3873213770031212,
        -0.18336399006721724
      ],
      "amp": 0.20963020944350852,
      "phase": 5.8753926479444445,
      "lobes": 2,
      "density": 26,
      "scale": 1.0609053317317527,
      "loop_exponent": 2.5
    },
    {
      "index": 2,
      "color": "#F6FA31",
      "shape": "leaf",
      "center": [
        -0.26241457089886566,
        -0.3322602273366124
      ],
      "amp": 0.2648139223722152,
      "phase": 4.0948932217860605,
      "lobes": 3,
      "density": 19,
      "scale": 1.004393236497317,
      "leaf_type": "heart_polar_r=1-sin(theta+phase)"
    }
  ]
}