{
  "product_id": "597957147585",
  "seed": 4280619764,
  "colors": [
    "#1EF1F2",
    "#DC4FDD",
    "#F6FA31"
  ],
  "shape_types": [
    "leaf",
    "loop",
    "oval"
  ],
  "size": 800,
  "per_shape": [
    {
      "index": 0,
      "color": "#1EF1F2",
      "shape": "leaf",
      "center": [
        0.39300285093125753,
        -0.019748555210699237
      ],
      "amp": 0.1632429764893656,
      "phase": 2.576258656995301,
      "lobes": 4,
      "density": 30,
      "scale": 0.8380026787141558,
      "leaf_type": "heart_polar_r=1-sin(theta+phase)"
    },
    {
      "index": 1,
      "color": "#DC4FDD",
      "shape": "loop",
      "center": [
        -0.3234623629587833,
        0.332804802965567
      ],
      "amp": 0.20056156243958362,
      "phase": 5.476269713444773,
      "lobes": 3,
      "density": 24,
      "scale": 0.865127001102523,
      "loop_exponent": 2.5
    },
    {
      "index": 2,
      "color": "#F6FA31",
      "shape": "oval",
      "center": [
        0.25754134608027657,
        -0.05455940359074296
      ],
      "amp": 0.15636853071229911,
      "phase": 0.39642274263376553,
      "lobes": 2,
      "density": 28,
      "scale": 1.1170214719582732,
      "oval_a": 1.2642029897557712,
      "oval_b": 0.8317860631432159
    }
  ]
}