{
  "product_id": "597957138753",
  "seed": 2446309412,
  "colors": [
    "#1EF1F2",
    "#DC4FDD",
    "#F6FA31"
  ],
  "shape_types": [
    "leaf",
    "arc",
    "oval"
  ],
  "size": 800,
  "per_shape": [
    {
      "index": 0,
      "color": "#1EF1F2",
      "shape": "leaf",
      "center": [
        -0.33840607120049165,
        -0.3978179962769768
      ],
      "amp": 0.22370629821620547,
      "phase": 0.4930921322676413,
      "lobes": 4,
      "density": 33,
      "scale": 0.8679201336256221,
      "leaf_type": "heart_polar_r=1-sin(theta+phase)"
    },
    {
      "index": 1,
      "color": "#DC4FDD",
      "shape": "arc",
      "center": [
        0.04420676570573806,
        0.17888253197929138
      ],
      "amp": 0.21482739674802154,
      "phase": 0.1350069673234203,
      "lobes": 2,
      "density": 29,
      "scale": 1.0838071804572367
    },
    {
      "index": 2,
      "color": "#F6FA31",
      "shape": "oval",
      "center": [
        -0.1750681715277426,
        0.35800877438599354
      ],
      "amp": 0.27169614639643197,
      "phase": 3.119218233657811,
      "lobes": 3,
      "density": 19,
      "scale": 1.061264289126952,
      "oval_a": 1.1536987298083348,
      "oval_b": 0.7228176596539203
    }
  ]
}