{
  "product_id": "597957140923",
  "seed": 3448612349,
  "colors": [
    "#1EF1F2",
    "#DC4FDD",
    "#F6FA31"
  ],
  "shape_types": [
    "loop",
    "leaf",
    "oval"
  ],
  "size": 800,
  "per_shape": [
    {
      "index": 0,
      "color": "#1EF1F2",
      "shape": "loop",
      "center": [
        0.33997585118149487,
        -0.10245510636267213
      ],
      "amp": 0.13573020289100535,
      "phase": 3.9640197631991994,
      "lobes": 3,
      "density": 36,
      "scale": 1.1773145093933555,
      "loop_exponent": 2.5
    },
    {
      "index": 1,
      "color": "#DC4FDD",
      "shape": "leaf",
      "center": [
        0.11509070380693043,
        -0.1600032934224518
      ],
      "amp": 0.06721879266962734,
      "phase": 0.2708120231033789,
      "lobes": 2,
      "density": 33,
      "scale": 1.1843210883431243,
      "leaf_type": "heart_polar_r=1-sin(theta+phase)"
    },
    {
      "index": 2,
      "color": "#F6FA31",
      "shape": "oval",
      "center": [
        -0.04556955367730159,
        0.23804254256060842
      ],
      "amp": 0.064339875908252,
      "phase": 2.429441598314937,
      "lobes": 2,
      "density": 23,
      "scale": 0.8313192177009858,
      "oval_a": 1.2535771843783883,
      "oval_b": 0.8317051145143272
    }
  ]
}