{
  "product_id": "597957147045",
  "seed": 1036063852,
  "colors": [
    "#1EF1F2",
    "#DC4FDD",
    "#F6FA31"
  ],
  "shape_types": [
    "arc",
    "loop",
    "leaf"
  ],
  "size": 800,
  "per_shape": [
    {
      "index": 0,
      "color": "#1EF1F2",
      "shape": "arc",
      "center": [
        0.03540915459763794,
        -0.030672784355902483
      ],
      "amp": 0.09705779645966135,
      "phase": 5.602463276249975,
      "lobes": 4,
      "density": 32,
      "scale": 1.0826038754819372
    },
    {
      "index": 1,
      "color": "#DC4FDD",
      "shape": "loop",
      "center": [
        -0.2932798180953007,
        0.24737990935442322
      ],
      "amp": 0.2849367525010376,
      "phase": 4.391017484913101,
      "lobes": 3,
      "density": 28,
      "scale": 1.1809242997054967,
      "loop_exponent": 2.5
    },
    {
      "index": 2,
      "color": "#F6FA31",
      "shape": "leaf",
      "center": [
        -0.3234486313175613,
        0.14369468892758397
      ],
      "amp": 0.29579783599533893,
      "phase": 5.500706205307847,
      "lobes": 2,
      "density": 27,
      "scale": 0.8416543856094202,
      "leaf_type": "heart_polar_r=1-sin(theta+phase)"
    }
  ]
}