{
  "product_id": "597957145849",
  "seed": 4172283847,
  "colors": [
    "#1EF1F2",
    "#DC4FDD",
    "#F6FA31"
  ],
  "shape_types": [
    "arc",
    "oval",
    "leaf"
  ],
  "size": 800,
  "per_shape": [
    {
      "index": 0,
      "color": "#1EF1F2",
      "shape": "arc",
      "center": [
        -0.30281806172770925,
        0.1040074782591145
      ],
      "amp": 0.06778227003337815,
      "phase": 2.8502260757830724,
      "lobes": 4,
      "density": 28,
      "scale": 1.1823300769286489
    },
    {
      "index": 1,
      "color": "#DC4FDD",
      "shape": "oval",
      "center": [
        0.21385296333614778,
        -0.14735623593412683
      ],
      "amp": 0.25634171272411393,
      "phase": 3.0533359382992526,
      "lobes": 2,
      "density": 27,
      "scale": 0.801043221970822,
      "oval_a": 1.2713961895845851,
      "oval_b": 0.7455841098739616
    },
    {
      "index": 2,
      "color": "#F6FA31",
      "shape": "leaf",
      "center": [
        -0.1836249878291395,
        -0.10790280421362192
      ],
      "amp": 0.2571797124466129,
      "phase": 6.164592106493517,
      "lobes": 3,
      "density": 36,
      "scale": 0.8285969610456848,
      "leaf_type": "heart_polar_r=1-sin(theta+phase)"
    }
  ]
}