{
  "product_id": "597957143289",
  "seed": 3259338395,
  "colors": [
    "#1EF1F2",
    "#DC4FDD",
    "#F6FA31"
  ],
  "shape_types": [
    "loop",
    "arc",
    "oval"
  ],
  "size": 800,
  "per_shape": [
    {
      "index": 0,
      "color": "#1EF1F2",
      "shape": "loop",
      "center": [
        -0.3413207333238293,
        0.03833223311811251
      ],
      "amp": 0.09724447501561982,
      "phase": 0.6224620282370811,
      "lobes": 3,
      "density": 30,
      "scale": 0.8245460639216655,
      "loop_exponent": 2.5
    },
    {
      "index": 1,
      "color": "#DC4FDD",
      "shape": "arc",
      "center": [
        0.14359186700859583,
        0.19536757181508813
      ],
      "amp": 0.2731992969154111,
      "phase": 0.9558940584878296,
      "lobes": 3,
      "density": 25,
      "scale": 1.0646707976455638
    },
    {
      "index": 2,
      "color": "#F6FA31",
      "shape": "oval",
      "center": [
        0.1239513874144309,
        0.08290210098614131
      ],
      "amp": 0.20085228171284908,
      "phase": 5.0552438361075955,
      "lobes": 2,
      "density": 33,
      "scale": 1.1892620742362927,
      "oval_a": 1.1145783781904683,
      "oval_b": 0.870488958534201
    }
  ]
}