{
  "product_id": "597957146947",
  "seed": 3150803759,
  "colors": [
    "#1EF1F2",
    "#DC4FDD",
    "#F6FA31"
  ],
  "shape_types": [
    "oval",
    "leaf",
    "arc"
  ],
  "size": 800,
  "per_shape": [
    {
      "index": 0,
      "color": "#1EF1F2",
      "shape": "oval",
      "center": [
        -0.29130961542961514,
        -0.23038103825952527
      ],
      "amp": 0.24503664345350162,
      "phase": 3.467843790060451,
      "lobes": 4,
      "density": 36,
      "scale": 1.0608160062162346,
      "oval_a": 1.2250796718682213,
      "oval_b": 0.8069811682710163
    },
    {
      "index": 1,
      "color": "#DC4FDD",
      "shape": "leaf",
      "center": [
        0.2405590055880994,
        -0.16390117523972716
      ],
      "amp": 0.2595097197360456,
      "phase": 1.25519489577511,
      "lobes": 4,
      "density": 31,
      "scale": 0.9669543709792106,
      "leaf_type": "heart_polar_r=1-sin(theta+phase)"
    },
    {
      "index": 2,
      "color": "#F6FA31",
      "shape": "arc",
      "center": [
        -0.33366900822378026,
        0.3973074073589039
      ],
      "amp": 0.28913598036487664,
      "phase": 5.598935953804636,
      "lobes": 3,
      "density": 36,
      "scale": 1.0658236043120992
    }
  ]
}