{
  "product_id": "597957139119",
  "seed": 701422676,
  "colors": [
    "#1EF1F2",
    "#DC4FDD",
    "#F6FA31"
  ],
  "shape_types": [
    "loop",
    "oval",
    "leaf"
  ],
  "size": 800,
  "per_shape": [
    {
      "index": 0,
      "color": "#1EF1F2",
      "shape": "loop",
      "center": [
        0.3099379298733387,
        -0.0941871174329818
      ],
      "amp": 0.14978272532838272,
      "phase": 5.806376707977094,
      "lobes": 3,
      "density": 18,
      "scale": 1.086049202227596,
      "loop_exponent": 2.5
    },
    {
      "index": 1,
      "color": "#DC4FDD",
      "shape": "oval",
      "center": [
        -0.2702635829330855,
        0.3405029775988757
      ],
      "amp": 0.2540973274291271,
      "phase": 3.313115410900215,
      "lobes": 3,
      "density": 22,
      "scale": 1.0607881927693599,
      "oval_a": 1.100755231429864,
      "oval_b": 0.7901983159460706
    },
    {
      "index": 2,
      "color": "#F6FA31",
      "shape": "leaf",
      "center": [
        -0.22901846148188715,
        0.038553889973987066
      ],
      "amp": 0.06494255089016003,
      "phase": 6.109471753049595,
      "lobes": 3,
      "density": 18,
      "scale": 0.9454700939100079,
      "leaf_type": "heart_polar_r=1-sin(theta+phase)"
    }
  ]
}