{
  "product_id": "597957147881",
  "seed": 2886652338,
  "colors": [
    "#1EF1F2",
    "#DC4FDD",
    "#F6FA31"
  ],
  "shape_types": [
    "leaf",
    "arc",
    "oval"
  ],
  "size": 800,
  "per_shape": [
    {
      "index": 0,
      "color": "#1EF1F2",
      "shape": "leaf",
      "center": [
        -0.2812882909558915,
        0.16362867174512363
      ],
      "amp": 0.13419396084182594,
      "phase": 3.432184259938127,
      "lobes": 3,
      "density": 34,
      "scale": 1.1803460206093161,
      "leaf_type": "heart_polar_r=1-sin(theta+phase)"
    },
    {
      "index": 1,
      "color": "#DC4FDD",
      "shape": "arc",
      "center": [
        0.1721204329770455,
        0.16758100579924107
      ],
      "amp": 0.2150142775608085,
      "phase": 2.45786194227602,
      "lobes": 3,
      "density": 21,
      "scale": 1.1020263746272894
    },
    {
      "index": 2,
      "color": "#F6FA31",
      "shape": "oval",
      "center": [
        -0.22434964927701515,
        0.0853784354686663
      ],
      "amp": 0.25149772336067044,
      "phase": 3.2464680295416697,
      "lobes": 2,
      "density": 30,
      "scale": 0.9940002440719844,
      "oval_a": 1.2976781112676834,
      "oval_b": 0.7854238060252157
    }
  ]
}