{
  "product_id": "597957140325",
  "seed": 3166520865,
  "colors": [
    "#1EF1F2",
    "#DC4FDD",
    "#F6FA31"
  ],
  "shape_types": [
    "arc",
    "oval",
    "loop"
  ],
  "size": 800,
  "per_shape": [
    {
      "index": 0,
      "color": "#1EF1F2",
      "shape": "arc",
      "center": [
        -0.3017772164387036,
        -0.34596998268464185
      ],
      "amp": 0.05684035218868348,
      "phase": 3.378913338311781,
      "lobes": 4,
      "density": 36,
      "scale": 0.8677358378611505
    },
    {
      "index": 1,
      "color": "#DC4FDD",
      "shape": "oval",
      "center": [
        -0.39258152113231237,
        0.15969265298640734
      ],
      "amp": 0.14456114894650002,
      "phase": 5.438247006754963,
      "lobes": 2,
      "density": 21,
      "scale": 1.1988456737809257,
      "oval_a": 1.1494825538654516,
      "oval_b": 0.8926829154630058
    },
    {
      "index": 2,
      "color": "#F6FA31",
      "shape": "loop",
      "center": [
        -0.3621532137632777,
        -0.20973515637871432
      ],
      "amp": 0.10897943338003589,
      "phase": 3.120497377241213,
      "lobes": 4,
      "density": 34,
      "scale": 1.1531752811459044,
      "loop_exponent": 2.5
    }
  ]
}