{
  "product_id": "597957148099",
  "seed": 2310511816,
  "colors": [
    "#1EF1F2",
    "#DC4FDD",
    "#F6FA31"
  ],
  "shape_types": [
    "loop",
    "arc",
    "oval"
  ],
  "size": 800,
  "per_shape": [
    {
      "index": 0,
      "color": "#1EF1F2",
      "shape": "loop",
      "center": [
        0.39504949683604673,
        0.09135273874426436
      ],
      "amp": 0.13767097224658265,
      "phase": 5.222221584534329,
      "lobes": 4,
      "density": 31,
      "scale": 1.0731150528566733,
      "loop_exponent": 2.5
    },
    {
      "index": 1,
      "color": "#DC4FDD",
      "shape": "arc",
      "center": [
        0.10954924704869717,
        0.08583381401650414
      ],
      "amp": 0.09689976318348044,
      "phase": 2.4508051841538867,
      "lobes": 2,
      "density": 20,
      "scale": 1.0821895287108079
    },
    {
      "index": 2,
      "color": "#F6FA31",
      "shape": "oval",
      "center": [
        0.3077705414747933,
        -0.3987737048720343
      ],
      "amp": 0.18493412686046756,
      "phase": 2.6798639097512527,
      "lobes": 3,
      "density": 34,
      "scale": 1.142872809419748,
      "oval_a": 1.147208622590557,
      "oval_b": 0.7906482915034547
    }
  ]
}