{
  "product_id": "597957140145",
  "seed": 2329790248,
  "colors": [
    "#1EF1F2",
    "#DC4FDD",
    "#F6FA31"
  ],
  "shape_types": [
    "oval",
    "loop",
    "arc"
  ],
  "size": 800,
  "per_shape": [
    {
      "index": 0,
      "color": "#1EF1F2",
      "shape": "oval",
      "center": [
        0.17073259519343098,
        -0.18562788813013276
      ],
      "amp": 0.19407440985192542,
      "phase": 0.5719874527350464,
      "lobes": 3,
      "density": 27,
      "scale": 1.139782577411658,
      "oval_a": 1.2140394274958444,
      "oval_b": 0.8590318799215463
    },
    {
      "index": 1,
      "color": "#DC4FDD",
      "shape": "loop",
      "center": [
        -0.22980102957454218,
        -0.03268783536874914
      ],
      "amp": 0.09964057413041703,
      "phase": 5.423109347655734,
      "lobes": 2,
      "density": 24,
      "scale": 1.0473232642103456,
      "loop_exponent": 2.5
    },
    {
      "index": 2,
      "color": "#F6FA31",
      "shape": "arc",
      "center": [
        -0.20581212379496716,
        0.0539544352725268
      ],
      "amp": 0.1320752258152561,
      "phase": 1.7163401180785662,
      "lobes": 2,
      "density": 33,
      "scale": 1.112261556621467
    }
  ]
}