{
  "product_id": "597957146141",
  "seed": 1685756876,
  "colors": [
    "#1EF1F2",
    "#DC4FDD",
    "#F6FA31"
  ],
  "shape_types": [
    "loop",
    "arc",
    "oval"
  ],
  "size": 800,
  "per_shape": [
    {
      "index": 0,
      "color": "#1EF1F2",
      "shape": "loop",
      "center": [
        0.040817364112368804,
        0.0752861963702447
      ],
      "amp": 0.055934099676408625,
      "phase": 5.288221395692611,
      "lobes": 2,
      "density": 30,
      "scale": 0.9322629252707093,
      "loop_exponent": 2.5
    },
    {
      "index": 1,
      "color": "#DC4FDD",
      "shape": "arc",
      "center": [
        0.22495881170120435,
        0.247154726672841
      ],
      "amp": 0.07763843861289128,
      "phase": 0.7811575642362861,
      "lobes": 4,
      "density": 29,
      "scale": 0.914437032698748
    },
    {
      "index": 2,
      "color": "#F6FA31",
      "shape": "oval",
      "center": [
        -0.1577132089596429,
        -0.006776552211572362
      ],
      "amp": 0.10554735596525729,
      "phase": 3.1129599361712494,
      "lobes": 2,
      "density": 34,
      "scale": 0.8841934280744602,
      "oval_a": 1.156246264735496,
      "oval_b": 0.7776146764875811
    }
  ]
}