{
  "product_id": "597957145465",
  "seed": 2788049646,
  "colors": [
    "#1EF1F2",
    "#DC4FDD",
    "#F6FA31"
  ],
  "shape_types": [
    "loop",
    "leaf",
    "arc"
  ],
  "size": 800,
  "per_shape": [
    {
      "index": 0,
      "color": "#1EF1F2",
      "shape": "loop",
      "center": [
        -0.11666364640325311,
        -0.2859412378962902
      ],
      "amp": 0.29439535805621714,
      "phase": 5.881771929728947,
      "lobes": 3,
      "density": 19,
      "scale": 1.132533848789142,
      "loop_exponent": 2.5
    },
    {
      "index": 1,
      "color": "#DC4FDD",
      "shape": "leaf",
      "center": [
        0.1648360324427236,
        -0.19788237736595288
      ],
      "amp": 0.05465514766783132,
      "phase": 3.1803012573782645,
      "lobes": 4,
      "density": 31,
      "scale": 0.8712994838001502,
      "leaf_type": "heart_polar_r=1-sin(theta+phase)"
    },
    {
      "index": 2,
      "color": "#F6FA31",
      "shape": "arc",
      "center": [
        0.22083325324982417,
        0.11662098292755285
      ],
      "amp": 0.18077331641215721,
      "phase": 3.0792033416497193,
      "lobes": 2,
      "density": 32,
      "scale": 1.1764093496392756
    }
  ]
}