{
  "product_id": "597957146571",
  "seed": 3334789854,
  "colors": [
    "#1EF1F2",
    "#DC4FDD",
    "#F6FA31"
  ],
  "shape_types": [
    "loop",
    "leaf",
    "arc"
  ],
  "size": 800,
  "per_shape": [
    {
      "index": 0,
      "color": "#1EF1F2",
      "shape": "loop",
      "center": [
        -0.12197916437908235,
        0.38507871468339694
      ],
      "amp": 0.12479543557164384,
      "phase": 5.577659414512762,
      "lobes": 2,
      "density": 33,
      "scale": 0.8852937283418246,
      "loop_exponent": 2.5
    },
    {
      "index": 1,
      "color": "#DC4FDD",
      "shape": "leaf",
      "center": [
        0.2982106523772633,
        0.1428590920711933
      ],
      "amp": 0.10690954831767012,
      "phase": 0.349992842852735,
      "lobes": 4,
      "density": 21,
      "scale": 1.090777866833628,
      "leaf_type": "heart_polar_r=1-sin(theta+phase)"
    },
    {
      "index": 2,
      "color": "#F6FA31",
      "shape": "arc",
      "center": [
        0.11076504768404827,
        -0.13962901411175244
      ],
      "amp": 0.21402899045257928,
      "phase": 2.8727605079163974,
      "lobes": 4,
      "density": 19,
      "scale": 0.8041692276334979
    }
  ]
}