{
  "product_id": "597957147209",
  "seed": 3459871680,
  "colors": [
    "#1EF1F2",
    "#DC4FDD",
    "#F6FA31"
  ],
  "shape_types": [
    "oval",
    "arc",
    "leaf"
  ],
  "size": 800,
  "per_shape": [
    {
      "index": 0,
      "color": "#1EF1F2",
      "shape": "oval",
      "center": [
        -0.29043483402273074,
        0.33066709473487066
      ],
      "amp": 0.0711441259081033,
      "phase": 1.066652208787477,
      "lobes": 3,
      "density": 21,
      "scale": 1.1192896775043106,
      "oval_a": 1.1599306926419235,
      "oval_b": 0.8880318672926996
    },
    {
      "index": 1,
      "color": "#DC4FDD",
      "shape": "arc",
      "center": [
        -0.08071008534078017,
        0.3503926024984182
      ],
      "amp": 0.147096139115946,
      "phase": 0.9620533236219824,
      "lobes": 3,
      "density": 31,
      "scale": 1.1884162223242791
    },
    {
      "index": 2,
      "color": "#F6FA31",
      "shape": "leaf",
      "center": [
        0.05466259187133787,
        0.3503185034796983
      ],
      "amp": 0.22883667306492483,
      "phase": 0.3947338356821069,
      "lobes": 3,
      "density": 23,
      "scale": 1.144073500699802,
      "leaf_type": "heart_polar_r=1-sin(theta+phase)"
    }
  ]
}