{
  "product_id": "597957143143",
  "seed": 1091462719,
  "colors": [
    "#1EF1F2",
    "#DC4FDD",
    "#F6FA31"
  ],
  "shape_types": [
    "arc",
    "loop",
    "leaf"
  ],
  "size": 800,
  "per_shape": [
    {
      "index": 0,
      "color": "#1EF1F2",
      "shape": "arc",
      "center": [
        -0.3464324953280611,
        0.002424477316413376
      ],
      "amp": 0.1464131675540431,
      "phase": 4.534763039364425,
      "lobes": 3,
      "density": 27,
      "scale": 0.8171251683792424
    },
    {
      "index": 1,
      "color": "#DC4FDD",
      "shape": "loop",
      "center": [
        -0.09272263112553703,
        -0.0425830087301321
      ],
      "amp": 0.1993368696948618,
      "phase": 3.182264459827982,
      "lobes": 4,
      "density": 31,
      "scale": 1.1952747312369758,
      "loop_exponent": 2.5
    },
    {
      "index": 2,
      "color": "#F6FA31",
      "shape": "leaf",
      "center": [
        0.22487295815703778,
        0.03571596076468142
      ],
      "amp": 0.11654216082709283,
      "phase": 0.20607313701746321,
      "lobes": 4,
      "density": 35,
      "scale": 1.074022359442402,
      "leaf_type": "heart_polar_r=1-sin(theta+phase)"
    }
  ]
}