{
  "product_id": "597957142841",
  "seed": 2449619941,
  "colors": [
    "#1EF1F2",
    "#DC4FDD",
    "#F6FA31"
  ],
  "shape_types": [
    "leaf",
    "oval",
    "arc"
  ],
  "size": 800,
  "per_shape": [
    {
      "index": 0,
      "color": "#1EF1F2",
      "shape": "leaf",
      "center": [
        -0.28535344117072353,
        -0.19217825020848522
      ],
      "amp": 0.13201039481843063,
      "phase": 0.907139929460473,
      "lobes": 3,
      "density": 32,
      "scale": 1.0983068837170495,
      "leaf_type": "heart_polar_r=1-sin(theta+phase)"
    },
    {
      "index": 1,
      "color": "#DC4FDD",
      "shape": "oval",
      "center": [
        0.009116014874440026,
        0.285508705719408
      ],
      "amp": 0.10102698787519583,
      "phase": 6.119316087759109,
      "lobes": 3,
      "density": 23,
      "scale": 1.0214713298808136,
      "oval_a": 1.2686402912266748,
      "oval_b": 0.7249466497168507
    },
    {
      "index": 2,
      "color": "#F6FA31",
      "shape": "arc",
      "center": [
        0.3675621363560192,
        -0.12524695841419203
      ],
      "amp": 0.09817514299677706,
      "phase": 0.14236763350459458,
      "lobes": 3,
      "density": 35,
      "scale": 0.8193098497555211
    }
  ]
}