{
  "product_id": "597957146551",
  "seed": 3326858605,
  "colors": [
    "#1EF1F2",
    "#DC4FDD",
    "#F6FA31"
  ],
  "shape_types": [
    "loop",
    "leaf",
    "oval"
  ],
  "size": 800,
  "per_shape": [
    {
      "index": 0,
      "color": "#1EF1F2",
      "shape": "loop",
      "center": [
        -0.18227530201615913,
        0.033310438362009365
      ],
      "amp": 0.09174128931708996,
      "phase": 5.667341518198897,
      "lobes": 2,
      "density": 34,
      "scale": 1.0357763481209887,
      "loop_exponent": 2.5
    },
    {
      "index": 1,
      "color": "#DC4FDD",
      "shape": "leaf",
      "center": [
        0.3661617065757852,
        -0.07457661527375486
      ],
      "amp": 0.13739493689219862,
      "phase": 2.679907112040095,
      "lobes": 3,
      "density": 31,
      "scale": 0.8187339771474486,
      "leaf_type": "heart_polar_r=1-sin(theta+phase)"
    },
    {
      "index": 2,
      "color": "#F6FA31",
      "shape": "oval",
      "center": [
        0.34463152687445786,
        0.06451159898636927
      ],
      "amp": 0.2494265432044891,
      "phase": 3.2676251549488535,
      "lobes": 2,
      "density": 20,
      "scale": 1.0677228319842051,
      "oval_a": 1.285002214634967,
      "oval_b": 0.828453746805967
    }
  ]
}