{
  "product_id": "597957142733",
  "seed": 1665400121,
  "colors": [
    "#1EF1F2",
    "#DC4FDD",
    "#F6FA31"
  ],
  "shape_types": [
    "loop",
    "arc",
    "oval"
  ],
  "size": 800,
  "per_shape": [
    {
      "index": 0,
      "color": "#1EF1F2",
      "shape": "loop",
      "center": [
        0.3855475083269365,
        0.20543570560308766
      ],
      "amp": 0.24403767102095525,
      "phase": 1.222024049423286,
      "lobes": 3,
      "density": 27,
      "scale": 0.8752066777432785,
      "loop_exponent": 2.5
    },
    {
      "index": 1,
      "color": "#DC4FDD",
      "shape": "arc",
      "center": [
        -0.2315314726379718,
        -0.20196850480814652
      ],
      "amp": 0.25459112633875175,
      "phase": 0.8286387585799758,
      "lobes": 3,
      "density": 30,
      "scale": 0.9558625048016454
    },
    {
      "index": 2,
      "color": "#F6FA31",
      "shape": "oval",
      "center": [
        0.2698110251428635,
        -0.16681698214125015
      ],
      "amp": 0.07000412871534241,
      "phase": 0.9132187161054868,
      "lobes": 2,
      "density": 18,
      "scale": 0.8270053470135228,
      "oval_a": 1.1075651534439488,
      "oval_b": 0.7054267742273818
    }
  ]
}