{
  "product_id": "597957144063",
  "seed": 413127849,
  "colors": [
    "#1EF1F2",
    "#DC4FDD",
    "#F6FA31"
  ],
  "shape_types": [
    "loop",
    "arc",
    "oval"
  ],
  "size": 800,
  "per_shape": [
    {
      "index": 0,
      "color": "#1EF1F2",
      "shape": "loop",
      "center": [
        -0.3258664805651103,
        -0.04770900820906104
      ],
      "amp": 0.24979774938607852,
      "phase": 1.5260392468355204,
      "lobes": 3,
      "density": 20,
      "scale": 1.1301598301805507,
      "loop_exponent": 2.5
    },
    {
      "index": 1,
      "color": "#DC4FDD",
      "shape": "arc",
      "center": [
        -0.26381259455776185,
        0.2392616847185297
      ],
      "amp": 0.13650489627448303,
      "phase": 3.2380672812189153,
      "lobes": 4,
      "density": 32,
      "scale": 1.1535982831644511
    },
    {
      "index": 2,
      "color": "#F6FA31",
      "shape": "oval",
      "center": [
        0.16198411931896972,
        0.11234742379140594
      ],
      "amp": 0.21690108255230456,
      "phase": 4.534138387090183,
      "lobes": 2,
      "density": 34,
      "scale": 0.9560682440019987,
      "oval_a": 1.2357589048208306,
      "oval_b": 0.7564907862594842
    }
  ]
}