{
  "product_id": "597957145737",
  "seed": 3309472300,
  "colors": [
    "#1EF1F2",
    "#DC4FDD",
    "#F6FA31"
  ],
  "shape_types": [
    "leaf",
    "arc",
    "oval"
  ],
  "size": 800,
  "per_shape": [
    {
      "index": 0,
      "color": "#1EF1F2",
      "shape": "leaf",
      "center": [
        -0.11975608189614811,
        -0.17972348323240184
      ],
      "amp": 0.269649540647798,
      "phase": 2.791264940158377,
      "lobes": 2,
      "density": 19,
      "scale": 0.969812551338039,
      "leaf_type": "heart_polar_r=1-sin(theta+phase)"
    },
    {
      "index": 1,
      "color": "#DC4FDD",
      "shape": "arc",
      "center": [
        -0.12522914898953053,
        0.19931168327040416
      ],
      "amp": 0.1358217833739354,
      "phase": 2.7813756275867556,
      "lobes": 4,
      "density": 34,
      "scale": 1.0864729092596628
    },
    {
      "index": 2,
      "color": "#F6FA31",
      "shape": "oval",
      "center": [
        -0.11728879685906207,
        -0.3785757434533677
      ],
      "amp": 0.13791663303057788,
      "phase": 4.85660811913011,
      "lobes": 3,
      "density": 33,
      "scale": 0.9317160397979324,
      "oval_a": 1.22101113720217,
      "oval_b": 0.8402268146899509
    }
  ]
}