{
  "product_id": "597957139441",
  "seed": 3885390122,
  "colors": [
    "#1EF1F2",
    "#DC4FDD",
    "#F6FA31"
  ],
  "shape_types": [
    "oval",
    "leaf",
    "arc"
  ],
  "size": 800,
  "per_shape": [
    {
      "index": 0,
      "color": "#1EF1F2",
      "shape": "oval",
      "center": [
        0.19017185518319524,
        0.2425314055824962
      ],
      "amp": 0.1929329094797771,
      "phase": 2.486201037430285,
      "lobes": 2,
      "density": 20,
      "scale": 0.9077661651409117,
      "oval_a": 1.1764359303891496,
      "oval_b": 0.7775096474428532
    },
    {
      "index": 1,
      "color": "#DC4FDD",
      "shape": "leaf",
      "center": [
        0.15534798196633126,
        0.2338926820416053
      ],
      "amp": 0.2995295260582338,
      "phase": 0.962423167490211,
      "lobes": 3,
      "density": 18,
      "scale": 1.1643646867850845,
      "leaf_type": "heart_polar_r=1-sin(theta+phase)"
    },
    {
      "index": 2,
      "color": "#F6FA31",
      "shape": "arc",
      "center": [
        0.17562022170568836,
        0.06735363151584906
      ],
      "amp": 0.05211571672210376,
      "phase": 3.4171370008392685,
      "lobes": 4,
      "density": 34,
      "scale": 0.8268901293184618
    }
  ]
}