{
  "product_id": "597957147073",
  "seed": 4121969157,
  "colors": [
    "#1EF1F2",
    "#DC4FDD",
    "#F6FA31"
  ],
  "shape_types": [
    "loop",
    "leaf",
    "oval"
  ],
  "size": 800,
  "per_shape": [
    {
      "index": 0,
      "color": "#1EF1F2",
      "shape": "loop",
      "center": [
        -0.043524699476995,
        -0.31089384705254264
      ],
      "amp": 0.05608502916327705,
      "phase": 3.893856787852669,
      "lobes": 4,
      "density": 35,
      "scale": 1.035948496860321,
      "loop_exponent": 2.5
    },
    {
      "index": 1,
      "color": "#DC4FDD",
      "shape": "leaf",
      "center": [
        0.18490244135080003,
        -0.11139720264777825
      ],
      "amp": 0.08855094167473733,
      "phase": 0.12481585391873039,
      "lobes": 2,
      "density": 20,
      "scale": 1.0083630786226456,
      "leaf_type": "heart_polar_r=1-sin(theta+phase)"
    },
    {
      "index": 2,
      "color": "#F6FA31",
      "shape": "oval",
      "center": [
        0.06438286764643592,
        0.3651927266571181
      ],
      "amp": 0.2645740169586173,
      "phase": 0.16735211430818103,
      "lobes": 4,
      "density": 31,
      "scale": 1.0954477964124596,
      "oval_a": 1.1285861576196496,
      "oval_b": 0.7637405279421561
    }
  ]
}