{
  "product_id": "597957140057",
  "seed": 177654698,
  "colors": [
    "#1EF1F2",
    "#DC4FDD",
    "#F6FA31"
  ],
  "shape_types": [
    "oval",
    "leaf",
    "arc"
  ],
  "size": 800,
  "per_shape": [
    {
      "index": 0,
      "color": "#1EF1F2",
      "shape": "oval",
      "center": [
        -0.04024523268637764,
        -0.3245108002775731
      ],
      "amp": 0.28717852992098686,
      "phase": 3.8737510860242184,
      "lobes": 4,
      "density": 19,
      "scale": 0.9128231466204247,
      "oval_a": 1.2207050840823856,
      "oval_b": 0.7944173957249723
    },
    {
      "index": 1,
      "color": "#DC4FDD",
      "shape": "leaf",
      "center": [
        -0.19356110646552685,
        -0.32735476114025225
      ],
      "amp": 0.1431558540592926,
      "phase": 1.6009820252399187,
      "lobes": 2,
      "density": 21,
      "scale": 0.9555844915201267,
      "leaf_type": "heart_polar_r=1-sin(theta+phase)"
    },
    {
      "index": 2,
      "color": "#F6FA31",
      "shape": "arc",
      "center": [
        0.22520589808947533,
        0.33598622212610596
      ],
      "amp": 0.1763841879088418,
      "phase": 2.0404246075794035,
      "lobes": 3,
      "density": 33,
      "scale": 0.8862254690284802
    }
  ]
}