{
  "product_id": "597957141467",
  "seed": 1334085247,
  "colors": [
    "#1EF1F2",
    "#DC4FDD",
    "#F6FA31"
  ],
  "shape_types": [
    "arc",
    "loop",
    "leaf"
  ],
  "size": 800,
  "per_shape": [
    {
      "index": 0,
      "color": "#1EF1F2",
      "shape": "arc",
      "center": [
        -0.10155223333224062,
        0.10396196464804863
      ],
      "amp": 0.1072297169199113,
      "phase": 5.732141438889254,
      "lobes": 4,
      "density": 24,
      "scale": 1.0170477769971515
    },
    {
      "index": 1,
      "color": "#DC4FDD",
      "shape": "loop",
      "center": [
        -0.11210703856578647,
        0.328576105150463
      ],
      "amp": 0.20299324168928318,
      "phase": 1.0517166466531191,
      "lobes": 3,
      "density": 22,
      "scale": 0.8362638661502566,
      "loop_exponent": 2.5
    },
    {
      "index": 2,
      "color": "#F6FA31",
      "shape": "leaf",
      "center": [
        -0.20031945050730704,
        -0.18493503584526325
      ],
      "amp": 0.15879344455016942,
      "phase": 4.357804260441989,
      "lobes": 2,
      "density": 18,
      "scale": 1.006534117031465,
      "leaf_type": "heart_polar_r=1-sin(theta+phase)"
    }
  ]
}