{
  "product_id": "597957141847",
  "seed": 557824400,
  "colors": [
    "#1EF1F2",
    "#DC4FDD",
    "#F6FA31"
  ],
  "shape_types": [
    "leaf",
    "oval",
    "arc"
  ],
  "size": 800,
  "per_shape": [
    {
      "index": 0,
      "color": "#1EF1F2",
      "shape": "leaf",
      "center": [
        0.059118025318669,
        -0.390772365994647
      ],
      "amp": 0.2789962463897583,
      "phase": 5.580071391412904,
      "lobes": 2,
      "density": 34,
      "scale": 1.0331346429162849,
      "leaf_type": "heart_polar_r=1-sin(theta+phase)"
    },
    {
      "index": 1,
      "color": "#DC4FDD",
      "shape": "oval",
      "center": [
        -0.3726880193528523,
        0.23635007073916403
      ],
      "amp": 0.10506115655920166,
      "phase": 4.7613336839435405,
      "lobes": 3,
      "density": 30,
      "scale": 0.9167549592246403,
      "oval_a": 1.1600683692043334,
      "oval_b": 0.7904742688820514
    },
    {
      "index": 2,
      "color": "#F6FA31",
      "shape": "arc",
      "center": [
        0.21002879013860054,
        0.09050210381405266
      ],
      "amp": 0.269139183119647,
      "phase": 2.131786360939695,
      "lobes": 4,
      "density": 18,
      "scale": 1.0887567902395496
    }
  ]
}