{
  "product_id": "597957143499",
  "seed": 3209746033,
  "colors": [
    "#1EF1F2",
    "#DC4FDD",
    "#F6FA31"
  ],
  "shape_types": [
    "leaf",
    "oval",
    "arc"
  ],
  "size": 800,
  "per_shape": [
    {
      "index": 0,
      "color": "#1EF1F2",
      "shape": "leaf",
      "center": [
        0.21053614557792055,
        -0.28658263515893395
      ],
      "amp": 0.10176818826193511,
      "phase": 2.6139454781854923,
      "lobes": 4,
      "density": 32,
      "scale": 1.1375697672156515,
      "leaf_type": "heart_polar_r=1-sin(theta+phase)"
    },
    {
      "index": 1,
      "color": "#DC4FDD",
      "shape": "oval",
      "center": [
        -0.14443468923179265,
        0.15191429487394736
      ],
      "amp": 0.051444641915075626,
      "phase": 4.295387555611462,
      "lobes": 3,
      "density": 35,
      "scale": 0.9987784929900635,
      "oval_a": 1.1577252720740336,
      "oval_b": 0.7457312662382257
    },
    {
      "index": 2,
      "color": "#F6FA31",
      "shape": "arc",
      "center": [
        0.047088548160472865,
        0.17667694332314698
      ],
      "amp": 0.15013665756881783,
      "phase": 3.3716907034794907,
      "lobes": 4,
      "density": 28,
      "scale": 0.8524652017483302
    }
  ]
}