{
  "product_id": "597957144405",
  "seed": 3055415071,
  "colors": [
    "#1EF1F2",
    "#DC4FDD",
    "#F6FA31"
  ],
  "shape_types": [
    "oval",
    "arc",
    "leaf"
  ],
  "size": 800,
  "per_shape": [
    {
      "index": 0,
      "color": "#1EF1F2",
      "shape": "oval",
      "center": [
        -0.14812609547691002,
        -0.07124438440198294
      ],
      "amp": 0.20091964897391068,
      "phase": 5.4264738480951715,
      "lobes": 2,
      "density": 34,
      "scale": 1.0939753877517806,
      "oval_a": 1.1871491547468267,
      "oval_b": 0.8655091006470159
    },
    {
      "index": 1,
      "color": "#DC4FDD",
      "shape": "arc",
      "center": [
        -0.30133291811023444,
        -0.3092164094312513
      ],
      "amp": 0.19413595078895407,
      "phase": 1.544062729719172,
      "lobes": 4,
      "density": 27,
      "scale": 1.057144907978088
    },
    {
      "index": 2,
      "color": "#F6FA31",
      "shape": "leaf",
      "center": [
        0.1951819375892081,
        0.21798312583735657
      ],
      "amp": 0.18244570326990023,
      "phase": 1.0508609212308717,
      "lobes": 2,
      "density": 25,
      "scale": 0.8278369796155127,
      "leaf_type": "heart_polar_r=1-sin(theta+phase)"
    }
  ]
}