{
  "product_id": "597957144151",
  "seed": 47703921,
  "colors": [
    "#1EF1F2",
    "#DC4FDD",
    "#F6FA31"
  ],
  "shape_types": [
    "oval",
    "arc",
    "leaf"
  ],
  "size": 800,
  "per_shape": [
    {
      "index": 0,
      "color": "#1EF1F2",
      "shape": "oval",
      "center": [
        -0.2861353228309419,
        -0.054985226325140524
      ],
      "amp": 0.17360003574117439,
      "phase": 5.467286556047384,
      "lobes": 2,
      "density": 27,
      "scale": 0.8336195331283931,
      "oval_a": 1.1929977531387548,
      "oval_b": 0.7940224956837003
    },
    {
      "index": 1,
      "color": "#DC4FDD",
      "shape": "arc",
      "center": [
        -0.0755249441080682,
        -0.35474572323541953
      ],
      "amp": 0.20281025071604575,
      "phase": 1.913925198547868,
      "lobes": 4,
      "density": 27,
      "scale": 1.1654372820812533
    },
    {
      "index": 2,
      "color": "#F6FA31",
      "shape": "leaf",
      "center": [
        0.06330295135626302,
        -0.3806536076182515
      ],
      "amp": 0.127436079180545,
      "phase": 2.1632395855138675,
      "lobes": 4,
      "density": 28,
      "scale": 1.1761452607092435,
      "leaf_type": "heart_polar_r=1-sin(theta+phase)"
    }
  ]
}