{
  "product_id": "597957143929",
  "seed": 2731843524,
  "colors": [
    "#1EF1F2",
    "#DC4FDD",
    "#F6FA31"
  ],
  "shape_types": [
    "oval",
    "leaf",
    "arc"
  ],
  "size": 800,
  "per_shape": [
    {
      "index": 0,
      "color": "#1EF1F2",
      "shape": "oval",
      "center": [
        0.3302655359386789,
        -0.08846824541800064
      ],
      "amp": 0.13818648683485035,
      "phase": 1.2988733199505356,
      "lobes": 2,
      "density": 32,
      "scale": 1.0723118664805593,
      "oval_a": 1.1795493925108371,
      "oval_b": 0.8791739664779954
    },
    {
      "index": 1,
      "color": "#DC4FDD",
      "shape": "leaf",
      "center": [
        0.16197373736337406,
        0.3323287912043821
      ],
      "amp": 0.26441723986006055,
      "phase": 2.728063182408312,
      "lobes": 4,
      "density": 33,
      "scale": 1.096915984792381,
      "leaf_type": "heart_polar_r=1-sin(theta+phase)"
    },
    {
      "index": 2,
      "color": "#F6FA31",
      "shape": "arc",
      "center": [
        0.0927771319375198,
        0.23618452690055536
      ],
      "amp": 0.1282457732582281,
      "phase": 3.9827456673059034,
      "lobes": 4,
      "density": 34,
      "scale": 0.9115565194492077
    }
  ]
}