{
  "product_id": "597957138913",
  "seed": 3076827303,
  "colors": [
    "#1EF1F2",
    "#DC4FDD",
    "#F6FA31"
  ],
  "shape_types": [
    "loop",
    "oval",
    "arc"
  ],
  "size": 800,
  "per_shape": [
    {
      "index": 0,
      "color": "#1EF1F2",
      "shape": "loop",
      "center": [
        -0.19408578083617112,
        -0.14845432112511575
      ],
      "amp": 0.17807143508982165,
      "phase": 6.040982284153396,
      "lobes": 4,
      "density": 24,
      "scale": 0.8450468736345295,
      "loop_exponent": 2.5
    },
    {
      "index": 1,
      "color": "#DC4FDD",
      "shape": "oval",
      "center": [
        0.37379965091533085,
        0.14984274382603302
      ],
      "amp": 0.21467289947621704,
      "phase": 1.4881428316350487,
      "lobes": 4,
      "density": 25,
      "scale": 1.0802586673089125,
      "oval_a": 1.2630821535840813,
      "oval_b": 0.7919806000326549
    },
    {
      "index": 2,
      "color": "#F6FA31",
      "shape": "arc",
      "center": [
        0.33289653403325414,
        0.31013824645819676
      ],
      "amp": 0.1807844805698106,
      "phase": 0.7940890541070519,
      "lobes": 2,
      "density": 18,
      "scale": 0.8830003817768737
    }
  ]
}