{
  "product_id": "597957141631",
  "seed": 119464222,
  "colors": [
    "#1EF1F2",
    "#DC4FDD",
    "#F6FA31"
  ],
  "shape_types": [
    "loop",
    "oval",
    "arc"
  ],
  "size": 800,
  "per_shape": [
    {
      "index": 0,
      "color": "#1EF1F2",
      "shape": "loop",
      "center": [
        -0.292931940126594,
        -0.17832391664144068
      ],
      "amp": 0.22626161815859697,
      "phase": 1.1028035746071732,
      "lobes": 2,
      "density": 34,
      "scale": 1.0374474424074043,
      "loop_exponent": 2.5
    },
    {
      "index": 1,
      "color": "#DC4FDD",
      "shape": "oval",
      "center": [
        -0.32088228094356774,
        0.10669382914343317
      ],
      "amp": 0.20636921159558852,
      "phase": 0.5094280975347113,
      "lobes": 2,
      "density": 32,
      "scale": 0.8046134419901385,
      "oval_a": 1.2518990168403588,
      "oval_b": 0.8854113089610969
    },
    {
      "index": 2,
      "color": "#F6FA31",
      "shape": "arc",
      "center": [
        -0.2526651805228256,
        0.03289415118126582
      ],
      "amp": 0.16184666328938918,
      "phase": 2.911556155436194,
      "lobes": 4,
      "density": 32,
      "scale": 0.828835027037601
    }
  ]
}