{
  "product_id": "597957148257",
  "seed": 1890968341,
  "colors": [
    "#1EF1F2",
    "#DC4FDD",
    "#F6FA31"
  ],
  "shape_types": [
    "loop",
    "oval",
    "leaf"
  ],
  "size": 800,
  "per_shape": [
    {
      "index": 0,
      "color": "#1EF1F2",
      "shape": "loop",
      "center": [
        0.1695745512409721,
        -0.18864708173002542
      ],
      "amp": 0.20919239014996782,
      "phase": 6.194496472565754,
      "lobes": 2,
      "density": 19,
      "scale": 0.8848320228692275,
      "loop_exponent": 2.5
    },
    {
      "index": 1,
      "color": "#DC4FDD",
      "shape": "oval",
      "center": [
        0.1060671605649759,
        0.18301961854296234
      ],
      "amp": 0.07170027647517661,
      "phase": 1.6253076734025307,
      "lobes": 2,
      "density": 20,
      "scale": 1.1056830699144267,
      "oval_a": 1.2283098289633552,
      "oval_b": 0.8045069744942586
    },
    {
      "index": 2,
      "color": "#F6FA31",
      "shape": "leaf",
      "center": [
        -0.10088670363287777,
        -0.1095837913633031
      ],
      "amp": 0.27151672677169847,
      "phase": 2.188590636437713,
      "lobes": 2,
      "density": 21,
      "scale": 0.944955872859578,
      "leaf_type": "heart_polar_r=1-sin(theta+phase)"
    }
  ]
}