{
  "product_id": "597957143713",
  "seed": 1499940864,
  "colors": [
    "#1EF1F2",
    "#DC4FDD",
    "#F6FA31"
  ],
  "shape_types": [
    "arc",
    "oval",
    "leaf"
  ],
  "size": 800,
  "per_shape": [
    {
      "index": 0,
      "color": "#1EF1F2",
      "shape": "arc",
      "center": [
        0.23981449572070435,
        -0.230208181775442
      ],
      "amp": 0.14253484202620265,
      "phase": 3.761988493207963,
      "lobes": 2,
      "density": 23,
      "scale": 0.8691020654924702
    },
    {
      "index": 1,
      "color": "#DC4FDD",
      "shape": "oval",
      "center": [
        0.1721991292356433,
        -0.22857407170560676
      ],
      "amp": 0.07112650512485501,
      "phase": 3.6414237868476107,
      "lobes": 2,
      "density": 28,
      "scale": 1.0036408341203846,
      "oval_a": 1.1737172595506677,
      "oval_b": 0.8611269368945749
    },
    {
      "index": 2,
      "color": "#F6FA31",
      "shape": "leaf",
      "center": [
        0.1494455099296309,
        0.26086440891560225
      ],
      "amp": 0.056394169718904055,
      "phase": 6.08871962209561,
      "lobes": 4,
      "density": 18,
      "scale": 0.8936670883364581,
      "leaf_type": "heart_polar_r=1-sin(theta+phase)"
    }
  ]
}