{
  "product_id": "597957142115",
  "seed": 1699729000,
  "colors": [
    "#1EF1F2",
    "#DC4FDD",
    "#F6FA31"
  ],
  "shape_types": [
    "arc",
    "oval",
    "leaf"
  ],
  "size": 800,
  "per_shape": [
    {
      "index": 0,
      "color": "#1EF1F2",
      "shape": "arc",
      "center": [
        -0.208281051591936,
        0.2330871693310822
      ],
      "amp": 0.1499447452551833,
      "phase": 0.9233543507599107,
      "lobes": 3,
      "density": 24,
      "scale": 1.0218731917031665
    },
    {
      "index": 1,
      "color": "#DC4FDD",
      "shape": "oval",
      "center": [
        0.019279146799590863,
        0.34228807117777715
      ],
      "amp": 0.22373033130419795,
      "phase": 6.000245109178803,
      "lobes": 3,
      "density": 21,
      "scale": 0.9897416663046663,
      "oval_a": 1.1841722757026243,
      "oval_b": 0.8883786265540602
    },
    {
      "index": 2,
      "color": "#F6FA31",
      "shape": "leaf",
      "center": [
        0.09585134107288712,
        0.15182436695364132
      ],
      "amp": 0.09523531404960499,
      "phase": 0.15891676527189827,
      "lobes": 4,
      "density": 28,
      "scale": 1.0553804286249906,
      "leaf_type": "heart_polar_r=1-sin(theta+phase)"
    }
  ]
}