{
  "product_id": "597957142713",
  "seed": 1164759242,
  "colors": [
    "#1EF1F2",
    "#DC4FDD",
    "#F6FA31"
  ],
  "shape_types": [
    "leaf",
    "loop",
    "oval"
  ],
  "size": 800,
  "per_shape": [
    {
      "index": 0,
      "color": "#1EF1F2",
      "shape": "leaf",
      "center": [
        0.2725164273797813,
        0.0330346783615007
      ],
      "amp": 0.10547480529148547,
      "phase": 6.034340577762272,
      "lobes": 4,
      "density": 25,
      "scale": 0.9451357307498847,
      "leaf_type": "heart_polar_r=1-sin(theta+phase)"
    },
    {
      "index": 1,
      "color": "#DC4FDD",
      "shape": "loop",
      "center": [
        -0.35884043820832867,
        0.2234470031014304
      ],
      "amp": 0.06044540185788945,
      "phase": 0.47669182167620777,
      "lobes": 2,
      "density": 19,
      "scale": 1.0874845157232438,
      "loop_exponent": 2.5
    },
    {
      "index": 2,
      "color": "#F6FA31",
      "shape": "oval",
      "center": [
        0.2950194562926364,
        -0.041912078545426
      ],
      "amp": 0.21144419429500416,
      "phase": 2.6074709895003583,
      "lobes": 4,
      "density": 35,
      "scale": 1.0527160592792646,
      "oval_a": 1.2833759741703694,
      "oval_b": 0.7495108380179931
    }
  ]
}