{
  "product_id": "597957139355",
  "seed": 2565079842,
  "colors": [
    "#1EF1F2",
    "#DC4FDD",
    "#F6FA31"
  ],
  "shape_types": [
    "oval",
    "loop",
    "arc"
  ],
  "size": 800,
  "per_shape": [
    {
      "index": 0,
      "color": "#1EF1F2",
      "shape": "oval",
      "center": [
        -0.15444243868961208,
        0.21026094458435762
      ],
      "amp": 0.15936614386725872,
      "phase": 4.301216750119499,
      "lobes": 3,
      "density": 31,
      "scale": 1.0120579813628283,
      "oval_a": 1.213557449748941,
      "oval_b": 0.7024112449262995
    },
    {
      "index": 1,
      "color": "#DC4FDD",
      "shape": "loop",
      "center": [
        0.3220992393215959,
        -0.18348940547196468
      ],
      "amp": 0.11756161525423965,
      "phase": 6.090751423431064,
      "lobes": 4,
      "density": 33,
      "scale": 0.8562943967388815,
      "loop_exponent": 2.5
    },
    {
      "index": 2,
      "color": "#F6FA31",
      "shape": "arc",
      "center": [
        -0.2896466227656038,
        0.265437008899717
      ],
      "amp": 0.12873797188264574,
      "phase": 5.646259730043948,
      "lobes": 2,
      "density": 19,
      "scale": 0.8523921639820817
    }
  ]
}