{
  "product_id": "597957144653",
  "seed": 1386444505,
  "colors": [
    "#1EF1F2",
    "#DC4FDD",
    "#F6FA31"
  ],
  "shape_types": [
    "oval",
    "arc",
    "loop"
  ],
  "size": 800,
  "per_shape": [
    {
      "index": 0,
      "color": "#1EF1F2",
      "shape": "oval",
      "center": [
        -0.04996874327253009,
        -0.044591891268540684
      ],
      "amp": 0.24289670971134975,
      "phase": 3.333975177177535,
      "lobes": 4,
      "density": 29,
      "scale": 0.9614437083138552,
      "oval_a": 1.2458439902979528,
      "oval_b": 0.8978555041895514
    },
    {
      "index": 1,
      "color": "#DC4FDD",
      "shape": "arc",
      "center": [
        0.3072649697455543,
        0.0320923895508039
      ],
      "amp": 0.14357346113307407,
      "phase": 2.685054044209029,
      "lobes": 4,
      "density": 36,
      "scale": 1.000117797221944
    },
    {
      "index": 2,
      "color": "#F6FA31",
      "shape": "loop",
      "center": [
        -0.1878149383918138,
        -0.039763903300243264
      ],
      "amp": 0.1094167598309682,
      "phase": 2.0498082133416133,
      "lobes": 3,
      "density": 29,
      "scale": 0.9465816150343302,
      "loop_exponent": 2.5
    }
  ]
}