{
  "product_id": "597957144869",
  "seed": 2840140049,
  "colors": [
    "#1EF1F2",
    "#DC4FDD",
    "#F6FA31"
  ],
  "shape_types": [
    "leaf",
    "oval",
    "loop"
  ],
  "size": 800,
  "per_shape": [
    {
      "index": 0,
      "color": "#1EF1F2",
      "shape": "leaf",
      "center": [
        -0.1478980070101253,
        0.11428849704734956
      ],
      "amp": 0.1685559744043877,
      "phase": 3.2363071421468184,
      "lobes": 4,
      "density": 29,
      "scale": 0.8233679588631679,
      "leaf_type": "heart_polar_r=1-sin(theta+phase)"
    },
    {
      "index": 1,
      "color": "#DC4FDD",
      "shape": "oval",
      "center": [
        0.3360725456429484,
        -0.33750404299743364
      ],
      "amp": 0.1948649802049796,
      "phase": 2.2680764037591166,
      "lobes": 2,
      "density": 20,
      "scale": 0.8870631301957052,
      "oval_a": 1.1451195278394328,
      "oval_b": 0.7337823268393868
    },
    {
      "index": 2,
      "color": "#F6FA31",
      "shape": "loop",
      "center": [
        0.15408207490706605,
        0.015281440688012182
      ],
      "amp": 0.20197478014474524,
      "phase": 1.4529709913140463,
      "lobes": 3,
      "density": 20,
      "scale": 0.9612900264533157,
      "loop_exponent": 2.5
    }
  ]
}