{
  "product_id": "597957140579",
  "seed": 3698612388,
  "colors": [
    "#1EF1F2",
    "#DC4FDD",
    "#F6FA31"
  ],
  "shape_types": [
    "leaf",
    "loop",
    "arc"
  ],
  "size": 800,
  "per_shape": [
    {
      "index": 0,
      "color": "#1EF1F2",
      "shape": "leaf",
      "center": [
        -0.2689857533967587,
        0.3736510943239827
      ],
      "amp": 0.29322758627990536,
      "phase": 6.152895401059392,
      "lobes": 4,
      "density": 26,
      "scale": 0.943806070333008,
      "leaf_type": "heart_polar_r=1-sin(theta+phase)"
    },
    {
      "index": 1,
      "color": "#DC4FDD",
      "shape": "loop",
      "center": [
        0.32134906200192026,
        -0.14193165035239502
      ],
      "amp": 0.2632275207211837,
      "phase": 4.500946779101091,
      "lobes": 3,
      "density": 27,
      "scale": 1.0640767436132035,
      "loop_exponent": 2.5
    },
    {
      "index": 2,
      "color": "#F6FA31",
      "shape": "arc",
      "center": [
        0.09779405002658442,
        0.06663265904181781
      ],
      "amp": 0.1857020383680799,
      "phase": 5.963810872538401,
      "lobes": 4,
      "density": 18,
      "scale": 0.8384679560553062
    }
  ]
}