{
  "product_id": "597957139713",
  "seed": 2230260128,
  "colors": [
    "#1EF1F2",
    "#DC4FDD",
    "#F6FA31"
  ],
  "shape_types": [
    "leaf",
    "loop",
    "oval"
  ],
  "size": 800,
  "per_shape": [
    {
      "index": 0,
      "color": "#1EF1F2",
      "shape": "leaf",
      "center": [
        -0.2426949131032167,
        -0.10259477914947307
      ],
      "amp": 0.28936403439268765,
      "phase": 6.161869554414125,
      "lobes": 3,
      "density": 27,
      "scale": 0.9327940388333,
      "leaf_type": "heart_polar_r=1-sin(theta+phase)"
    },
    {
      "index": 1,
      "color": "#DC4FDD",
      "shape": "loop",
      "center": [
        0.1624352825872506,
        0.3850296546515296
      ],
      "amp": 0.07173868118472697,
      "phase": 3.6703552194685365,
      "lobes": 4,
      "density": 36,
      "scale": 0.937085984461931,
      "loop_exponent": 2.5
    },
    {
      "index": 2,
      "color": "#F6FA31",
      "shape": "oval",
      "center": [
        0.3712866384367648,
        0.037056074082275736
      ],
      "amp": 0.2832170630428507,
      "phase": 4.421845147751482,
      "lobes": 2,
      "density": 27,
      "scale": 1.0032322861633867,
      "oval_a": 1.1369825125857447,
      "oval_b": 0.7393871462686152
    }
  ]
}