{
  "product_id": "597957145043",
  "seed": 1633662977,
  "colors": [
    "#1EF1F2",
    "#DC4FDD",
    "#F6FA31"
  ],
  "shape_types": [
    "arc",
    "oval",
    "leaf"
  ],
  "size": 800,
  "per_shape": [
    {
      "index": 0,
      "color": "#1EF1F2",
      "shape": "arc",
      "center": [
        0.30522657369011785,
        0.12490471149587168
      ],
      "amp": 0.11740475621647896,
      "phase": 5.612754623416669,
      "lobes": 2,
      "density": 36,
      "scale": 0.9691099761997763
    },
    {
      "index": 1,
      "color": "#DC4FDD",
      "shape": "oval",
      "center": [
        0.34661395255227123,
        -0.12375674377864965
      ],
      "amp": 0.2556784393789715,
      "phase": 0.3875363242532909,
      "lobes": 3,
      "density": 33,
      "scale": 1.1808972464818772,
      "oval_a": 1.2190074895450793,
      "oval_b": 0.7492376092659242
    },
    {
      "index": 2,
      "color": "#F6FA31",
      "shape": "leaf",
      "center": [
        -0.18601817642578589,
        -0.3258959363442858
      ],
      "amp": 0.1336394523210359,
      "phase": 3.30604544819399,
      "lobes": 2,
      "density": 24,
      "scale": 0.9266759851561926,
      "leaf_type": "heart_polar_r=1-sin(theta+phase)"
    }
  ]
}