{
  "product_id": "597957145239",
  "seed": 135885035,
  "colors": [
    "#1EF1F2",
    "#DC4FDD",
    "#F6FA31"
  ],
  "shape_types": [
    "loop",
    "oval",
    "arc"
  ],
  "size": 800,
  "per_shape": [
    {
      "index": 0,
      "color": "#1EF1F2",
      "shape": "loop",
      "center": [
        -0.3407541203622018,
        0.2003313518130866
      ],
      "amp": 0.26637084069833433,
      "phase": 0.6840302196043966,
      "lobes": 4,
      "density": 20,
      "scale": 0.8081928444097144,
      "loop_exponent": 2.5
    },
    {
      "index": 1,
      "color": "#DC4FDD",
      "shape": "oval",
      "center": [
        -0.059779915604261824,
        0.10737303750971161
      ],
      "amp": 0.06841328527634179,
      "phase": 0.7704025083002152,
      "lobes": 2,
      "density": 32,
      "scale": 0.9796378976741973,
      "oval_a": 1.1027954272291736,
      "oval_b": 0.8346480760344032
    },
    {
      "index": 2,
      "color": "#F6FA31",
      "shape": "arc",
      "center": [
        -0.2561602921670558,
        0.04772578602774624
      ],
      "amp": 0.2760793027734369,
      "phase": 2.8328594994381415,
      "lobes": 2,
      "density": 30,
      "scale": 1.0456583940432256
    }
  ]
}