{
  "product_id": "597957148631",
  "seed": 197155616,
  "colors": [
    "#1EF1F2",
    "#DC4FDD",
    "#F6FA31"
  ],
  "shape_types": [
    "leaf",
    "arc",
    "oval"
  ],
  "size": 800,
  "per_shape": [
    {
      "index": 0,
      "color": "#1EF1F2",
      "shape": "leaf",
      "center": [
        -0.3486686209123273,
        0.08668143756116614
      ],
      "amp": 0.05096397444100868,
      "phase": 0.9896610965050676,
      "lobes": 2,
      "density": 36,
      "scale": 0.9821807059666907,
      "leaf_type": "heart_polar_r=1-sin(theta+phase)"
    },
    {
      "index": 1,
      "color": "#DC4FDD",
      "shape": "arc",
      "center": [
        -0.2189722113409256,
        -0.2918226664802139
      ],
      "amp": 0.23523465431760443,
      "phase": 4.145747133692939,
      "lobes": 4,
      "density": 31,
      "scale": 0.9755243362115157
    },
    {
      "index": 2,
      "color": "#F6FA31",
      "shape": "oval",
      "center": [
        -0.34448524314182816,
        0.269112818371549
      ],
      "amp": 0.21815399596941493,
      "phase": 5.957883127457962,
      "lobes": 3,
      "density": 36,
      "scale": 0.9936242837304597,
      "oval_a": 1.2630637056870788,
      "oval_b": 0.8749970864064555
    }
  ]
}