{
  "product_id": "597957142103",
  "seed": 63559802,
  "colors": [
    "#1EF1F2",
    "#DC4FDD",
    "#F6FA31"
  ],
  "shape_types": [
    "loop",
    "leaf",
    "arc"
  ],
  "size": 800,
  "per_shape": [
    {
      "index": 0,
      "color": "#1EF1F2",
      "shape": "loop",
      "center": [
        0.12238083894672047,
        -0.021945397250235033
      ],
      "amp": 0.07173952916825684,
      "phase": 4.483419388454057,
      "lobes": 4,
      "density": 27,
      "scale": 1.0314668013930353,
      "loop_exponent": 2.5
    },
    {
      "index": 1,
      "color": "#DC4FDD",
      "shape": "leaf",
      "center": [
        -0.07653221867051146,
        0.11757745991091073
      ],
      "amp": 0.2743435029082885,
      "phase": 5.5483417989732216,
      "lobes": 2,
      "density": 19,
      "scale": 0.8557136466406284,
      "leaf_type": "heart_polar_r=1-sin(theta+phase)"
    },
    {
      "index": 2,
      "color": "#F6FA31",
      "shape": "arc",
      "center": [
        -0.10790816842600831,
        -0.10424628022128107
      ],
      "amp": 0.23455490591266426,
      "phase": 3.074855814089041,
      "lobes": 2,
      "density": 33,
      "scale": 1.0107872355595489
    }
  ]
}