{
  "product_id": "597957144079",
  "seed": 3913097494,
  "colors": [
    "#1EF1F2",
    "#DC4FDD",
    "#F6FA31"
  ],
  "shape_types": [
    "loop",
    "leaf",
    "oval"
  ],
  "size": 800,
  "per_shape": [
    {
      "index": 0,
      "color": "#1EF1F2",
      "shape": "loop",
      "center": [
        0.05478133381171635,
        0.27023346994560915
      ],
      "amp": 0.06017991085516587,
      "phase": 4.440354271773333,
      "lobes": 3,
      "density": 21,
      "scale": 0.8774705080696918,
      "loop_exponent": 2.5
    },
    {
      "index": 1,
      "color": "#DC4FDD",
      "shape": "leaf",
      "center": [
        0.22489670554444252,
        -0.03754813061625306
      ],
      "amp": 0.28374066071454357,
      "phase": 4.128709636724217,
      "lobes": 2,
      "density": 34,
      "scale": 0.8067637006001834,
      "leaf_type": "heart_polar_r=1-sin(theta+phase)"
    },
    {
      "index": 2,
      "color": "#F6FA31",
      "shape": "oval",
      "center": [
        0.01888676559106467,
        -0.007461216490410483
      ],
      "amp": 0.08170070340341283,
      "phase": 3.038814060219197,
      "lobes": 4,
      "density": 20,
      "scale": 0.9404342860906088,
      "oval_a": 1.2558610923366054,
      "oval_b": 0.8263899760003753
    }
  ]
}