{
  "product_id": "597957143421",
  "seed": 4025616416,
  "colors": [
    "#1EF1F2",
    "#DC4FDD",
    "#F6FA31"
  ],
  "shape_types": [
    "loop",
    "arc",
    "leaf"
  ],
  "size": 800,
  "per_shape": [
    {
      "index": 0,
      "color": "#1EF1F2",
      "shape": "loop",
      "center": [
        0.23584998077494812,
        0.20352229528855859
      ],
      "amp": 0.2965486509098359,
      "phase": 3.3458773767084398,
      "lobes": 4,
      "density": 27,
      "scale": 1.1529433032612435,
      "loop_exponent": 2.5
    },
    {
      "index": 1,
      "color": "#DC4FDD",
      "shape": "arc",
      "center": [
        -0.15700898638207716,
        -0.009967670441531795
      ],
      "amp": 0.12316775913494489,
      "phase": 4.442256173599717,
      "lobes": 2,
      "density": 27,
      "scale": 0.9881231690584232
    },
    {
      "index": 2,
      "color": "#F6FA31",
      "shape": "leaf",
      "center": [
        -0.19630040085406197,
        0.0830620170218686
      ],
      "amp": 0.13838451610694052,
      "phase": 1.623648031443842,
      "lobes": 2,
      "density": 30,
      "scale": 0.8814379969231366,
      "leaf_type": "heart_polar_r=1-sin(theta+phase)"
    }
  ]
}