{
  "product_id": "597957144813",
  "seed": 476598083,
  "colors": [
    "#1EF1F2",
    "#DC4FDD",
    "#F6FA31"
  ],
  "shape_types": [
    "leaf",
    "arc",
    "loop"
  ],
  "size": 800,
  "per_shape": [
    {
      "index": 0,
      "color": "#1EF1F2",
      "shape": "leaf",
      "center": [
        0.32963929183763185,
        0.007704193603594867
      ],
      "amp": 0.1088335419315291,
      "phase": 1.2920421279779797,
      "lobes": 2,
      "density": 35,
      "scale": 0.9422317554600383,
      "leaf_type": "heart_polar_r=1-sin(theta+phase)"
    },
    {
      "index": 1,
      "color": "#DC4FDD",
      "shape": "arc",
      "center": [
        0.33373998045044706,
        -0.3319463288276544
      ],
      "amp": 0.17984820936132456,
      "phase": 4.605816221131578,
      "lobes": 4,
      "density": 22,
      "scale": 1.1704495933167285
    },
    {
      "index": 2,
      "color": "#F6FA31",
      "shape": "loop",
      "center": [
        -0.33244927583267225,
        -0.05401674451409616
      ],
      "amp": 0.20579910092447734,
      "phase": 4.217073490654766,
      "lobes": 3,
      "density": 22,
      "scale": 1.153662658472511,
      "loop_exponent": 2.5
    }
  ]
}