{
  "product_id": "597957145473",
  "seed": 1007495206,
  "colors": [
    "#1EF1F2",
    "#DC4FDD",
    "#F6FA31"
  ],
  "shape_types": [
    "arc",
    "leaf",
    "loop"
  ],
  "size": 800,
  "per_shape": [
    {
      "index": 0,
      "color": "#1EF1F2",
      "shape": "arc",
      "center": [
        0.07756320062695332,
        -0.09963740688861833
      ],
      "amp": 0.177441956223506,
      "phase": 5.183451907838134,
      "lobes": 2,
      "density": 20,
      "scale": 1.0269105799713623
    },
    {
      "index": 1,
      "color": "#DC4FDD",
      "shape": "leaf",
      "center": [
        -0.08196806428502085,
        -0.1494098791812915
      ],
      "amp": 0.11215259093976652,
      "phase": 4.935177544705773,
      "lobes": 2,
      "density": 28,
      "scale": 0.8282716241758087,
      "leaf_type": "heart_polar_r=1-sin(theta+phase)"
    },
    {
      "index": 2,
      "color": "#F6FA31",
      "shape": "loop",
      "center": [
        -0.27306902726193605,
        0.06673501975606655
      ],
      "amp": 0.13229297121592554,
      "phase": 1.180216965723967,
      "lobes": 4,
      "density": 36,
      "scale": 1.0661050758123665,
      "loop_exponent": 2.5
    }
  ]
}