{
  "product_id": "597957144469",
  "seed": 3211470555,
  "colors": [
    "#1EF1F2",
    "#DC4FDD",
    "#F6FA31"
  ],
  "shape_types": [
    "arc",
    "loop",
    "leaf"
  ],
  "size": 800,
  "per_shape": [
    {
      "index": 0,
      "color": "#1EF1F2",
      "shape": "arc",
      "center": [
        0.12375012662305529,
        -0.15167101060173566
      ],
      "amp": 0.0684170699660815,
      "phase": 0.8920068807595305,
      "lobes": 2,
      "density": 24,
      "scale": 0.9568169769196664
    },
    {
      "index": 1,
      "color": "#DC4FDD",
      "shape": "loop",
      "center": [
        0.07031847387523288,
        -0.16301137733828233
      ],
      "amp": 0.29471074481083825,
      "phase": 5.327271419619484,
      "lobes": 4,
      "density": 35,
      "scale": 0.8577796097865436,
      "loop_exponent": 2.5
    },
    {
      "index": 2,
      "color": "#F6FA31",
      "shape": "leaf",
      "center": [
        -0.359164379938782,
        -0.2144587750954096
      ],
      "amp": 0.285389954791742,
      "phase": 3.0873717143546155,
      "lobes": 4,
      "density": 25,
      "scale": 1.0675091217873318,
      "leaf_type": "heart_polar_r=1-sin(theta+phase)"
    }
  ]
}