{
  "product_id": "597957146803",
  "seed": 1984995223,
  "colors": [
    "#1EF1F2",
    "#DC4FDD",
    "#F6FA31"
  ],
  "shape_types": [
    "arc",
    "oval",
    "leaf"
  ],
  "size": 800,
  "per_shape": [
    {
      "index": 0,
      "color": "#1EF1F2",
      "shape": "arc",
      "center": [
        0.38758929587925595,
        0.1289957904175566
      ],
      "amp": 0.25947391862591274,
      "phase": 1.327866174907304,
      "lobes": 3,
      "density": 22,
      "scale": 1.1594003147146463
    },
    {
      "index": 1,
      "color": "#DC4FDD",
      "shape": "oval",
      "center": [
        0.17261041563893398,
        0.30024641646243855
      ],
      "amp": 0.2438219125897811,
      "phase": 5.6480555386644475,
      "lobes": 3,
      "density": 22,
      "scale": 0.8698610196950548,
      "oval_a": 1.2017810994066793,
      "oval_b": 0.7266699284147105
    },
    {
      "index": 2,
      "color": "#F6FA31",
      "shape": "leaf",
      "center": [
        -0.1383496857860343,
        0.3411490825752269
      ],
      "amp": 0.15766587175679397,
      "phase": 0.6977940404657467,
      "lobes": 3,
      "density": 23,
      "scale": 1.181112270605233,
      "leaf_type": "heart_polar_r=1-sin(theta+phase)"
    }
  ]
}