{
  "product_id": "597957145613",
  "seed": 2609305371,
  "colors": [
    "#1EF1F2",
    "#DC4FDD",
    "#F6FA31"
  ],
  "shape_types": [
    "leaf",
    "oval",
    "loop"
  ],
  "size": 800,
  "per_shape": [
    {
      "index": 0,
      "color": "#1EF1F2",
      "shape": "leaf",
      "center": [
        -0.20457132465740013,
        0.30243071220899786
      ],
      "amp": 0.2896679371403337,
      "phase": 6.026212805914301,
      "lobes": 2,
      "density": 26,
      "scale": 0.8396381970521802,
      "leaf_type": "heart_polar_r=1-sin(theta+phase)"
    },
    {
      "index": 1,
      "color": "#DC4FDD",
      "shape": "oval",
      "center": [
        -0.04360879407043605,
        0.1349393255820801
      ],
      "amp": 0.06177107226171043,
      "phase": 4.280448549121668,
      "lobes": 3,
      "density": 27,
      "scale": 1.060006992818277,
      "oval_a": 1.222509777259014,
      "oval_b": 0.7907041892000153
    },
    {
      "index": 2,
      "color": "#F6FA31",
      "shape": "loop",
      "center": [
        0.04718619359078352,
        0.3329985581990508
      ],
      "amp": 0.2913302535893393,
      "phase": 4.65916626658064,
      "lobes": 2,
      "density": 35,
      "scale": 1.1416022363348108,
      "loop_exponent": 2.5
    }
  ]
}