{
  "product_id": "597957144075",
  "seed": 4261514295,
  "colors": [
    "#1EF1F2",
    "#DC4FDD",
    "#F6FA31"
  ],
  "shape_types": [
    "oval",
    "arc",
    "leaf"
  ],
  "size": 800,
  "per_shape": [
    {
      "index": 0,
      "color": "#1EF1F2",
      "shape": "oval",
      "center": [
        -0.3199492715251509,
        -0.32553269366172116
      ],
      "amp": 0.1279342365180598,
      "phase": 5.8287181198909845,
      "lobes": 2,
      "density": 22,
      "scale": 0.8518104848772707,
      "oval_a": 1.166200085990908,
      "oval_b": 0.86325450756792
    },
    {
      "index": 1,
      "color": "#DC4FDD",
      "shape": "arc",
      "center": [
        -0.04695849819576631,
        0.19030451494364098
      ],
      "amp": 0.26550377229413835,
      "phase": 3.5373138939418105,
      "lobes": 3,
      "density": 24,
      "scale": 0.8399789767360883
    },
    {
      "index": 2,
      "color": "#F6FA31",
      "shape": "leaf",
      "center": [
        0.22040092471759853,
        0.18356955638905104
      ],
      "amp": 0.10100182250772606,
      "phase": 4.527552987867184,
      "lobes": 4,
      "density": 33,
      "scale": 1.0691423715649797,
      "leaf_type": "heart_polar_r=1-sin(theta+phase)"
    }
  ]
}