{
  "product_id": "597957138861",
  "seed": 63960682,
  "colors": [
    "#1EF1F2",
    "#DC4FDD",
    "#F6FA31"
  ],
  "shape_types": [
    "leaf",
    "loop",
    "oval"
  ],
  "size": 800,
  "per_shape": [
    {
      "index": 0,
      "color": "#1EF1F2",
      "shape": "leaf",
      "center": [
        -0.01936731399275926,
        0.11978299479664711
      ],
      "amp": 0.12478345664933636,
      "phase": 4.597954156528303,
      "lobes": 2,
      "density": 28,
      "scale": 1.017167455891058,
      "leaf_type": "heart_polar_r=1-sin(theta+phase)"
    },
    {
      "index": 1,
      "color": "#DC4FDD",
      "shape": "loop",
      "center": [
        0.05232110322315753,
        0.3810594924676798
      ],
      "amp": 0.11027231231087119,
      "phase": 0.7098003006040701,
      "lobes": 3,
      "density": 29,
      "scale": 1.0578073937923542,
      "loop_exponent": 2.5
    },
    {
      "index": 2,
      "color": "#F6FA31",
      "shape": "oval",
      "center": [
        -0.2985578716569129,
        0.29303956295290046
      ],
      "amp": 0.21122800495476285,
      "phase": 1.972442576430901,
      "lobes": 2,
      "density": 18,
      "scale": 0.9963237927418884,
      "oval_a": 1.227516842740645,
      "oval_b": 0.7347590803621451
    }
  ]
}