{
  "product_id": "597957138925",
  "seed": 2190826414,
  "colors": [
    "#1EF1F2",
    "#DC4FDD",
    "#F6FA31"
  ],
  "shape_types": [
    "oval",
    "loop",
    "leaf"
  ],
  "size": 800,
  "per_shape": [
    {
      "index": 0,
      "color": "#1EF1F2",
      "shape": "oval",
      "center": [
        -0.19775992106789372,
        -0.08770296513406944
      ],
      "amp": 0.10929245054923466,
      "phase": 3.5137502133098844,
      "lobes": 3,
      "density": 34,
      "scale": 1.0639884376991262,
      "oval_a": 1.1269536280226056,
      "oval_b": 0.8093967432086326
    },
    {
      "index": 1,
      "color": "#DC4FDD",
      "shape": "loop",
      "center": [
        -0.01282632397973582,
        0.15296482136388034
      ],
      "amp": 0.2068910312115027,
      "phase": 3.587943352864264,
      "lobes": 4,
      "density": 36,
      "scale": 0.8024680398530354,
      "loop_exponent": 2.5
    },
    {
      "index": 2,
      "color": "#F6FA31",
      "shape": "leaf",
      "center": [
        -3.0558637612698725e-05,
        0.2174292039218132
      ],
      "amp": 0.24807823170052318,
      "phase": 2.991288666158613,
      "lobes": 3,
      "density": 24,
      "scale": 0.8987567337599638,
      "leaf_type": "heart_polar_r=1-sin(theta+phase)"
    }
  ]
}