{
  "product_id": "597957144331",
  "seed": 1207898937,
  "colors": [
    "#1EF1F2",
    "#DC4FDD",
    "#F6FA31"
  ],
  "shape_types": [
    "oval",
    "leaf",
    "loop"
  ],
  "size": 800,
  "per_shape": [
    {
      "index": 0,
      "color": "#1EF1F2",
      "shape": "oval",
      "center": [
        -0.2770692323451036,
        0.2380697013558256
      ],
      "amp": 0.2256369797293445,
      "phase": 5.391233311614802,
      "lobes": 4,
      "density": 21,
      "scale": 0.8293362864197238,
      "oval_a": 1.141833223006059,
      "oval_b": 0.8624822208095883
    },
    {
      "index": 1,
      "color": "#DC4FDD",
      "shape": "leaf",
      "center": [
        -0.3687437859499769,
        0.28432093705657047
      ],
      "amp": 0.231279683821367,
      "phase": 5.596472424562759,
      "lobes": 3,
      "density": 26,
      "scale": 0.884538365836711,
      "leaf_type": "heart_polar_r=1-sin(theta+phase)"
    },
    {
      "index": 2,
      "color": "#F6FA31",
      "shape": "loop",
      "center": [
        0.1676930767939071,
        -0.2291191028039032
      ],
      "amp": 0.12547988730230458,
      "phase": 4.509694257789706,
      "lobes": 3,
      "density": 19,
      "scale": 1.0167967362188346,
      "loop_exponent": 2.5
    }
  ]
}