{
  "product_id": "597957144995",
  "seed": 4041109579,
  "colors": [
    "#1EF1F2",
    "#DC4FDD",
    "#F6FA31"
  ],
  "shape_types": [
    "leaf",
    "oval",
    "arc"
  ],
  "size": 800,
  "per_shape": [
    {
      "index": 0,
      "color": "#1EF1F2",
      "shape": "leaf",
      "center": [
        -0.04120249415927574,
        0.09535842174638648
      ],
      "amp": 0.25671797426815024,
      "phase": 0.432180071705832,
      "lobes": 2,
      "density": 21,
      "scale": 0.8027085809538218,
      "leaf_type": "heart_polar_r=1-sin(theta+phase)"
    },
    {
      "index": 1,
      "color": "#DC4FDD",
      "shape": "oval",
      "center": [
        -0.2534027923952292,
        0.29099609795085646
      ],
      "amp": 0.27643014734289945,
      "phase": 3.1952385149259404,
      "lobes": 2,
      "density": 23,
      "scale": 1.1886441103898067,
      "oval_a": 1.1556406637867376,
      "oval_b": 0.8881745889866742
    },
    {
      "index": 2,
      "color": "#F6FA31",
      "shape": "arc",
      "center": [
        0.13258725661163617,
        -0.323646766581839
      ],
      "amp": 0.07795060379166395,
      "phase": 5.341784994956598,
      "lobes": 3,
      "density": 22,
      "scale": 1.0396901786643957
    }
  ]
}