{
  "product_id": "597957138909",
  "seed": 1404250278,
  "colors": [
    "#1EF1F2",
    "#DC4FDD",
    "#F6FA31"
  ],
  "shape_types": [
    "loop",
    "oval",
    "arc"
  ],
  "size": 800,
  "per_shape": [
    {
      "index": 0,
      "color": "#1EF1F2",
      "shape": "loop",
      "center": [
        -0.37900756608164815,
        -0.22800757189387477
      ],
      "amp": 0.15980282290726466,
      "phase": 4.799498528061108,
      "lobes": 2,
      "density": 19,
      "scale": 0.8786935110963601,
      "loop_exponent": 2.5
    },
    {
      "index": 1,
      "color": "#DC4FDD",
      "shape": "oval",
      "center": [
        -0.062311460417246944,
        0.2714727342007969
      ],
      "amp": 0.2928882390723198,
      "phase": 1.8372010783790864,
      "lobes": 2,
      "density": 22,
      "scale": 1.1341381940140105,
      "oval_a": 1.2657862246609943,
      "oval_b": 0.8132137754956585
    },
    {
      "index": 2,
      "color": "#F6FA31",
      "shape": "arc",
      "center": [
        -0.08085665877017556,
        0.19432686042500535
      ],
      "amp": 0.23465494975919138,
      "phase": 0.9243779121935239,
      "lobes": 2,
      "density": 29,
      "scale": 1.1697768028680124
    }
  ]
}