{
  "product_id": "597957145873",
  "seed": 2809359813,
  "colors": [
    "#1EF1F2",
    "#DC4FDD",
    "#F6FA31"
  ],
  "shape_types": [
    "arc",
    "leaf",
    "loop"
  ],
  "size": 800,
  "per_shape": [
    {
      "index": 0,
      "color": "#1EF1F2",
      "shape": "arc",
      "center": [
        -0.12293020037852892,
        0.26603357812653805
      ],
      "amp": 0.11501086505884726,
      "phase": 2.149191594978772,
      "lobes": 2,
      "density": 24,
      "scale": 1.085208111590714
    },
    {
      "index": 1,
      "color": "#DC4FDD",
      "shape": "leaf",
      "center": [
        0.3924546616285719,
        -0.25858502506939446
      ],
      "amp": 0.2674145586350428,
      "phase": 2.422145772512062,
      "lobes": 3,
      "density": 27,
      "scale": 0.8814023388382978,
      "leaf_type": "heart_polar_r=1-sin(theta+phase)"
    },
    {
      "index": 2,
      "color": "#F6FA31",
      "shape": "loop",
      "center": [
        0.20994659354738454,
        0.261443451642131
      ],
      "amp": 0.21397534126942003,
      "phase": 2.0109582648695463,
      "lobes": 2,
      "density": 26,
      "scale": 1.0932862145608488,
      "loop_exponent": 2.5
    }
  ]
}