{
  "product_id": "597957144167",
  "seed": 180852153,
  "colors": [
    "#1EF1F2",
    "#DC4FDD",
    "#F6FA31"
  ],
  "shape_types": [
    "loop",
    "oval",
    "arc"
  ],
  "size": 800,
  "per_shape": [
    {
      "index": 0,
      "color": "#1EF1F2",
      "shape": "loop",
      "center": [
        -0.2466132864813421,
        -0.00014327758370979993
      ],
      "amp": 0.06940469124232256,
      "phase": 1.2760029530913304,
      "lobes": 2,
      "density": 26,
      "scale": 0.812592705390683,
      "loop_exponent": 2.5
    },
    {
      "index": 1,
      "color": "#DC4FDD",
      "shape": "oval",
      "center": [
        0.07696937975140095,
        -0.35236469224678885
      ],
      "amp": 0.11193690541957756,
      "phase": 1.9679390536497905,
      "lobes": 4,
      "density": 18,
      "scale": 0.8733825388150903,
      "oval_a": 1.270614991878178,
      "oval_b": 0.831570831850558
    },
    {
      "index": 2,
      "color": "#F6FA31",
      "shape": "arc",
      "center": [
        0.2258614581694144,
        0.27373150180368566
      ],
      "amp": 0.05156883242325373,
      "phase": 1.4464402468751183,
      "lobes": 3,
      "density": 23,
      "scale": 1.0242095442121009
    }
  ]
}