{
  "product_id": "597957142135",
  "seed": 3536286746,
  "colors": [
    "#1EF1F2",
    "#DC4FDD",
    "#F6FA31"
  ],
  "shape_types": [
    "leaf",
    "arc",
    "oval"
  ],
  "size": 800,
  "per_shape": [
    {
      "index": 0,
      "color": "#1EF1F2",
      "shape": "leaf",
      "center": [
        0.12312172064713822,
        -0.3694650881358202
      ],
      "amp": 0.17484190609504224,
      "phase": 3.989318805139318,
      "lobes": 4,
      "density": 24,
      "scale": 1.0153978199957845,
      "leaf_type": "heart_polar_r=1-sin(theta+phase)"
    },
    {
      "index": 1,
      "color": "#DC4FDD",
      "shape": "arc",
      "center": [
        0.38933308127249633,
        -0.34940300899088883
      ],
      "amp": 0.08212258247480476,
      "phase": 4.605378825870832,
      "lobes": 4,
      "density": 27,
      "scale": 0.9922201609261958
    },
    {
      "index": 2,
      "color": "#F6FA31",
      "shape": "oval",
      "center": [
        0.058139652156089294,
        -0.38220764873256735
      ],
      "amp": 0.2889279615781911,
      "phase": 3.3667712492083846,
      "lobes": 4,
      "density": 29,
      "scale": 1.0221205518555032,
      "oval_a": 1.1447724237206585,
      "oval_b": 0.7875879333313341
    }
  ]
}