{
  "product_id": "597957146053",
  "seed": 4177864870,
  "colors": [
    "#1EF1F2",
    "#DC4FDD",
    "#F6FA31"
  ],
  "shape_types": [
    "loop",
    "oval",
    "leaf"
  ],
  "size": 800,
  "per_shape": [
    {
      "index": 0,
      "color": "#1EF1F2",
      "shape": "loop",
      "center": [
        0.24402077225552554,
        -0.07928512277684369
      ],
      "amp": 0.17989699802686682,
      "phase": 1.7694545712179106,
      "lobes": 2,
      "density": 30,
      "scale": 0.958396810286063,
      "loop_exponent": 2.5
    },
    {
      "index": 1,
      "color": "#DC4FDD",
      "shape": "oval",
      "center": [
        -0.2425127825573159,
        -0.29886070180844265
      ],
      "amp": 0.05088496993641105,
      "phase": 3.7343882371735555,
      "lobes": 3,
      "density": 25,
      "scale": 0.9338598656414245,
      "oval_a": 1.283620146085819,
      "oval_b": 0.8840360017843392
    },
    {
      "index": 2,
      "color": "#F6FA31",
      "shape": "leaf",
      "center": [
        -0.025517772725627552,
        -0.2369087970732543
      ],
      "amp": 0.25840512361153817,
      "phase": 0.28097754753389914,
      "lobes": 4,
      "density": 18,
      "scale": 0.8563538058622628,
      "leaf_type": "heart_polar_r=1-sin(theta+phase)"
    }
  ]
}