{
  "product_id": "597957143801",
  "seed": 2282110850,
  "colors": [
    "#1EF1F2",
    "#DC4FDD",
    "#F6FA31"
  ],
  "shape_types": [
    "arc",
    "loop",
    "oval"
  ],
  "size": 800,
  "per_shape": [
    {
      "index": 0,
      "color": "#1EF1F2",
      "shape": "arc",
      "center": [
        -0.27764338403265515,
        -0.2509812030572376
      ],
      "amp": 0.26880298403649283,
      "phase": 2.5397383835100613,
      "lobes": 3,
      "density": 30,
      "scale": 0.8039014275339396
    },
    {
      "index": 1,
      "color": "#DC4FDD",
      "shape": "loop",
      "center": [
        -0.17799023150421425,
        -0.1193194659233755
      ],
      "amp": 0.2496036698225041,
      "phase": 0.35405776868017835,
      "lobes": 4,
      "density": 26,
      "scale": 0.9698742216168014,
      "loop_exponent": 2.5
    },
    {
      "index": 2,
      "color": "#F6FA31",
      "shape": "oval",
      "center": [
        -0.23200943914619013,
        -0.13685667252050532
      ],
      "amp": 0.24495776256139157,
      "phase": 5.105674533961258,
      "lobes": 4,
      "density": 27,
      "scale": 1.0592712880131145,
      "oval_a": 1.1862320520999827,
      "oval_b": 0.7700119505609688
    }
  ]
}