{
  "product_id": "597957140493",
  "seed": 1904797187,
  "colors": [
    "#1EF1F2",
    "#DC4FDD",
    "#F6FA31"
  ],
  "shape_types": [
    "loop",
    "oval",
    "leaf"
  ],
  "size": 800,
  "per_shape": [
    {
      "index": 0,
      "color": "#1EF1F2",
      "shape": "loop",
      "center": [
        0.04176935765360118,
        -0.06573570036996657
      ],
      "amp": 0.12455310974751053,
      "phase": 0.15287850552295548,
      "lobes": 3,
      "density": 34,
      "scale": 0.947523565868909,
      "loop_exponent": 2.5
    },
    {
      "index": 1,
      "color": "#DC4FDD",
      "shape": "oval",
      "center": [
        0.04092470703012363,
        -0.17923928606837958
      ],
      "amp": 0.13697214644192618,
      "phase": 1.6156206874431562,
      "lobes": 3,
      "density": 34,
      "scale": 1.1750018765680548,
      "oval_a": 1.1032032726686365,
      "oval_b": 0.7759945908446304
    },
    {
      "index": 2,
      "color": "#F6FA31",
      "shape": "leaf",
      "center": [
        0.17833052279331707,
        -0.057445491085613754
      ],
      "amp": 0.08712996389466514,
      "phase": 3.260774352252105,
      "lobes": 2,
      "density": 31,
      "scale": 0.9482343112761207,
      "leaf_type": "heart_polar_r=1-sin(theta+phase)"
    }
  ]
}