{
  "product_id": "597957145405",
  "seed": 517413505,
  "colors": [
    "#1EF1F2",
    "#DC4FDD",
    "#F6FA31"
  ],
  "shape_types": [
    "loop",
    "oval",
    "arc"
  ],
  "size": 800,
  "per_shape": [
    {
      "index": 0,
      "color": "#1EF1F2",
      "shape": "loop",
      "center": [
        0.15933392342034192,
        -0.2932681326511894
      ],
      "amp": 0.25659181560178673,
      "phase": 6.133776791944909,
      "lobes": 3,
      "density": 32,
      "scale": 1.1505436205571964,
      "loop_exponent": 2.5
    },
    {
      "index": 1,
      "color": "#DC4FDD",
      "shape": "oval",
      "center": [
        0.11112832715358856,
        0.371239396164054
      ],
      "amp": 0.1478971495833849,
      "phase": 0.645859352272692,
      "lobes": 2,
      "density": 31,
      "scale": 1.035663780408642,
      "oval_a": 1.2096427165844987,
      "oval_b": 0.7311511842092945
    },
    {
      "index": 2,
      "color": "#F6FA31",
      "shape": "arc",
      "center": [
        0.3595721571509982,
        -0.15838433868497442
      ],
      "amp": 0.07206981545334017,
      "phase": 0.5786167439827564,
      "lobes": 2,
      "density": 34,
      "scale": 1.0346184397254006
    }
  ]
}