{
  "product_id": "597957142791",
  "seed": 1967858880,
  "colors": [
    "#1EF1F2",
    "#DC4FDD",
    "#F6FA31"
  ],
  "shape_types": [
    "arc",
    "oval",
    "loop"
  ],
  "size": 800,
  "per_shape": [
    {
      "index": 0,
      "color": "#1EF1F2",
      "shape": "arc",
      "center": [
        0.06387961081640148,
        -0.13290083574596334
      ],
      "amp": 0.12884065673428458,
      "phase": 2.851029192453667,
      "lobes": 3,
      "density": 23,
      "scale": 0.864038845722618
    },
    {
      "index": 1,
      "color": "#DC4FDD",
      "shape": "oval",
      "center": [
        -0.34651293618007806,
        -0.10510922215222368
      ],
      "amp": 0.11002055633175749,
      "phase": 4.092219112312915,
      "lobes": 3,
      "density": 18,
      "scale": 0.8171626824536462,
      "oval_a": 1.1287097356539157,
      "oval_b": 0.8038505105051287
    },
    {
      "index": 2,
      "color": "#F6FA31",
      "shape": "loop",
      "center": [
        0.3224938672494446,
        -0.39146783403203006
      ],
      "amp": 0.1923778772908606,
      "phase": 3.1755172573265105,
      "lobes": 2,
      "density": 34,
      "scale": 1.1563383829995186,
      "loop_exponent": 2.5
    }
  ]
}