{
  "product_id": "597957139953",
  "seed": 1245330409,
  "colors": [
    "#1EF1F2",
    "#DC4FDD",
    "#F6FA31"
  ],
  "shape_types": [
    "leaf",
    "oval",
    "loop"
  ],
  "size": 800,
  "per_shape": [
    {
      "index": 0,
      "color": "#1EF1F2",
      "shape": "leaf",
      "center": [
        0.1516282108774416,
        0.27918770418165584
      ],
      "amp": 0.2010451593233732,
      "phase": 1.210932245055252,
      "lobes": 4,
      "density": 24,
      "scale": 1.137229258039758,
      "leaf_type": "heart_polar_r=1-sin(theta+phase)"
    },
    {
      "index": 1,
      "color": "#DC4FDD",
      "shape": "oval",
      "center": [
        -0.2844900892795333,
        0.01435248070092443
      ],
      "amp": 0.22890846312404017,
      "phase": 3.8081042697001766,
      "lobes": 2,
      "density": 26,
      "scale": 1.1078709265939617,
      "oval_a": 1.2963370920991861,
      "oval_b": 0.7688363780803318
    },
    {
      "index": 2,
      "color": "#F6FA31",
      "shape": "loop",
      "center": [
        -0.39727052729283674,
        -0.15947191429796892
      ],
      "amp": 0.061952489468986335,
      "phase": 4.32405214254487,
      "lobes": 2,
      "density": 21,
      "scale": 0.9449581413040147,
      "loop_exponent": 2.5
    }
  ]
}