{
  "product_id": "597957145625",
  "seed": 2761731210,
  "colors": [
    "#1EF1F2",
    "#DC4FDD",
    "#F6FA31"
  ],
  "shape_types": [
    "oval",
    "loop",
    "leaf"
  ],
  "size": 800,
  "per_shape": [
    {
      "index": 0,
      "color": "#1EF1F2",
      "shape": "oval",
      "center": [
        0.007165015087303217,
        -0.041558831106788374
      ],
      "amp": 0.2723169460420975,
      "phase": 3.674880672826482,
      "lobes": 2,
      "density": 32,
      "scale": 1.1634767267357407,
      "oval_a": 1.1549945306297287,
      "oval_b": 0.8429101082545987
    },
    {
      "index": 1,
      "color": "#DC4FDD",
      "shape": "loop",
      "center": [
        -0.3466158825710066,
        -0.3945761874127143
      ],
      "amp": 0.20534618304264202,
      "phase": 0.8836828330714199,
      "lobes": 4,
      "density": 22,
      "scale": 1.0288678219085623,
      "loop_exponent": 2.5
    },
    {
      "index": 2,
      "color": "#F6FA31",
      "shape": "leaf",
      "center": [
        -0.08279022168300909,
        0.39876352965353845
      ],
      "amp": 0.08335159600610502,
      "phase": 3.2553049290904403,
      "lobes": 4,
      "density": 21,
      "scale": 0.9064750720695042,
      "leaf_type": "heart_polar_r=1-sin(theta+phase)"
    }
  ]
}