{
  "product_id": "597957144583",
  "seed": 3431992447,
  "colors": [
    "#1EF1F2",
    "#DC4FDD",
    "#F6FA31"
  ],
  "shape_types": [
    "oval",
    "arc",
    "loop"
  ],
  "size": 800,
  "per_shape": [
    {
      "index": 0,
      "color": "#1EF1F2",
      "shape": "oval",
      "center": [
        0.39224563598029316,
        -0.3447694897906268
      ],
      "amp": 0.08848848951930709,
      "phase": 4.385076975925208,
      "lobes": 4,
      "density": 36,
      "scale": 1.0747195735861723,
      "oval_a": 1.2560664055312691,
      "oval_b": 0.7101383966393022
    },
    {
      "index": 1,
      "color": "#DC4FDD",
      "shape": "arc",
      "center": [
        0.24572446069309828,
        0.02398285069140582
      ],
      "amp": 0.2095100421834974,
      "phase": 5.046046101033764,
      "lobes": 3,
      "density": 23,
      "scale": 1.0480975704078372
    },
    {
      "index": 2,
      "color": "#F6FA31",
      "shape": "loop",
      "center": [
        0.3825885570954536,
        -0.25691114676441673
      ],
      "amp": 0.1169084692443433,
      "phase": 2.3564238128262684,
      "lobes": 4,
      "density": 20,
      "scale": 0.834525205380032,
      "loop_exponent": 2.5
    }
  ]
}