{
  "product_id": "597957145297",
  "seed": 2989760660,
  "colors": [
    "#1EF1F2",
    "#DC4FDD",
    "#F6FA31"
  ],
  "shape_types": [
    "loop",
    "oval",
    "arc"
  ],
  "size": 800,
  "per_shape": [
    {
      "index": 0,
      "color": "#1EF1F2",
      "shape": "loop",
      "center": [
        0.3609738453808382,
        -0.15588439515230557
      ],
      "amp": 0.28324101616126546,
      "phase": 3.7975721674274965,
      "lobes": 2,
      "density": 28,
      "scale": 0.9878683432910979,
      "loop_exponent": 2.5
    },
    {
      "index": 1,
      "color": "#DC4FDD",
      "shape": "oval",
      "center": [
        -0.3573343073379846,
        -0.03407273913178149
      ],
      "amp": 0.29844549764413963,
      "phase": 6.235587885717814,
      "lobes": 2,
      "density": 25,
      "scale": 0.9378409522756574,
      "oval_a": 1.2997741601696813,
      "oval_b": 0.8789590916942345
    },
    {
      "index": 2,
      "color": "#F6FA31",
      "shape": "arc",
      "center": [
        0.2897485534627243,
        0.3555560738943905
      ],
      "amp": 0.19329628478219912,
      "phase": 4.265638899351069,
      "lobes": 4,
      "density": 27,
      "scale": 1.0239875525743138
    }
  ]
}