{
  "product_id": "597957138745",
  "seed": 704323861,
  "colors": [
    "#1EF1F2",
    "#DC4FDD",
    "#F6FA31"
  ],
  "shape_types": [
    "loop",
    "oval",
    "arc"
  ],
  "size": 800,
  "per_shape": [
    {
      "index": 0,
      "color": "#1EF1F2",
      "shape": "loop",
      "center": [
        0.1107735112372793,
        -0.3262142405789167
      ],
      "amp": 0.11975697340426726,
      "phase": 1.4940436552040037,
      "lobes": 2,
      "density": 18,
      "scale": 1.1970779547628476,
      "loop_exponent": 2.5
    },
    {
      "index": 1,
      "color": "#DC4FDD",
      "shape": "oval",
      "center": [
        -0.3847176420698582,
        0.34954793173930354
      ],
      "amp": 0.051653099442063324,
      "phase": 0.8355601873816346,
      "lobes": 2,
      "density": 32,
      "scale": 0.9654603055844628,
      "oval_a": 1.1581914579945143,
      "oval_b": 0.8576701353338998
    },
    {
      "index": 2,
      "color": "#F6FA31",
      "shape": "arc",
      "center": [
        0.31485703125208353,
        -0.0759787927738172
      ],
      "amp": 0.2621718524904509,
      "phase": 3.5928222826497787,
      "lobes": 2,
      "density": 30,
      "scale": 0.9929707345987604
    }
  ]
}