{
  "product_id": "597957148543",
  "seed": 2161825962,
  "colors": [
    "#1EF1F2",
    "#DC4FDD",
    "#F6FA31"
  ],
  "shape_types": [
    "loop",
    "leaf",
    "arc"
  ],
  "size": 800,
  "per_shape": [
    {
      "index": 0,
      "color": "#1EF1F2",
      "shape": "loop",
      "center": [
        -0.09261324067474269,
        -0.13581443598775705
      ],
      "amp": 0.1778089902563852,
      "phase": 2.6348955057096983,
      "lobes": 2,
      "density": 30,
      "scale": 0.8428157790981992,
      "loop_exponent": 2.5
    },
    {
      "index": 1,
      "color": "#DC4FDD",
      "shape": "leaf",
      "center": [
        -0.21163217652738542,
        -0.2259739966507236
      ],
      "amp": 0.28321205016289697,
      "phase": 4.139619730550314,
      "lobes": 3,
      "density": 19,
      "scale": 0.8986414850102107,
      "leaf_type": "heart_polar_r=1-sin(theta+phase)"
    },
    {
      "index": 2,
      "color": "#F6FA31",
      "shape": "arc",
      "center": [
        -0.3171908404287629,
        0.1632153611711067
      ],
      "amp": 0.2995261563603898,
      "phase": 3.7297671336671963,
      "lobes": 3,
      "density": 29,
      "scale": 0.8459646879612944
    }
  ]
}