{
  "product_id": "597957139181",
  "seed": 2268518382,
  "colors": [
    "#1EF1F2",
    "#DC4FDD",
    "#F6FA31"
  ],
  "shape_types": [
    "oval",
    "leaf",
    "loop"
  ],
  "size": 800,
  "per_shape": [
    {
      "index": 0,
      "color": "#1EF1F2",
      "shape": "oval",
      "center": [
        -0.05481732080421853,
        0.20050335353984616
      ],
      "amp": 0.09366659418752886,
      "phase": 0.885934848801895,
      "lobes": 3,
      "density": 36,
      "scale": 1.1821573018261275,
      "oval_a": 1.2477775114764087,
      "oval_b": 0.851774019536143
    },
    {
      "index": 1,
      "color": "#DC4FDD",
      "shape": "leaf",
      "center": [
        -0.06770081395499516,
        -0.24334065102421248
      ],
      "amp": 0.12581515800510074,
      "phase": 3.969772539591962,
      "lobes": 4,
      "density": 18,
      "scale": 1.1343071496964963,
      "leaf_type": "heart_polar_r=1-sin(theta+phase)"
    },
    {
      "index": 2,
      "color": "#F6FA31",
      "shape": "loop",
      "center": [
        0.30692076106963906,
        0.12947067532201317
      ],
      "amp": 0.26222004609835586,
      "phase": 3.0416622928826547,
      "lobes": 3,
      "density": 18,
      "scale": 1.1465824979463877,
      "loop_exponent": 2.5
    }
  ]
}