{
  "product_id": "597957141903",
  "seed": 3622461238,
  "colors": [
    "#1EF1F2",
    "#DC4FDD",
    "#F6FA31"
  ],
  "shape_types": [
    "arc",
    "oval",
    "leaf"
  ],
  "size": 800,
  "per_shape": [
    {
      "index": 0,
      "color": "#1EF1F2",
      "shape": "arc",
      "center": [
        -0.2728709296290802,
        0.010629970575246617
      ],
      "amp": 0.19613015511935927,
      "phase": 4.03721357067373,
      "lobes": 4,
      "density": 18,
      "scale": 0.8265062529494103
    },
    {
      "index": 1,
      "color": "#DC4FDD",
      "shape": "oval",
      "center": [
        0.039782085462677697,
        0.1911533615896459
      ],
      "amp": 0.17585292971666255,
      "phase": 4.449264593740387,
      "lobes": 3,
      "density": 22,
      "scale": 0.9125700463160751,
      "oval_a": 1.1225676615404165,
      "oval_b": 0.8055052664869453
    },
    {
      "index": 2,
      "color": "#F6FA31",
      "shape": "leaf",
      "center": [
        -0.15141557545372664,
        0.24661486867183768
      ],
      "amp": 0.21122208580991436,
      "phase": 0.39441699473825537,
      "lobes": 3,
      "density": 22,
      "scale": 1.0367543194717397,
      "leaf_type": "heart_polar_r=1-sin(theta+phase)"
    }
  ]
}