{
  "product_id": "597957142139",
  "seed": 2456806911,
  "colors": [
    "#1EF1F2",
    "#DC4FDD",
    "#F6FA31"
  ],
  "shape_types": [
    "loop",
    "leaf",
    "arc"
  ],
  "size": 800,
  "per_shape": [
    {
      "index": 0,
      "color": "#1EF1F2",
      "shape": "loop",
      "center": [
        -0.19031196620073684,
        -0.39565844364338415
      ],
      "amp": 0.2561892305443999,
      "phase": 5.502284647749375,
      "lobes": 4,
      "density": 22,
      "scale": 0.8240786805922858,
      "loop_exponent": 2.5
    },
    {
      "index": 1,
      "color": "#DC4FDD",
      "shape": "leaf",
      "center": [
        -0.03375505754077973,
        0.06604146506729586
      ],
      "amp": 0.14371939485802443,
      "phase": 2.027576283765421,
      "lobes": 4,
      "density": 19,
      "scale": 0.9965445443985531,
      "leaf_type": "heart_polar_r=1-sin(theta+phase)"
    },
    {
      "index": 2,
      "color": "#F6FA31",
      "shape": "arc",
      "center": [
        -0.04684980789049148,
        -0.1638363812658632
      ],
      "amp": 0.09466242459670667,
      "phase": 4.691014437043216,
      "lobes": 2,
      "density": 32,
      "scale": 0.8026911213373967
    }
  ]
}