{
  "product_id": "597957146229",
  "seed": 2383140097,
  "colors": [
    "#1EF1F2",
    "#DC4FDD",
    "#F6FA31"
  ],
  "shape_types": [
    "leaf",
    "arc",
    "oval"
  ],
  "size": 800,
  "per_shape": [
    {
      "index": 0,
      "color": "#1EF1F2",
      "shape": "leaf",
      "center": [
        -0.38198645233198053,
        -0.26738696422314046
      ],
      "amp": 0.17940196378262518,
      "phase": 2.8297996224940465,
      "lobes": 2,
      "density": 24,
      "scale": 0.9004726697865045,
      "leaf_type": "heart_polar_r=1-sin(theta+phase)"
    },
    {
      "index": 1,
      "color": "#DC4FDD",
      "shape": "arc",
      "center": [
        0.35088646497090836,
        -0.21484140333628066
      ],
      "amp": 0.20181375404531815,
      "phase": 1.8304890620763286,
      "lobes": 4,
      "density": 26,
      "scale": 1.0199577124464942
    },
    {
      "index": 2,
      "color": "#F6FA31",
      "shape": "oval",
      "center": [
        0.05638839386267991,
        -0.3870500600390829
      ],
      "amp": 0.07668015774874672,
      "phase": 2.615905247415179,
      "lobes": 2,
      "density": 26,
      "scale": 1.069345854021325,
      "oval_a": 1.1757126153318,
      "oval_b": 0.7842880600905451
    }
  ]
}