{
  "product_id": "597957142965",
  "seed": 409229491,
  "colors": [
    "#1EF1F2",
    "#DC4FDD",
    "#F6FA31"
  ],
  "shape_types": [
    "arc",
    "oval",
    "leaf"
  ],
  "size": 800,
  "per_shape": [
    {
      "index": 0,
      "color": "#1EF1F2",
      "shape": "arc",
      "center": [
        0.042214850494222744,
        -0.03133807553359108
      ],
      "amp": 0.16225154572914258,
      "phase": 1.9014156628937275,
      "lobes": 2,
      "density": 32,
      "scale": 0.8923074298802773
    },
    {
      "index": 1,
      "color": "#DC4FDD",
      "shape": "oval",
      "center": [
        -0.36109130916870535,
        -0.12820383172985483
      ],
      "amp": 0.18328984715019858,
      "phase": 2.5249249196836816,
      "lobes": 2,
      "density": 34,
      "scale": 0.9536144921356002,
      "oval_a": 1.2104644062194059,
      "oval_b": 0.8237622521590593
    },
    {
      "index": 2,
      "color": "#F6FA31",
      "shape": "leaf",
      "center": [
        -0.3955426477165722,
        0.2393431409890464
      ],
      "amp": 0.28965251288380545,
      "phase": 6.244617865364212,
      "lobes": 3,
      "density": 18,
      "scale": 0.9354271981399043,
      "leaf_type": "heart_polar_r=1-sin(theta+phase)"
    }
  ]
}