{
  "product_id": "597957139031",
  "seed": 1349429368,
  "colors": [
    "#1EF1F2",
    "#DC4FDD",
    "#F6FA31"
  ],
  "shape_types": [
    "oval",
    "arc",
    "loop"
  ],
  "size": 800,
  "per_shape": [
    {
      "index": 0,
      "color": "#1EF1F2",
      "shape": "oval",
      "center": [
        0.3118703209221916,
        -0.009648975441388319
      ],
      "amp": 0.23374431408046142,
      "phase": 2.8986383555002075,
      "lobes": 2,
      "density": 24,
      "scale": 1.041468143890594,
      "oval_a": 1.1112346886385318,
      "oval_b": 0.899830958062948
    },
    {
      "index": 1,
      "color": "#DC4FDD",
      "shape": "arc",
      "center": [
        -0.28428628637327524,
        -0.1570426689673866
      ],
      "amp": 0.21618051818879164,
      "phase": 6.160761495354317,
      "lobes": 4,
      "density": 23,
      "scale": 0.9505140406477519
    },
    {
      "index": 2,
      "color": "#F6FA31",
      "shape": "loop",
      "center": [
        0.0993719996253507,
        -0.08176841868062035
      ],
      "amp": 0.2985469943521015,
      "phase": 2.479729159827094,
      "lobes": 3,
      "density": 20,
      "scale": 1.0106845064886276,
      "loop_exponent": 2.5
    }
  ]
}