{
  "product_id": "597957142913",
  "seed": 2946308344,
  "colors": [
    "#1EF1F2",
    "#DC4FDD",
    "#F6FA31"
  ],
  "shape_types": [
    "oval",
    "loop",
    "leaf"
  ],
  "size": 800,
  "per_shape": [
    {
      "index": 0,
      "color": "#1EF1F2",
      "shape": "oval",
      "center": [
        -0.1354459635737918,
        -0.14810987206581006
      ],
      "amp": 0.23817671931862455,
      "phase": 5.8765230753465225,
      "lobes": 4,
      "density": 27,
      "scale": 1.1562148627084192,
      "oval_a": 1.1880310790591673,
      "oval_b": 0.8780509793396741
    },
    {
      "index": 1,
      "color": "#DC4FDD",
      "shape": "loop",
      "center": [
        0.1449882270663262,
        0.22306636004720704
      ],
      "amp": 0.0646542571291223,
      "phase": 0.06588310955622459,
      "lobes": 2,
      "density": 18,
      "scale": 0.8469138620890158,
      "loop_exponent": 2.5
    },
    {
      "index": 2,
      "color": "#F6FA31",
      "shape": "leaf",
      "center": [
        -0.1881248767010736,
        -0.01531834325507686
      ],
      "amp": 0.08318361722385699,
      "phase": 3.6480097444236343,
      "lobes": 3,
      "density": 26,
      "scale": 0.9504195124505393,
      "leaf_type": "heart_polar_r=1-sin(theta+phase)"
    }
  ]
}