{
  "product_id": "597957145541",
  "seed": 1259452021,
  "colors": [
    "#1EF1F2",
    "#DC4FDD",
    "#F6FA31"
  ],
  "shape_types": [
    "leaf",
    "loop",
    "oval"
  ],
  "size": 800,
  "per_shape": [
    {
      "index": 0,
      "color": "#1EF1F2",
      "shape": "leaf",
      "center": [
        0.06031700459735967,
        0.21096649706552728
      ],
      "amp": 0.18027641988020043,
      "phase": 6.262880748651284,
      "lobes": 4,
      "density": 21,
      "scale": 0.9142191709874721,
      "leaf_type": "heart_polar_r=1-sin(theta+phase)"
    },
    {
      "index": 1,
      "color": "#DC4FDD",
      "shape": "loop",
      "center": [
        -0.17536666828429315,
        -0.1662489609702286
      ],
      "amp": 0.2657030585514525,
      "phase": 5.175793363867408,
      "lobes": 2,
      "density": 32,
      "scale": 0.8460622732590808,
      "loop_exponent": 2.5
    },
    {
      "index": 2,
      "color": "#F6FA31",
      "shape": "oval",
      "center": [
        0.08292811166938413,
        0.06308686577574762
      ],
      "amp": 0.1389347320181285,
      "phase": 3.330187830616559,
      "lobes": 3,
      "density": 25,
      "scale": 1.1849962485475798,
      "oval_a": 1.1577359980398887,
      "oval_b": 0.7459939127766319
    }
  ]
}