{
  "product_id": "597957146843",
  "seed": 1484808423,
  "colors": [
    "#1EF1F2",
    "#DC4FDD",
    "#F6FA31"
  ],
  "shape_types": [
    "oval",
    "loop",
    "arc"
  ],
  "size": 800,
  "per_shape": [
    {
      "index": 0,
      "color": "#1EF1F2",
      "shape": "oval",
      "center": [
        -0.34862844988277497,
        0.38342154283284524
      ],
      "amp": 0.13966431168634097,
      "phase": 5.946739725533596,
      "lobes": 3,
      "density": 18,
      "scale": 0.9978070648616147,
      "oval_a": 1.2350995051640703,
      "oval_b": 0.7598025983187054
    },
    {
      "index": 1,
      "color": "#DC4FDD",
      "shape": "loop",
      "center": [
        -0.2636512342166804,
        -0.2839431023605868
      ],
      "amp": 0.12776865453963232,
      "phase": 0.7932310107913952,
      "lobes": 4,
      "density": 26,
      "scale": 0.908746934425954,
      "loop_exponent": 2.5
    },
    {
      "index": 2,
      "color": "#F6FA31",
      "shape": "arc",
      "center": [
        0.116539249190167,
        0.12807955508124202
      ],
      "amp": 0.05133127950027612,
      "phase": 3.010691137176196,
      "lobes": 3,
      "density": 35,
      "scale": 0.8972878656807705
    }
  ]
}