{
  "product_id": "597957144599",
  "seed": 3278933742,
  "colors": [
    "#1EF1F2",
    "#DC4FDD",
    "#F6FA31"
  ],
  "shape_types": [
    "loop",
    "oval",
    "arc"
  ],
  "size": 800,
  "per_shape": [
    {
      "index": 0,
      "color": "#1EF1F2",
      "shape": "loop",
      "center": [
        -0.03463455398738402,
        -0.29717029687084423
      ],
      "amp": 0.05370329187035193,
      "phase": 0.18902366035911852,
      "lobes": 2,
      "density": 35,
      "scale": 0.817158205084043,
      "loop_exponent": 2.5
    },
    {
      "index": 1,
      "color": "#DC4FDD",
      "shape": "oval",
      "center": [
        -0.05031155046036828,
        0.24666036230130162
      ],
      "amp": 0.2204265525551904,
      "phase": 1.8850710253377252,
      "lobes": 2,
      "density": 30,
      "scale": 0.8506575566891084,
      "oval_a": 1.130018243257335,
      "oval_b": 0.7072714382393392
    },
    {
      "index": 2,
      "color": "#F6FA31",
      "shape": "arc",
      "center": [
        -0.1100142440952806,
        0.06596438600215482
      ],
      "amp": 0.06726914465605145,
      "phase": 4.4002418918829935,
      "lobes": 4,
      "density": 23,
      "scale": 0.9139583556931005
    }
  ]
}