{
  "product_id": "597957139945",
  "seed": 584220726,
  "colors": [
    "#1EF1F2",
    "#DC4FDD",
    "#F6FA31"
  ],
  "shape_types": [
    "oval",
    "leaf",
    "loop"
  ],
  "size": 800,
  "per_shape": [
    {
      "index": 0,
      "color": "#1EF1F2",
      "shape": "oval",
      "center": [
        -0.13425548992209502,
        -0.12938808810378788
      ],
      "amp": 0.22461907594423564,
      "phase": 2.6254917267711244,
      "lobes": 2,
      "density": 36,
      "scale": 0.8331778522077447,
      "oval_a": 1.2343873153048275,
      "oval_b": 0.8549779518619745
    },
    {
      "index": 1,
      "color": "#DC4FDD",
      "shape": "leaf",
      "center": [
        0.3038142664526159,
        0.021267496719737877
      ],
      "amp": 0.09867993516568953,
      "phase": 5.358581511374726,
      "lobes": 4,
      "density": 34,
      "scale": 1.1947324201518599,
      "leaf_type": "heart_polar_r=1-sin(theta+phase)"
    },
    {
      "index": 2,
      "color": "#F6FA31",
      "shape": "loop",
      "center": [
        -0.17275103453343663,
        -0.1316910315842888
      ],
      "amp": 0.23808042322059697,
      "phase": 2.4123284694093563,
      "lobes": 3,
      "density": 27,
      "scale": 0.8756822798625975,
      "loop_exponent": 2.5
    }
  ]
}