{
  "product_id": "597957142007",
  "seed": 3624552137,
  "colors": [
    "#1EF1F2",
    "#DC4FDD",
    "#F6FA31"
  ],
  "shape_types": [
    "arc",
    "oval",
    "loop"
  ],
  "size": 800,
  "per_shape": [
    {
      "index": 0,
      "color": "#1EF1F2",
      "shape": "arc",
      "center": [
        0.31881403103216577,
        0.07230205450598887
      ],
      "amp": 0.27670931140644744,
      "phase": 3.2053419131896694,
      "lobes": 4,
      "density": 22,
      "scale": 0.9919767491663063
    },
    {
      "index": 1,
      "color": "#DC4FDD",
      "shape": "oval",
      "center": [
        0.27632465114122107,
        0.2989738184990556
      ],
      "amp": 0.0884746017437535,
      "phase": 5.635247089202985,
      "lobes": 4,
      "density": 25,
      "scale": 0.9435491237371918,
      "oval_a": 1.140560569611978,
      "oval_b": 0.8366247493928675
    },
    {
      "index": 2,
      "color": "#F6FA31",
      "shape": "loop",
      "center": [
        0.17296107241681313,
        -0.04719819305831513
      ],
      "amp": 0.2883546452883686,
      "phase": 1.5485298011517052,
      "lobes": 2,
      "density": 36,
      "scale": 1.0126484669377434,
      "loop_exponent": 2.5
    }
  ]
}