{
  "product_id": "597957141365",
  "seed": 2178087066,
  "colors": [
    "#1EF1F2",
    "#DC4FDD",
    "#F6FA31"
  ],
  "shape_types": [
    "arc",
    "leaf",
    "oval"
  ],
  "size": 800,
  "per_shape": [
    {
      "index": 0,
      "color": "#1EF1F2",
      "shape": "arc",
      "center": [
        -0.3342200926567984,
        0.3105443358447624
      ],
      "amp": 0.07368178080595748,
      "phase": 4.931176420456072,
      "lobes": 3,
      "density": 32,
      "scale": 0.843023823761421
    },
    {
      "index": 1,
      "color": "#DC4FDD",
      "shape": "leaf",
      "center": [
        -0.1936811382567358,
        0.2543700203392194
      ],
      "amp": 0.10333464902118826,
      "phase": 2.483384792165103,
      "lobes": 4,
      "density": 22,
      "scale": 1.069290067433221,
      "leaf_type": "heart_polar_r=1-sin(theta+phase)"
    },
    {
      "index": 2,
      "color": "#F6FA31",
      "shape": "oval",
      "center": [
        0.18008685079464737,
        0.3044139585839212
      ],
      "amp": 0.1643878064929467,
      "phase": 5.155736748990201,
      "lobes": 4,
      "density": 32,
      "scale": 1.1999343487680953,
      "oval_a": 1.2816103389875706,
      "oval_b": 0.7867159015987514
    }
  ]
}