{
  "product_id": "597957140831",
  "seed": 1734616596,
  "colors": [
    "#1EF1F2",
    "#DC4FDD",
    "#F6FA31"
  ],
  "shape_types": [
    "oval",
    "leaf",
    "arc"
  ],
  "size": 800,
  "per_shape": [
    {
      "index": 0,
      "color": "#1EF1F2",
      "shape": "oval",
      "center": [
        0.3518478271533765,
        -0.2510656663426868
      ],
      "amp": 0.05046906969725394,
      "phase": 6.085405604079313,
      "lobes": 2,
      "density": 21,
      "scale": 0.8567140769379179,
      "oval_a": 1.1783364696061782,
      "oval_b": 0.8446404629062352
    },
    {
      "index": 1,
      "color": "#DC4FDD",
      "shape": "leaf",
      "center": [
        0.034267263308167706,
        -0.3325483053167399
      ],
      "amp": 0.26013327702011596,
      "phase": 2.512693356788895,
      "lobes": 3,
      "density": 20,
      "scale": 1.0789968371547307,
      "leaf_type": "heart_polar_r=1-sin(theta+phase)"
    },
    {
      "index": 2,
      "color": "#F6FA31",
      "shape": "arc",
      "center": [
        -0.14414888548396493,
        0.21337424354129664
      ],
      "amp": 0.26329125890550237,
      "phase": 4.637836676869412,
      "lobes": 2,
      "density": 33,
      "scale": 0.958562379053653
    }
  ]
}