{
  "product_id": "597957145813",
  "seed": 1558121389,
  "colors": [
    "#1EF1F2",
    "#DC4FDD",
    "#F6FA31"
  ],
  "shape_types": [
    "oval",
    "leaf",
    "loop"
  ],
  "size": 800,
  "per_shape": [
    {
      "index": 0,
      "color": "#1EF1F2",
      "shape": "oval",
      "center": [
        -0.36630350992534644,
        -0.395793810422974
      ],
      "amp": 0.19139122224690958,
      "phase": 4.703892189324275,
      "lobes": 3,
      "density": 36,
      "scale": 1.0707333281913956,
      "oval_a": 1.165514934888331,
      "oval_b": 0.8349175488538225
    },
    {
      "index": 1,
      "color": "#DC4FDD",
      "shape": "leaf",
      "center": [
        0.2892673241854292,
        0.3121861044909856
      ],
      "amp": 0.22627496612675585,
      "phase": 1.544743656064827,
      "lobes": 4,
      "density": 18,
      "scale": 0.9419681583967273,
      "leaf_type": "heart_polar_r=1-sin(theta+phase)"
    },
    {
      "index": 2,
      "color": "#F6FA31",
      "shape": "loop",
      "center": [
        -0.03414989755155717,
        -0.1745496400492056
      ],
      "amp": 0.0746340432712465,
      "phase": 0.678356984489759,
      "lobes": 4,
      "density": 23,
      "scale": 0.8434221642933513,
      "loop_exponent": 2.5
    }
  ]
}