{
  "product_id": "597957144487",
  "seed": 1370604749,
  "colors": [
    "#1EF1F2",
    "#DC4FDD",
    "#F6FA31"
  ],
  "shape_types": [
    "arc",
    "leaf",
    "oval"
  ],
  "size": 800,
  "per_shape": [
    {
      "index": 0,
      "color": "#1EF1F2",
      "shape": "arc",
      "center": [
        0.02361573648220877,
        -0.11117363481680292
      ],
      "amp": 0.09948401457021742,
      "phase": 0.9705805252335019,
      "lobes": 4,
      "density": 22,
      "scale": 0.8951398292090246
    },
    {
      "index": 1,
      "color": "#DC4FDD",
      "shape": "leaf",
      "center": [
        -0.30422812134756416,
        0.00021587306978709808
      ],
      "amp": 0.1338711122978679,
      "phase": 5.020694842121949,
      "lobes": 2,
      "density": 34,
      "scale": 1.17992073493309,
      "leaf_type": "heart_polar_r=1-sin(theta+phase)"
    },
    {
      "index": 2,
      "color": "#F6FA31",
      "shape": "oval",
      "center": [
        0.337496679899674,
        -0.2056590664835352
      ],
      "amp": 0.20665081211690323,
      "phase": 2.5522775646708467,
      "lobes": 3,
      "density": 24,
      "scale": 1.083375275465336,
      "oval_a": 1.2487634523544386,
      "oval_b": 0.7643537211387497
    }
  ]
}