{
  "product_id": "597957144937",
  "seed": 2119635423,
  "colors": [
    "#1EF1F2",
    "#DC4FDD",
    "#F6FA31"
  ],
  "shape_types": [
    "oval",
    "loop",
    "arc"
  ],
  "size": 800,
  "per_shape": [
    {
      "index": 0,
      "color": "#1EF1F2",
      "shape": "oval",
      "center": [
        0.16798375811477562,
        0.008106803951502095
      ],
      "amp": 0.09452402753685755,
      "phase": 4.861515828996881,
      "lobes": 3,
      "density": 29,
      "scale": 0.9684062406477578,
      "oval_a": 1.18293638980334,
      "oval_b": 0.7050497034450448
    },
    {
      "index": 1,
      "color": "#DC4FDD",
      "shape": "loop",
      "center": [
        -0.09894886849404888,
        0.009516872496376005
      ],
      "amp": 0.09082584294503555,
      "phase": 2.6071660104207823,
      "lobes": 4,
      "density": 18,
      "scale": 0.9240312334135243,
      "loop_exponent": 2.5
    },
    {
      "index": 2,
      "color": "#F6FA31",
      "shape": "arc",
      "center": [
        -0.33996015776488053,
        0.3612815004538894
      ],
      "amp": 0.2068473478388616,
      "phase": 2.4468176335585796,
      "lobes": 3,
      "density": 33,
      "scale": 1.147000908838549
    }
  ]
}