{
  "product_id": "597957143773",
  "seed": 287676908,
  "colors": [
    "#1EF1F2",
    "#DC4FDD",
    "#F6FA31"
  ],
  "shape_types": [
    "loop",
    "oval",
    "leaf"
  ],
  "size": 800,
  "per_shape": [
    {
      "index": 0,
      "color": "#1EF1F2",
      "shape": "loop",
      "center": [
        -0.2996288215214647,
        -0.3877394966651914
      ],
      "amp": 0.16496312154171472,
      "phase": 3.818583455952233,
      "lobes": 3,
      "density": 20,
      "scale": 0.8666577945144824,
      "loop_exponent": 2.5
    },
    {
      "index": 1,
      "color": "#DC4FDD",
      "shape": "oval",
      "center": [
        -0.2777556763103719,
        -0.19597931530997315
      ],
      "amp": 0.07879178045259284,
      "phase": 2.14609744742496,
      "lobes": 3,
      "density": 19,
      "scale": 1.0691405732596988,
      "oval_a": 1.1541061549613039,
      "oval_b": 0.72885101756498
    },
    {
      "index": 2,
      "color": "#F6FA31",
      "shape": "leaf",
      "center": [
        -0.24572453527840032,
        -0.31531501507431065
      ],
      "amp": 0.28380450263621393,
      "phase": 2.017434501737843,
      "lobes": 2,
      "density": 36,
      "scale": 0.9858703762539268,
      "leaf_type": "heart_polar_r=1-sin(theta+phase)"
    }
  ]
}