{
  "product_id": "597957148129",
  "seed": 3959274213,
  "colors": [
    "#1EF1F2",
    "#DC4FDD",
    "#F6FA31"
  ],
  "shape_types": [
    "leaf",
    "loop",
    "oval"
  ],
  "size": 800,
  "per_shape": [
    {
      "index": 0,
      "color": "#1EF1F2",
      "shape": "leaf",
      "center": [
        -0.35057166916721133,
        0.19618242405085273
      ],
      "amp": 0.22141113571618914,
      "phase": 2.1425152322438916,
      "lobes": 2,
      "density": 35,
      "scale": 0.9082252746145192,
      "leaf_type": "heart_polar_r=1-sin(theta+phase)"
    },
    {
      "index": 1,
      "color": "#DC4FDD",
      "shape": "loop",
      "center": [
        0.09498104033298949,
        0.3005891387987807
      ],
      "amp": 0.28209795159259543,
      "phase": 0.3994616849671626,
      "lobes": 4,
      "density": 31,
      "scale": 1.0775858751838445,
      "loop_exponent": 2.5
    },
    {
      "index": 2,
      "color": "#F6FA31",
      "shape": "oval",
      "center": [
        0.07626257494053751,
        -0.012118211980226168
      ],
      "amp": 0.2027951231419619,
      "phase": 0.3659018013260671,
      "lobes": 2,
      "density": 28,
      "scale": 1.0677684017756364,
      "oval_a": 1.2870989413149336,
      "oval_b": 0.7463644940022534
    }
  ]
}