{
  "product_id": "597957142155",
  "seed": 297986829,
  "colors": [
    "#1EF1F2",
    "#DC4FDD",
    "#F6FA31"
  ],
  "shape_types": [
    "leaf",
    "oval",
    "loop"
  ],
  "size": 800,
  "per_shape": [
    {
      "index": 0,
      "color": "#1EF1F2",
      "shape": "leaf",
      "center": [
        -0.28653782422234225,
        0.22475607349562865
      ],
      "amp": 0.051965128859938495,
      "phase": 0.9706180500437268,
      "lobes": 3,
      "density": 32,
      "scale": 1.0074235497086195,
      "leaf_type": "heart_polar_r=1-sin(theta+phase)"
    },
    {
      "index": 1,
      "color": "#DC4FDD",
      "shape": "oval",
      "center": [
        0.028257995649307144,
        0.2020348713305321
      ],
      "amp": 0.12217765948049712,
      "phase": 2.3274356936356755,
      "lobes": 3,
      "density": 19,
      "scale": 0.8981330099774542,
      "oval_a": 1.1190284986454457,
      "oval_b": 0.7855319032373629
    },
    {
      "index": 2,
      "color": "#F6FA31",
      "shape": "loop",
      "center": [
        -0.06814188842774732,
        -0.08829700379742744
      ],
      "amp": 0.10348781277497458,
      "phase": 1.7219940506262266,
      "lobes": 3,
      "density": 31,
      "scale": 0.9072938991822594,
      "loop_exponent": 2.5
    }
  ]
}