{
  "product_id": "597957140153",
  "seed": 1166411005,
  "colors": [
    "#1EF1F2",
    "#DC4FDD",
    "#F6FA31"
  ],
  "shape_types": [
    "oval",
    "arc",
    "loop"
  ],
  "size": 800,
  "per_shape": [
    {
      "index": 0,
      "color": "#1EF1F2",
      "shape": "oval",
      "center": [
        0.3286601426072796,
        0.2916651404045738
      ],
      "amp": 0.23370353676986988,
      "phase": 0.6542994153696772,
      "lobes": 2,
      "density": 21,
      "scale": 0.8827071881961411,
      "oval_a": 1.1402438411309614,
      "oval_b": 0.8169476174126332
    },
    {
      "index": 1,
      "color": "#DC4FDD",
      "shape": "arc",
      "center": [
        -0.39095698640097326,
        0.13490093393306435
      ],
      "amp": 0.06164277195909766,
      "phase": 3.4690744044779214,
      "lobes": 4,
      "density": 22,
      "scale": 0.9585580609841629
    },
    {
      "index": 2,
      "color": "#F6FA31",
      "shape": "loop",
      "center": [
        -0.28322060045755065,
        -0.1494178874176485
      ],
      "amp": 0.10130234797489283,
      "phase": 0.5996635042870168,
      "lobes": 3,
      "density": 23,
      "scale": 1.1685499787351445,
      "loop_exponent": 2.5
    }
  ]
}