{
  "product_id": "597957147481",
  "seed": 649348934,
  "colors": [
    "#1EF1F2",
    "#DC4FDD",
    "#F6FA31"
  ],
  "shape_types": [
    "loop",
    "leaf",
    "arc"
  ],
  "size": 800,
  "per_shape": [
    {
      "index": 0,
      "color": "#1EF1F2",
      "shape": "loop",
      "center": [
        -0.3670513565790434,
        -0.15839502106207073
      ],
      "amp": 0.22309989013941367,
      "phase": 4.608806742477624,
      "lobes": 2,
      "density": 22,
      "scale": 0.8103047327204164,
      "loop_exponent": 2.5
    },
    {
      "index": 1,
      "color": "#DC4FDD",
      "shape": "leaf",
      "center": [
        -0.3217045233225999,
        -0.3419782263062162
      ],
      "amp": 0.23704618853864645,
      "phase": 1.480864783844778,
      "lobes": 4,
      "density": 30,
      "scale": 1.0094704460715649,
      "leaf_type": "heart_polar_r=1-sin(theta+phase)"
    },
    {
      "index": 2,
      "color": "#F6FA31",
      "shape": "arc",
      "center": [
        0.0948318838883549,
        0.06563502895361017
      ],
      "amp": 0.29601814240120494,
      "phase": 3.801183088829218,
      "lobes": 4,
      "density": 36,
      "scale": 1.1651588771366848
    }
  ]
}