{
  "product_id": "597957141579",
  "seed": 1618442491,
  "colors": [
    "#1EF1F2",
    "#DC4FDD",
    "#F6FA31"
  ],
  "shape_types": [
    "oval",
    "loop",
    "leaf"
  ],
  "size": 800,
  "per_shape": [
    {
      "index": 0,
      "color": "#1EF1F2",
      "shape": "oval",
      "center": [
        -0.1790246851303776,
        0.33727100832550894
      ],
      "amp": 0.10752927079884549,
      "phase": 1.8331457683809012,
      "lobes": 4,
      "density": 22,
      "scale": 1.1272686305080388,
      "oval_a": 1.1721752544204946,
      "oval_b": 0.7661540054787888
    },
    {
      "index": 1,
      "color": "#DC4FDD",
      "shape": "loop",
      "center": [
        0.3601524698922025,
        0.378658109967289
      ],
      "amp": 0.17348865137974373,
      "phase": 0.7396203957066999,
      "lobes": 4,
      "density": 31,
      "scale": 0.8380878826916099,
      "loop_exponent": 2.5
    },
    {
      "index": 2,
      "color": "#F6FA31",
      "shape": "leaf",
      "center": [
        -0.13610594825894345,
        -0.22107749038339553
      ],
      "amp": 0.2064367895171753,
      "phase": 3.7254973288351003,
      "lobes": 2,
      "density": 31,
      "scale": 1.0105562551114406,
      "leaf_type": "heart_polar_r=1-sin(theta+phase)"
    }
  ]
}