{
  "product_id": "597957139379",
  "seed": 1167916472,
  "colors": [
    "#1EF1F2",
    "#DC4FDD",
    "#F6FA31"
  ],
  "shape_types": [
    "loop",
    "oval",
    "leaf"
  ],
  "size": 800,
  "per_shape": [
    {
      "index": 0,
      "color": "#1EF1F2",
      "shape": "loop",
      "center": [
        0.08094778945665809,
        -0.013761305581012517
      ],
      "amp": 0.2863540558824336,
      "phase": 6.2211305193044035,
      "lobes": 3,
      "density": 35,
      "scale": 0.9721090366764884,
      "loop_exponent": 2.5
    },
    {
      "index": 1,
      "color": "#DC4FDD",
      "shape": "oval",
      "center": [
        0.19265108629513572,
        0.17135280065299363
      ],
      "amp": 0.12387663445990417,
      "phase": 2.492499085411418,
      "lobes": 3,
      "density": 29,
      "scale": 0.9362179173899007,
      "oval_a": 1.239431976049656,
      "oval_b": 0.8016957501873619
    },
    {
      "index": 2,
      "color": "#F6FA31",
      "shape": "leaf",
      "center": [
        0.30751179571092124,
        -0.027871701252488612
      ],
      "amp": 0.0826179304425889,
      "phase": 2.5294989523132974,
      "lobes": 3,
      "density": 25,
      "scale": 1.131597198838293,
      "leaf_type": "heart_polar_r=1-sin(theta+phase)"
    }
  ]
}