{
  "product_id": "597957145799",
  "seed": 3072408742,
  "colors": [
    "#1EF1F2",
    "#DC4FDD",
    "#F6FA31"
  ],
  "shape_types": [
    "arc",
    "leaf",
    "oval"
  ],
  "size": 800,
  "per_shape": [
    {
      "index": 0,
      "color": "#1EF1F2",
      "shape": "arc",
      "center": [
        0.28572725380997277,
        -0.21287285853152663
      ],
      "amp": 0.2614180686888928,
      "phase": 3.6403923946437198,
      "lobes": 2,
      "density": 28,
      "scale": 1.1511778561071933
    },
    {
      "index": 1,
      "color": "#DC4FDD",
      "shape": "leaf",
      "center": [
        0.15565221122378725,
        -0.37391217818689526
      ],
      "amp": 0.29307602416228984,
      "phase": 0.3567074420754781,
      "lobes": 2,
      "density": 28,
      "scale": 0.8693349461517899,
      "leaf_type": "heart_polar_r=1-sin(theta+phase)"
    },
    {
      "index": 2,
      "color": "#F6FA31",
      "shape": "oval",
      "center": [
        -0.25750413652346504,
        -0.16919733343510704
      ],
      "amp": 0.14303360219974176,
      "phase": 2.681969953353724,
      "lobes": 4,
      "density": 19,
      "scale": 0.9997721053956294,
      "oval_a": 1.1310542414250084,
      "oval_b": 0.8028322625798741
    }
  ]
}