{
  "product_id": "597957140763",
  "seed": 3606878317,
  "colors": [
    "#1EF1F2",
    "#DC4FDD",
    "#F6FA31"
  ],
  "shape_types": [
    "leaf",
    "oval",
    "arc"
  ],
  "size": 800,
  "per_shape": [
    {
      "index": 0,
      "color": "#1EF1F2",
      "shape": "leaf",
      "center": [
        0.3706854757500653,
        0.3204617317276136
      ],
      "amp": 0.26125547523172094,
      "phase": 1.1420449397301615,
      "lobes": 4,
      "density": 27,
      "scale": 0.9252872723789113,
      "leaf_type": "heart_polar_r=1-sin(theta+phase)"
    },
    {
      "index": 1,
      "color": "#DC4FDD",
      "shape": "oval",
      "center": [
        -0.3837200604697255,
        0.27084859663016914
      ],
      "amp": 0.2273291374488473,
      "phase": 5.781252355409661,
      "lobes": 2,
      "density": 31,
      "scale": 0.9752104250439572,
      "oval_a": 1.115453080274623,
      "oval_b": 0.8711028127348481
    },
    {
      "index": 2,
      "color": "#F6FA31",
      "shape": "arc",
      "center": [
        -0.37117261047124556,
        -0.2770294646429262
      ],
      "amp": 0.21766661785573427,
      "phase": 6.15851439514223,
      "lobes": 4,
      "density": 24,
      "scale": 0.8504773802595491
    }
  ]
}