{
  "product_id": "597957139085",
  "seed": 4067982219,
  "colors": [
    "#1EF1F2",
    "#DC4FDD",
    "#F6FA31"
  ],
  "shape_types": [
    "loop",
    "oval",
    "arc"
  ],
  "size": 800,
  "per_shape": [
    {
      "index": 0,
      "color": "#1EF1F2",
      "shape": "loop",
      "center": [
        0.2785631422967969,
        -0.19415571432421422
      ],
      "amp": 0.21672527523477803,
      "phase": 3.964214144501839,
      "lobes": 3,
      "density": 21,
      "scale": 1.1121591414112049,
      "loop_exponent": 2.5
    },
    {
      "index": 1,
      "color": "#DC4FDD",
      "shape": "oval",
      "center": [
        0.058492285130618715,
        -0.17530744701957232
      ],
      "amp": 0.12483575625433001,
      "phase": 5.321073527946714,
      "lobes": 4,
      "density": 20,
      "scale": 0.9928485874907044,
      "oval_a": 1.1230233957096127,
      "oval_b": 0.733727233346014
    },
    {
      "index": 2,
      "color": "#F6FA31",
      "shape": "arc",
      "center": [
        -0.21713892511535626,
        -0.3630945472963282
      ],
      "amp": 0.28854189817692466,
      "phase": 6.1888082799494875,
      "lobes": 3,
      "density": 18,
      "scale": 1.1958536214469198
    }
  ]
}