{
  "product_id": "597957140539",
  "seed": 2346913368,
  "colors": [
    "#1EF1F2",
    "#DC4FDD",
    "#F6FA31"
  ],
  "shape_types": [
    "oval",
    "arc",
    "leaf"
  ],
  "size": 800,
  "per_shape": [
    {
      "index": 0,
      "color": "#1EF1F2",
      "shape": "oval",
      "center": [
        0.01137219587583188,
        0.35843072418516175
      ],
      "amp": 0.27924751017041427,
      "phase": 2.7638256579193334,
      "lobes": 3,
      "density": 22,
      "scale": 0.8849375137080132,
      "oval_a": 1.1280147633526014,
      "oval_b": 0.8914429352689159
    },
    {
      "index": 1,
      "color": "#DC4FDD",
      "shape": "arc",
      "center": [
        -0.024280034741955725,
        -0.15198628284363302
      ],
      "amp": 0.23655392495572253,
      "phase": 1.645536359067882,
      "lobes": 3,
      "density": 35,
      "scale": 0.871604112501804
    },
    {
      "index": 2,
      "color": "#F6FA31",
      "shape": "leaf",
      "center": [
        0.059808548934597194,
        0.0686669283310346
      ],
      "amp": 0.2978364697442029,
      "phase": 5.508580235952137,
      "lobes": 4,
      "density": 29,
      "scale": 0.9208285168126402,
      "leaf_type": "heart_polar_r=1-sin(theta+phase)"
    }
  ]
}