{
  "product_id": "597957141779",
  "seed": 980934731,
  "colors": [
    "#1EF1F2",
    "#DC4FDD",
    "#F6FA31"
  ],
  "shape_types": [
    "arc",
    "oval",
    "loop"
  ],
  "size": 800,
  "per_shape": [
    {
      "index": 0,
      "color": "#1EF1F2",
      "shape": "arc",
      "center": [
        -0.34249115666483043,
        -0.25502464452874396
      ],
      "amp": 0.17928714156274134,
      "phase": 4.836324799631015,
      "lobes": 4,
      "density": 35,
      "scale": 1.1069173780482058
    },
    {
      "index": 1,
      "color": "#DC4FDD",
      "shape": "oval",
      "center": [
        -0.3848710553961889,
        -0.3216669879907336
      ],
      "amp": 0.15938904192627912,
      "phase": 2.355791459284824,
      "lobes": 4,
      "density": 25,
      "scale": 0.941135351245959,
      "oval_a": 1.183746270072258,
      "oval_b": 0.7181100708192256
    },
    {
      "index": 2,
      "color": "#F6FA31",
      "shape": "loop",
      "center": [
        0.03408102463373497,
        -0.003816343148722201
      ],
      "amp": 0.1410631589787082,
      "phase": 6.247201328056542,
      "lobes": 2,
      "density": 32,
      "scale": 0.8550232908949966,
      "loop_exponent": 2.5
    }
  ]
}