{
  "product_id": "597957145055",
  "seed": 2388610383,
  "colors": [
    "#1EF1F2",
    "#DC4FDD",
    "#F6FA31"
  ],
  "shape_types": [
    "leaf",
    "loop",
    "arc"
  ],
  "size": 800,
  "per_shape": [
    {
      "index": 0,
      "color": "#1EF1F2",
      "shape": "leaf",
      "center": [
        0.30530870664889487,
        0.2626294964028728
      ],
      "amp": 0.17174658397798798,
      "phase": 1.68030527852013,
      "lobes": 2,
      "density": 27,
      "scale": 0.9671769182302247,
      "leaf_type": "heart_polar_r=1-sin(theta+phase)"
    },
    {
      "index": 1,
      "color": "#DC4FDD",
      "shape": "loop",
      "center": [
        -0.17039356123232574,
        -0.18407430681032055
      ],
      "amp": 0.29306479537406555,
      "phase": 4.517408167744457,
      "lobes": 4,
      "density": 28,
      "scale": 0.8006344498857655,
      "loop_exponent": 2.5
    },
    {
      "index": 2,
      "color": "#F6FA31",
      "shape": "arc",
      "center": [
        -0.10585658191988179,
        -0.3235833665758298
      ],
      "amp": 0.11330018703198812,
      "phase": 0.3879375594367932,
      "lobes": 4,
      "density": 21,
      "scale": 0.8561157470670303
    }
  ]
}