{
  "product_id": "597957145259",
  "seed": 4238972617,
  "colors": [
    "#1EF1F2",
    "#DC4FDD",
    "#F6FA31"
  ],
  "shape_types": [
    "arc",
    "leaf",
    "oval"
  ],
  "size": 800,
  "per_shape": [
    {
      "index": 0,
      "color": "#1EF1F2",
      "shape": "arc",
      "center": [
        0.16020930454934346,
        0.13409212690516203
      ],
      "amp": 0.17390946129225754,
      "phase": 0.9178179042027992,
      "lobes": 4,
      "density": 21,
      "scale": 1.0260569430742705
    },
    {
      "index": 1,
      "color": "#DC4FDD",
      "shape": "leaf",
      "center": [
        -0.3447833151392112,
        -0.27741186195064094
      ],
      "amp": 0.22116039584187042,
      "phase": 4.813096022875986,
      "lobes": 3,
      "density": 19,
      "scale": 1.1323310475189177,
      "leaf_type": "heart_polar_r=1-sin(theta+phase)"
    },
    {
      "index": 2,
      "color": "#F6FA31",
      "shape": "oval",
      "center": [
        0.06693679992183627,
        0.3742800068460077
      ],
      "amp": 0.2632904428762098,
      "phase": 3.8826812576833345,
      "lobes": 3,
      "density": 29,
      "scale": 1.1580566881040968,
      "oval_a": 1.1861523056979926,
      "oval_b": 0.7997521162242737
    }
  ]
}