{
  "product_id": "597957139773",
  "seed": 3392027819,
  "colors": [
    "#1EF1F2",
    "#DC4FDD",
    "#F6FA31"
  ],
  "shape_types": [
    "oval",
    "arc",
    "loop"
  ],
  "size": 800,
  "per_shape": [
    {
      "index": 0,
      "color": "#1EF1F2",
      "shape": "oval",
      "center": [
        -0.09509964300642454,
        0.33166913505933127
      ],
      "amp": 0.1778217130430968,
      "phase": 1.7532102551573705,
      "lobes": 2,
      "density": 32,
      "scale": 0.868241105894825,
      "oval_a": 1.1229866988253563,
      "oval_b": 0.8466618890962516
    },
    {
      "index": 1,
      "color": "#DC4FDD",
      "shape": "arc",
      "center": [
        -0.15523300857145328,
        0.3505100845296133
      ],
      "amp": 0.15566625425721275,
      "phase": 2.222390567335567,
      "lobes": 4,
      "density": 35,
      "scale": 1.1383718826082831
    },
    {
      "index": 2,
      "color": "#F6FA31",
      "shape": "loop",
      "center": [
        0.35611993433831357,
        -0.34803824955698603
      ],
      "amp": 0.23527370091302796,
      "phase": 6.096278088216033,
      "lobes": 4,
      "density": 28,
      "scale": 0.8864688520367935,
      "loop_exponent": 2.5
    }
  ]
}