{
  "product_id": "597957141109",
  "seed": 3825597539,
  "colors": [
    "#1EF1F2",
    "#DC4FDD",
    "#F6FA31"
  ],
  "shape_types": [
    "oval",
    "loop",
    "leaf"
  ],
  "size": 800,
  "per_shape": [
    {
      "index": 0,
      "color": "#1EF1F2",
      "shape": "oval",
      "center": [
        0.023446544710025496,
        -0.15635435199752434
      ],
      "amp": 0.06260816095664727,
      "phase": 6.190516132454101,
      "lobes": 2,
      "density": 27,
      "scale": 0.9069637545336536,
      "oval_a": 1.2430462190714926,
      "oval_b": 0.7282529900998643
    },
    {
      "index": 1,
      "color": "#DC4FDD",
      "shape": "loop",
      "center": [
        -0.01485361344180608,
        0.12823661929950858
      ],
      "amp": 0.2091785777101945,
      "phase": 0.04730502715607119,
      "lobes": 4,
      "density": 21,
      "scale": 0.8983045242219385,
      "loop_exponent": 2.5
    },
    {
      "index": 2,
      "color": "#F6FA31",
      "shape": "leaf",
      "center": [
        0.2846636678500306,
        -0.1439367389483115
      ],
      "amp": 0.1297607285406973,
      "phase": 2.9364366756483715,
      "lobes": 2,
      "density": 25,
      "scale": 1.0629357649295774,
      "leaf_type": "heart_polar_r=1-sin(theta+phase)"
    }
  ]
}