{
  "product_id": "597957148559",
  "seed": 850994706,
  "colors": [
    "#1EF1F2",
    "#DC4FDD",
    "#F6FA31"
  ],
  "shape_types": [
    "loop",
    "leaf",
    "arc"
  ],
  "size": 800,
  "per_shape": [
    {
      "index": 0,
      "color": "#1EF1F2",
      "shape": "loop",
      "center": [
        -0.10611159196813702,
        0.026384861031553353
      ],
      "amp": 0.24066024400895258,
      "phase": 3.9853377625398756,
      "lobes": 2,
      "density": 18,
      "scale": 0.9066311483196586,
      "loop_exponent": 2.5
    },
    {
      "index": 1,
      "color": "#DC4FDD",
      "shape": "leaf",
      "center": [
        0.10002257172594597,
        -0.09223602655881669
      ],
      "amp": 0.25557653497488547,
      "phase": 4.176334377137786,
      "lobes": 4,
      "density": 28,
      "scale": 1.0408739512424063,
      "leaf_type": "heart_polar_r=1-sin(theta+phase)"
    },
    {
      "index": 2,
      "color": "#F6FA31",
      "shape": "arc",
      "center": [
        0.36462213816403544,
        0.2712395511069382
      ],
      "amp": 0.12907855852607136,
      "phase": 4.292566155090903,
      "lobes": 2,
      "density": 25,
      "scale": 1.119471789978402
    }
  ]
}