{
  "product_id": "597957141241",
  "seed": 1796887942,
  "colors": [
    "#1EF1F2",
    "#DC4FDD",
    "#F6FA31"
  ],
  "shape_types": [
    "oval",
    "leaf",
    "arc"
  ],
  "size": 800,
  "per_shape": [
    {
      "index": 0,
      "color": "#1EF1F2",
      "shape": "oval",
      "center": [
        0.1821685100663084,
        0.19095927743870378
      ],
      "amp": 0.25774735890300854,
      "phase": 0.4397274372577947,
      "lobes": 3,
      "density": 32,
      "scale": 0.9863502766275112,
      "oval_a": 1.1693346788896664,
      "oval_b": 0.7634934689859318
    },
    {
      "index": 1,
      "color": "#DC4FDD",
      "shape": "leaf",
      "center": [
        -0.20077494105547,
        0.20525413879420673
      ],
      "amp": 0.14545049917243402,
      "phase": 4.282564289664145,
      "lobes": 2,
      "density": 24,
      "scale": 0.9939977892680443,
      "leaf_type": "heart_polar_r=1-sin(theta+phase)"
    },
    {
      "index": 2,
      "color": "#F6FA31",
      "shape": "arc",
      "center": [
        -0.24351159999880814,
        0.0195916047983552
      ],
      "amp": 0.06796802850274171,
      "phase": 2.919449919406978,
      "lobes": 3,
      "density": 30,
      "scale": 0.9143379342839467
    }
  ]
}