{
  "product_id": "597957146603",
  "seed": 740872502,
  "colors": [
    "#1EF1F2",
    "#DC4FDD",
    "#F6FA31"
  ],
  "shape_types": [
    "oval",
    "leaf",
    "loop"
  ],
  "size": 800,
  "per_shape": [
    {
      "index": 0,
      "color": "#1EF1F2",
      "shape": "oval",
      "center": [
        -0.27521594772408203,
        0.05635382294767116
      ],
      "amp": 0.2988202302035256,
      "phase": 0.5804261545975238,
      "lobes": 3,
      "density": 29,
      "scale": 1.1321337685144555,
      "oval_a": 1.1720577357229673,
      "oval_b": 0.8863510967850362
    },
    {
      "index": 1,
      "color": "#DC4FDD",
      "shape": "leaf",
      "center": [
        0.3224940110614932,
        0.2857646616745936
      ],
      "amp": 0.11440430309023021,
      "phase": 1.3532448982887824,
      "lobes": 3,
      "density": 26,
      "scale": 0.8479185808482134,
      "leaf_type": "heart_polar_r=1-sin(theta+phase)"
    },
    {
      "index": 2,
      "color": "#F6FA31",
      "shape": "loop",
      "center": [
        -0.07163573060054007,
        0.09261994207559032
      ],
      "amp": 0.2911756732556883,
      "phase": 1.4671465256765208,
      "lobes": 3,
      "density": 26,
      "scale": 1.0040259903739517,
      "loop_exponent": 2.5
    }
  ]
}