{
  "product_id": "597957143093",
  "seed": 1085184920,
  "colors": [
    "#1EF1F2",
    "#DC4FDD",
    "#F6FA31"
  ],
  "shape_types": [
    "oval",
    "leaf",
    "loop"
  ],
  "size": 800,
  "per_shape": [
    {
      "index": 0,
      "color": "#1EF1F2",
      "shape": "oval",
      "center": [
        0.18023484284660207,
        0.24923044360285662
      ],
      "amp": 0.12632708630314216,
      "phase": 0.8120610017307118,
      "lobes": 4,
      "density": 31,
      "scale": 0.8323242723166119,
      "oval_a": 1.2307187727399613,
      "oval_b": 0.8140720932151968
    },
    {
      "index": 1,
      "color": "#DC4FDD",
      "shape": "leaf",
      "center": [
        -0.011962471080405823,
        0.20417523432848061
      ],
      "amp": 0.23403939653133515,
      "phase": 2.350779179081453,
      "lobes": 4,
      "density": 29,
      "scale": 1.1541139957029132,
      "leaf_type": "heart_polar_r=1-sin(theta+phase)"
    },
    {
      "index": 2,
      "color": "#F6FA31",
      "shape": "loop",
      "center": [
        -0.18610489150093346,
        0.14225210802542632
      ],
      "amp": 0.08400650775640113,
      "phase": 5.716932365373665,
      "lobes": 3,
      "density": 27,
      "scale": 1.0627007479399309,
      "loop_exponent": 2.5
    }
  ]
}