{
  "product_id": "597957141943",
  "seed": 2560929963,
  "colors": [
    "#1EF1F2",
    "#DC4FDD",
    "#F6FA31"
  ],
  "shape_types": [
    "leaf",
    "arc",
    "oval"
  ],
  "size": 800,
  "per_shape": [
    {
      "index": 0,
      "color": "#1EF1F2",
      "shape": "leaf",
      "center": [
        -0.31648447841243227,
        -0.2925629957717177
      ],
      "amp": 0.1792767817380676,
      "phase": 3.55428596041089,
      "lobes": 3,
      "density": 20,
      "scale": 1.1868552760304851,
      "leaf_type": "heart_polar_r=1-sin(theta+phase)"
    },
    {
      "index": 1,
      "color": "#DC4FDD",
      "shape": "arc",
      "center": [
        -0.2855130895178599,
        0.337197543889487
      ],
      "amp": 0.132332242448149,
      "phase": 2.351380548892482,
      "lobes": 3,
      "density": 33,
      "scale": 0.9941769815969071
    },
    {
      "index": 2,
      "color": "#F6FA31",
      "shape": "oval",
      "center": [
        0.25426421838273694,
        0.38484798892537075
      ],
      "amp": 0.20404031206913753,
      "phase": 0.8679327934272045,
      "lobes": 2,
      "density": 22,
      "scale": 1.0751010293490453,
      "oval_a": 1.2611234937131095,
      "oval_b": 0.8792837767874193
    }
  ]
}