{
  "product_id": "597957146511",
  "seed": 1495364439,
  "colors": [
    "#1EF1F2",
    "#DC4FDD",
    "#F6FA31"
  ],
  "shape_types": [
    "oval",
    "arc",
    "leaf"
  ],
  "size": 800,
  "per_shape": [
    {
      "index": 0,
      "color": "#1EF1F2",
      "shape": "oval",
      "center": [
        -0.22974265635247804,
        -0.2994962912250325
      ],
      "amp": 0.19152613037346422,
      "phase": 0.8974433597239571,
      "lobes": 2,
      "density": 23,
      "scale": 0.8767772466238697,
      "oval_a": 1.2116155721189095,
      "oval_b": 0.7703935920450008
    },
    {
      "index": 1,
      "color": "#DC4FDD",
      "shape": "arc",
      "center": [
        0.38612054872059,
        0.08078608835562245
      ],
      "amp": 0.1879228982905387,
      "phase": 1.3940711139790196,
      "lobes": 4,
      "density": 31,
      "scale": 1.074767052193752
    },
    {
      "index": 2,
      "color": "#F6FA31",
      "shape": "leaf",
      "center": [
        0.09231607314182683,
        -0.3436745205968208
      ],
      "amp": 0.08204543749467692,
      "phase": 2.583712516191679,
      "lobes": 2,
      "density": 34,
      "scale": 0.9206319378212531,
      "leaf_type": "heart_polar_r=1-sin(theta+phase)"
    }
  ]
}