{
  "product_id": "597957148519",
  "seed": 631142623,
  "colors": [
    "#1EF1F2",
    "#DC4FDD",
    "#F6FA31"
  ],
  "shape_types": [
    "oval",
    "leaf",
    "arc"
  ],
  "size": 800,
  "per_shape": [
    {
      "index": 0,
      "color": "#1EF1F2",
      "shape": "oval",
      "center": [
        0.16464869869789767,
        0.3584085152294917
      ],
      "amp": 0.21280224054997654,
      "phase": 2.9299107517078684,
      "lobes": 3,
      "density": 21,
      "scale": 0.9593158191446493,
      "oval_a": 1.1084194908751097,
      "oval_b": 0.7163896215536131
    },
    {
      "index": 1,
      "color": "#DC4FDD",
      "shape": "leaf",
      "center": [
        0.3612861022498145,
        -0.05158679970395291
      ],
      "amp": 0.14436248939162744,
      "phase": 4.267028158327066,
      "lobes": 3,
      "density": 32,
      "scale": 0.8236485135131827,
      "leaf_type": "heart_polar_r=1-sin(theta+phase)"
    },
    {
      "index": 2,
      "color": "#F6FA31",
      "shape": "arc",
      "center": [
        0.1714144056557625,
        0.07521364460028446
      ],
      "amp": 0.23357568581307897,
      "phase": 1.8398416867177703,
      "lobes": 2,
      "density": 36,
      "scale": 1.1313243078993893
    }
  ]
}