{
  "product_id": "597957143987",
  "seed": 2700329323,
  "colors": [
    "#1EF1F2",
    "#DC4FDD",
    "#F6FA31"
  ],
  "shape_types": [
    "loop",
    "arc",
    "oval"
  ],
  "size": 800,
  "per_shape": [
    {
      "index": 0,
      "color": "#1EF1F2",
      "shape": "loop",
      "center": [
        -0.14699626672934052,
        0.32409344839706744
      ],
      "amp": 0.10292643495521119,
      "phase": 0.9563826641928816,
      "lobes": 4,
      "density": 28,
      "scale": 0.9447596416134331,
      "loop_exponent": 2.5
    },
    {
      "index": 1,
      "color": "#DC4FDD",
      "shape": "arc",
      "center": [
        0.379420974437939,
        -0.3106082805964195
      ],
      "amp": 0.22143210949902198,
      "phase": 0.7535055175986768,
      "lobes": 3,
      "density": 28,
      "scale": 1.0326647860309002
    },
    {
      "index": 2,
      "color": "#F6FA31",
      "shape": "oval",
      "center": [
        0.020928399405665488,
        -0.16597883152506007
      ],
      "amp": 0.18380878952296992,
      "phase": 0.8039212820357492,
      "lobes": 4,
      "density": 31,
      "scale": 0.9054936014652357,
      "oval_a": 1.2495268644410438,
      "oval_b": 0.834394300793469
    }
  ]
}