{
  "product_id": "597957145019",
  "seed": 1802609957,
  "colors": [
    "#1EF1F2",
    "#DC4FDD",
    "#F6FA31"
  ],
  "shape_types": [
    "oval",
    "arc",
    "leaf"
  ],
  "size": 800,
  "per_shape": [
    {
      "index": 0,
      "color": "#1EF1F2",
      "shape": "oval",
      "center": [
        -0.21881298334368682,
        -0.2502098811611482
      ],
      "amp": 0.09634996562807234,
      "phase": 3.3647020025348415,
      "lobes": 4,
      "density": 33,
      "scale": 1.0321766259219542,
      "oval_a": 1.171233624842188,
      "oval_b": 0.7772123366958179
    },
    {
      "index": 1,
      "color": "#DC4FDD",
      "shape": "arc",
      "center": [
        0.3411446714477576,
        0.11315650036415492
      ],
      "amp": 0.16945236781191808,
      "phase": 5.083866164910391,
      "lobes": 4,
      "density": 29,
      "scale": 1.1861160992147413
    },
    {
      "index": 2,
      "color": "#F6FA31",
      "shape": "leaf",
      "center": [
        -0.26572493388518637,
        -0.23137328395578827
      ],
      "amp": 0.15595550691825077,
      "phase": 1.3492385948204084,
      "lobes": 4,
      "density": 19,
      "scale": 0.9177648168039126,
      "leaf_type": "heart_polar_r=1-sin(theta+phase)"
    }
  ]
}