{
  "product_id": "597957141369",
  "seed": 251784243,
  "colors": [
    "#1EF1F2",
    "#DC4FDD",
    "#F6FA31"
  ],
  "shape_types": [
    "leaf",
    "arc",
    "oval"
  ],
  "size": 800,
  "per_shape": [
    {
      "index": 0,
      "color": "#1EF1F2",
      "shape": "leaf",
      "center": [
        0.21924736996691552,
        0.061661527671378114
      ],
      "amp": 0.20624598826183005,
      "phase": 4.266628637847032,
      "lobes": 3,
      "density": 19,
      "scale": 1.057916773309112,
      "leaf_type": "heart_polar_r=1-sin(theta+phase)"
    },
    {
      "index": 1,
      "color": "#DC4FDD",
      "shape": "arc",
      "center": [
        0.021822074405527747,
        0.38593595171861994
      ],
      "amp": 0.19503404716695139,
      "phase": 1.2520796799971088,
      "lobes": 2,
      "density": 35,
      "scale": 0.897399148078045
    },
    {
      "index": 2,
      "color": "#F6FA31",
      "shape": "oval",
      "center": [
        0.27858495445161835,
        0.3727346026982197
      ],
      "amp": 0.17752592292685598,
      "phase": 5.98604801224316,
      "lobes": 4,
      "density": 31,
      "scale": 1.0180430695380256,
      "oval_a": 1.2700419299524002,
      "oval_b": 0.765000633744727
    }
  ]
}