{
  "product_id": "597957140283",
  "seed": 2201301215,
  "colors": [
    "#1EF1F2",
    "#DC4FDD",
    "#F6FA31"
  ],
  "shape_types": [
    "oval",
    "leaf",
    "arc"
  ],
  "size": 800,
  "per_shape": [
    {
      "index": 0,
      "color": "#1EF1F2",
      "shape": "oval",
      "center": [
        -0.24705350795656342,
        -0.37587908010447324
      ],
      "amp": 0.13355119401305027,
      "phase": 2.1045841976098054,
      "lobes": 2,
      "density": 31,
      "scale": 1.008479038238969,
      "oval_a": 1.2608100231508743,
      "oval_b": 0.7627840876520121
    },
    {
      "index": 1,
      "color": "#DC4FDD",
      "shape": "leaf",
      "center": [
        0.027054458653919422,
        0.31966712730536884
      ],
      "amp": 0.10448415666795184,
      "phase": 4.5053081103902235,
      "lobes": 3,
      "density": 22,
      "scale": 1.0499898577368683,
      "leaf_type": "heart_polar_r=1-sin(theta+phase)"
    },
    {
      "index": 2,
      "color": "#F6FA31",
      "shape": "arc",
      "center": [
        -0.29910209712132185,
        -0.21678919305522
      ],
      "amp": 0.0837154413710829,
      "phase": 6.125999857652764,
      "lobes": 2,
      "density": 23,
      "scale": 0.9175088369520684
    }
  ]
}