{
  "product_id": "597957147423",
  "seed": 573489734,
  "colors": [
    "#1EF1F2",
    "#DC4FDD",
    "#F6FA31"
  ],
  "shape_types": [
    "loop",
    "oval",
    "leaf"
  ],
  "size": 800,
  "per_shape": [
    {
      "index": 0,
      "color": "#1EF1F2",
      "shape": "loop",
      "center": [
        0.31673666763366004,
        0.08741364893777603
      ],
      "amp": 0.142584056763423,
      "phase": 3.0667506162201126,
      "lobes": 3,
      "density": 22,
      "scale": 0.9768685827129084,
      "loop_exponent": 2.5
    },
    {
      "index": 1,
      "color": "#DC4FDD",
      "shape": "oval",
      "center": [
        0.007505195806636222,
        0.35809928330603513
      ],
      "amp": 0.18868160600839817,
      "phase": 1.3381648012112486,
      "lobes": 4,
      "density": 25,
      "scale": 1.0156231522577237,
      "oval_a": 1.101810783382877,
      "oval_b": 0.8268408581519728
    },
    {
      "index": 2,
      "color": "#F6FA31",
      "shape": "leaf",
      "center": [
        0.10612516238112935,
        -0.09301985024358073
      ],
      "amp": 0.06023231715903814,
      "phase": 0.46934578461917686,
      "lobes": 3,
      "density": 25,
      "scale": 1.0369764380895812,
      "leaf_type": "heart_polar_r=1-sin(theta+phase)"
    }
  ]
}