{
  "product_id": "597957145081",
  "seed": 2082033868,
  "colors": [
    "#1EF1F2",
    "#DC4FDD",
    "#F6FA31"
  ],
  "shape_types": [
    "oval",
    "loop",
    "leaf"
  ],
  "size": 800,
  "per_shape": [
    {
      "index": 0,
      "color": "#1EF1F2",
      "shape": "oval",
      "center": [
        -0.11387792410964848,
        0.34238209264565456
      ],
      "amp": 0.2755712073207565,
      "phase": 5.340785361848352,
      "lobes": 3,
      "density": 31,
      "scale": 0.8691884088875694,
      "oval_a": 1.1360421660043487,
      "oval_b": 0.7486670584668884
    },
    {
      "index": 1,
      "color": "#DC4FDD",
      "shape": "loop",
      "center": [
        -0.029077199399830778,
        -0.005539300063441943
      ],
      "amp": 0.27928881923135374,
      "phase": 2.6395056703795325,
      "lobes": 3,
      "density": 33,
      "scale": 1.1706406889999952,
      "loop_exponent": 2.5
    },
    {
      "index": 2,
      "color": "#F6FA31",
      "shape": "leaf",
      "center": [
        -0.09834573025575588,
        0.16076119309748582
      ],
      "amp": 0.13049087049445768,
      "phase": 1.151442940284412,
      "lobes": 2,
      "density": 36,
      "scale": 1.188577359805428,
      "leaf_type": "heart_polar_r=1-sin(theta+phase)"
    }
  ]
}