{
  "product_id": "597957142027",
  "seed": 1045269228,
  "colors": [
    "#1EF1F2",
    "#DC4FDD",
    "#F6FA31"
  ],
  "shape_types": [
    "loop",
    "leaf",
    "oval"
  ],
  "size": 800,
  "per_shape": [
    {
      "index": 0,
      "color": "#1EF1F2",
      "shape": "loop",
      "center": [
        -0.20610248380794102,
        -0.09853324958090015
      ],
      "amp": 0.23101050405356033,
      "phase": 4.013096478716761,
      "lobes": 3,
      "density": 24,
      "scale": 0.925503378308901,
      "loop_exponent": 2.5
    },
    {
      "index": 1,
      "color": "#DC4FDD",
      "shape": "leaf",
      "center": [
        0.16699287135013918,
        -0.2479978427688046
      ],
      "amp": 0.09039616886055014,
      "phase": 5.280170740956517,
      "lobes": 4,
      "density": 32,
      "scale": 1.1282692357721609,
      "leaf_type": "heart_polar_r=1-sin(theta+phase)"
    },
    {
      "index": 2,
      "color": "#F6FA31",
      "shape": "oval",
      "center": [
        -0.08799587854541191,
        0.3579567785299922
      ],
      "amp": 0.2747354745640401,
      "phase": 1.3026732655856375,
      "lobes": 3,
      "density": 19,
      "scale": 0.8731642087309119,
      "oval_a": 1.1474738139414693,
      "oval_b": 0.8666905056346159
    }
  ]
}