{
  "product_id": "597957145193",
  "seed": 2169627647,
  "colors": [
    "#1EF1F2",
    "#DC4FDD",
    "#F6FA31"
  ],
  "shape_types": [
    "oval",
    "loop",
    "leaf"
  ],
  "size": 800,
  "per_shape": [
    {
      "index": 0,
      "color": "#1EF1F2",
      "shape": "oval",
      "center": [
        0.15551353155226466,
        0.07656583131655326
      ],
      "amp": 0.12063797541029679,
      "phase": 1.741499154175273,
      "lobes": 3,
      "density": 29,
      "scale": 0.8634302238914568,
      "oval_a": 1.1259446195491047,
      "oval_b": 0.7665838477975027
    },
    {
      "index": 1,
      "color": "#DC4FDD",
      "shape": "loop",
      "center": [
        -0.22314249587063265,
        0.14772097151312713
      ],
      "amp": 0.08308033192402951,
      "phase": 5.638669427417225,
      "lobes": 4,
      "density": 30,
      "scale": 1.1790339659810913,
      "loop_exponent": 2.5
    },
    {
      "index": 2,
      "color": "#F6FA31",
      "shape": "leaf",
      "center": [
        -0.28574873660144073,
        0.17278966626834735
      ],
      "amp": 0.2648821948309098,
      "phase": 1.7608449218365372,
      "lobes": 3,
      "density": 29,
      "scale": 0.8574422709166789,
      "leaf_type": "heart_polar_r=1-sin(theta+phase)"
    }
  ]
}