{
  "product_id": "597957142565",
  "seed": 4019946018,
  "colors": [
    "#1EF1F2",
    "#DC4FDD",
    "#F6FA31"
  ],
  "shape_types": [
    "loop",
    "leaf",
    "arc"
  ],
  "size": 800,
  "per_shape": [
    {
      "index": 0,
      "color": "#1EF1F2",
      "shape": "loop",
      "center": [
        -0.36191304638838917,
        -0.29305674895088063
      ],
      "amp": 0.261849331810491,
      "phase": 1.3465868335556257,
      "lobes": 3,
      "density": 33,
      "scale": 0.8237451369397557,
      "loop_exponent": 2.5
    },
    {
      "index": 1,
      "color": "#DC4FDD",
      "shape": "leaf",
      "center": [
        0.1493718441897003,
        -0.26732329442383207
      ],
      "amp": 0.1562333373494103,
      "phase": 1.6636594593855167,
      "lobes": 2,
      "density": 32,
      "scale": 1.1025010747688448,
      "leaf_type": "heart_polar_r=1-sin(theta+phase)"
    },
    {
      "index": 2,
      "color": "#F6FA31",
      "shape": "arc",
      "center": [
        0.07828039037969325,
        0.012810876764602075
      ],
      "amp": 0.08871789224168235,
      "phase": 3.9611634603164645,
      "lobes": 2,
      "density": 24,
      "scale": 1.0601617229033833
    }
  ]
}