{
  "product_id": "597957145691",
  "seed": 128260658,
  "colors": [
    "#1EF1F2",
    "#DC4FDD",
    "#F6FA31"
  ],
  "shape_types": [
    "leaf",
    "loop",
    "arc"
  ],
  "size": 800,
  "per_shape": [
    {
      "index": 0,
      "color": "#1EF1F2",
      "shape": "leaf",
      "center": [
        -0.17621472903809343,
        -0.3728968774458246
      ],
      "amp": 0.22843391034498933,
      "phase": 0.49206861365503607,
      "lobes": 2,
      "density": 33,
      "scale": 0.8001346305140363,
      "leaf_type": "heart_polar_r=1-sin(theta+phase)"
    },
    {
      "index": 1,
      "color": "#DC4FDD",
      "shape": "loop",
      "center": [
        -0.06940434617812918,
        -0.28812029907531883
      ],
      "amp": 0.14441811802557114,
      "phase": 2.995759808516351,
      "lobes": 2,
      "density": 35,
      "scale": 1.1459277502210024,
      "loop_exponent": 2.5
    },
    {
      "index": 2,
      "color": "#F6FA31",
      "shape": "arc",
      "center": [
        -0.28751380930661263,
        -0.38747333552032465
      ],
      "amp": 0.22955665627913358,
      "phase": 0.7780403968085458,
      "lobes": 3,
      "density": 23,
      "scale": 0.8654601238118629
    }
  ]
}