{
  "product_id": "597957145669",
  "seed": 1577157623,
  "colors": [
    "#1EF1F2",
    "#DC4FDD",
    "#F6FA31"
  ],
  "shape_types": [
    "oval",
    "leaf",
    "loop"
  ],
  "size": 800,
  "per_shape": [
    {
      "index": 0,
      "color": "#1EF1F2",
      "shape": "oval",
      "center": [
        -0.0739796538619159,
        0.3676091889231369
      ],
      "amp": 0.05311278000483137,
      "phase": 4.128082887442618,
      "lobes": 3,
      "density": 25,
      "scale": 1.1137029265883174,
      "oval_a": 1.1350374118110387,
      "oval_b": 0.7505478169638389
    },
    {
      "index": 1,
      "color": "#DC4FDD",
      "shape": "leaf",
      "center": [
        -0.301806219285455,
        0.2150387742392219
      ],
      "amp": 0.2678567172788368,
      "phase": 4.967779417729061,
      "lobes": 2,
      "density": 22,
      "scale": 0.862591125352038,
      "leaf_type": "heart_polar_r=1-sin(theta+phase)"
    },
    {
      "index": 2,
      "color": "#F6FA31",
      "shape": "loop",
      "center": [
        -0.006205392314527103,
        0.03487215208358707
      ],
      "amp": 0.24545828567341715,
      "phase": 3.450634391128876,
      "lobes": 4,
      "density": 33,
      "scale": 0.9108222227065559,
      "loop_exponent": 2.5
    }
  ]
}