{
  "product_id": "597957139621",
  "seed": 1874315195,
  "colors": [
    "#1EF1F2",
    "#DC4FDD",
    "#F6FA31"
  ],
  "shape_types": [
    "oval",
    "leaf",
    "loop"
  ],
  "size": 800,
  "per_shape": [
    {
      "index": 0,
      "color": "#1EF1F2",
      "shape": "oval",
      "center": [
        0.22985333697423482,
        0.018003095328545993
      ],
      "amp": 0.29154132355191104,
      "phase": 4.038092763303171,
      "lobes": 3,
      "density": 26,
      "scale": 1.1947647280288671,
      "oval_a": 1.2168365700107817,
      "oval_b": 0.8658031380845234
    },
    {
      "index": 1,
      "color": "#DC4FDD",
      "shape": "leaf",
      "center": [
        -0.11491034574910935,
        -0.0743984724033192
      ],
      "amp": 0.23178543786104794,
      "phase": 0.9164772526217642,
      "lobes": 2,
      "density": 20,
      "scale": 0.9022110754922289,
      "leaf_type": "heart_polar_r=1-sin(theta+phase)"
    },
    {
      "index": 2,
      "color": "#F6FA31",
      "shape": "loop",
      "center": [
        0.3091553695987751,
        0.21552368881809192
      ],
      "amp": 0.10947822459275929,
      "phase": 2.1186996850720905,
      "lobes": 3,
      "density": 35,
      "scale": 1.0101557749723613,
      "loop_exponent": 2.5
    }
  ]
}