{
  "product_id": "597957141295",
  "seed": 1146780574,
  "colors": [
    "#1EF1F2",
    "#DC4FDD",
    "#F6FA31"
  ],
  "shape_types": [
    "oval",
    "leaf",
    "loop"
  ],
  "size": 800,
  "per_shape": [
    {
      "index": 0,
      "color": "#1EF1F2",
      "shape": "oval",
      "center": [
        -0.20838019805787955,
        0.19662615135526906
      ],
      "amp": 0.25111189630311775,
      "phase": 0.17442150807154558,
      "lobes": 2,
      "density": 28,
      "scale": 1.0932741256657486,
      "oval_a": 1.2068767053500775,
      "oval_b": 0.7992305761048981
    },
    {
      "index": 1,
      "color": "#DC4FDD",
      "shape": "leaf",
      "center": [
        -0.06630876643526518,
        0.18864607387463128
      ],
      "amp": 0.11687041735109029,
      "phase": 1.016900528482807,
      "lobes": 4,
      "density": 23,
      "scale": 0.9478059125120375,
      "leaf_type": "heart_polar_r=1-sin(theta+phase)"
    },
    {
      "index": 2,
      "color": "#F6FA31",
      "shape": "loop",
      "center": [
        -0.27446897151725547,
        0.19040983322621075
      ],
      "amp": 0.1017215145311892,
      "phase": 1.8868354514378525,
      "lobes": 3,
      "density": 22,
      "scale": 1.0566734225898446,
      "loop_exponent": 2.5
    }
  ]
}