{
  "product_id": "597957141387",
  "seed": 761523368,
  "colors": [
    "#1EF1F2",
    "#DC4FDD",
    "#F6FA31"
  ],
  "shape_types": [
    "arc",
    "loop",
    "oval"
  ],
  "size": 800,
  "per_shape": [
    {
      "index": 0,
      "color": "#1EF1F2",
      "shape": "arc",
      "center": [
        0.39897507287223266,
        0.252050257841957
      ],
      "amp": 0.1443558790080322,
      "phase": 3.3326081869571382,
      "lobes": 2,
      "density": 20,
      "scale": 0.9212766059062145
    },
    {
      "index": 1,
      "color": "#DC4FDD",
      "shape": "loop",
      "center": [
        0.3335353851859606,
        0.03725627822650851
      ],
      "amp": 0.2298329199644516,
      "phase": 0.3032993706475286,
      "lobes": 3,
      "density": 22,
      "scale": 0.8983945452109027,
      "loop_exponent": 2.5
    },
    {
      "index": 2,
      "color": "#F6FA31",
      "shape": "oval",
      "center": [
        0.2072537992382778,
        0.27234629430033663
      ],
      "amp": 0.2911702304727061,
      "phase": 3.539977124350932,
      "lobes": 2,
      "density": 26,
      "scale": 1.036862392664954,
      "oval_a": 1.1543642174002178,
      "oval_b": 0.8171745082155222
    }
  ]
}