{
  "product_id": "597957148555",
  "seed": 1731574604,
  "colors": [
    "#1EF1F2",
    "#DC4FDD",
    "#F6FA31"
  ],
  "shape_types": [
    "oval",
    "arc",
    "leaf"
  ],
  "size": 800,
  "per_shape": [
    {
      "index": 0,
      "color": "#1EF1F2",
      "shape": "oval",
      "center": [
        -0.08157397857315923,
        0.03121157846024608
      ],
      "amp": 0.06266677881001893,
      "phase": 2.577259824768121,
      "lobes": 4,
      "density": 20,
      "scale": 1.0466883714261341,
      "oval_a": 1.146388556728757,
      "oval_b": 0.7281653410711986
    },
    {
      "index": 1,
      "color": "#DC4FDD",
      "shape": "arc",
      "center": [
        -0.23863210893088527,
        0.306765261335173
      ],
      "amp": 0.27654854970122256,
      "phase": 2.4724936860936517,
      "lobes": 4,
      "density": 35,
      "scale": 0.9623678902566722
    },
    {
      "index": 2,
      "color": "#F6FA31",
      "shape": "leaf",
      "center": [
        0.19617622763753817,
        0.03550995584225747
      ],
      "amp": 0.20917304856193408,
      "phase": 0.4659111963267171,
      "lobes": 4,
      "density": 32,
      "scale": 1.0911094750167076,
      "leaf_type": "heart_polar_r=1-sin(theta+phase)"
    }
  ]
}