{
  "product_id": "597957144039",
  "seed": 4052159309,
  "colors": [
    "#1EF1F2",
    "#DC4FDD",
    "#F6FA31"
  ],
  "shape_types": [
    "loop",
    "oval",
    "arc"
  ],
  "size": 800,
  "per_shape": [
    {
      "index": 0,
      "color": "#1EF1F2",
      "shape": "loop",
      "center": [
        -0.19130508979178906,
        -0.3471327520932366
      ],
      "amp": 0.05175498371208935,
      "phase": 1.9449199641203188,
      "lobes": 4,
      "density": 23,
      "scale": 1.114604593228083,
      "loop_exponent": 2.5
    },
    {
      "index": 1,
      "color": "#DC4FDD",
      "shape": "oval",
      "center": [
        0.004418152190843128,
        -0.1357527157991698
      ],
      "amp": 0.2913836641224713,
      "phase": 6.183223929812073,
      "lobes": 2,
      "density": 29,
      "scale": 0.818019331861283,
      "oval_a": 1.252414861273264,
      "oval_b": 0.7389606057485645
    },
    {
      "index": 2,
      "color": "#F6FA31",
      "shape": "arc",
      "center": [
        0.332612087796997,
        -0.04261638868333539
      ],
      "amp": 0.22473844150935268,
      "phase": 2.5083145523846655,
      "lobes": 2,
      "density": 36,
      "scale": 0.800845094402289
    }
  ]
}