{
  "product_id": "597957138837",
  "seed": 3753483211,
  "colors": [
    "#1EF1F2",
    "#DC4FDD",
    "#F6FA31"
  ],
  "shape_types": [
    "loop",
    "arc",
    "oval"
  ],
  "size": 800,
  "per_shape": [
    {
      "index": 0,
      "color": "#1EF1F2",
      "shape": "loop",
      "center": [
        -0.04021636002409068,
        -0.381058305258092
      ],
      "amp": 0.2346407502443401,
      "phase": 2.8670631552577808,
      "lobes": 4,
      "density": 23,
      "scale": 1.1892835278589846,
      "loop_exponent": 2.5
    },
    {
      "index": 1,
      "color": "#DC4FDD",
      "shape": "arc",
      "center": [
        0.002136185905567245,
        -0.13131956141117085
      ],
      "amp": 0.20207205882910328,
      "phase": 3.2158006874067167,
      "lobes": 2,
      "density": 32,
      "scale": 1.1058986590500963
    },
    {
      "index": 2,
      "color": "#F6FA31",
      "shape": "oval",
      "center": [
        -0.23905021475501897,
        -0.21833605026790917
      ],
      "amp": 0.15251739687484123,
      "phase": 4.641483435845842,
      "lobes": 2,
      "density": 34,
      "scale": 0.9111181994484086,
      "oval_a": 1.2569051486634946,
      "oval_b": 0.833881545532518
    }
  ]
}