{
  "product_id": "597957142375",
  "seed": 520358773,
  "colors": [
    "#1EF1F2",
    "#DC4FDD",
    "#F6FA31"
  ],
  "shape_types": [
    "loop",
    "oval",
    "leaf"
  ],
  "size": 800,
  "per_shape": [
    {
      "index": 0,
      "color": "#1EF1F2",
      "shape": "loop",
      "center": [
        -0.11817957708819621,
        -0.170337266211717
      ],
      "amp": 0.18669258649332016,
      "phase": 1.5714765968987416,
      "lobes": 2,
      "density": 31,
      "scale": 1.125045575429281,
      "loop_exponent": 2.5
    },
    {
      "index": 1,
      "color": "#DC4FDD",
      "shape": "oval",
      "center": [
        -0.10781037120337772,
        -0.08278168094261434
      ],
      "amp": 0.1658850415171021,
      "phase": 5.565491462367665,
      "lobes": 4,
      "density": 18,
      "scale": 1.1767308078665,
      "oval_a": 1.1402757575679656,
      "oval_b": 0.8534973707251998
    },
    {
      "index": 2,
      "color": "#F6FA31",
      "shape": "leaf",
      "center": [
        -0.3319860857431821,
        -0.1837105632138071
      ],
      "amp": 0.2317769490747706,
      "phase": 3.3792535861385,
      "lobes": 2,
      "density": 32,
      "scale": 0.8651420597615562,
      "leaf_type": "heart_polar_r=1-sin(theta+phase)"
    }
  ]
}