{
  "product_id": "597957141145",
  "seed": 4170117063,
  "colors": [
    "#1EF1F2",
    "#DC4FDD",
    "#F6FA31"
  ],
  "shape_types": [
    "arc",
    "loop",
    "oval"
  ],
  "size": 800,
  "per_shape": [
    {
      "index": 0,
      "color": "#1EF1F2",
      "shape": "arc",
      "center": [
        0.06221156246828369,
        -0.34717914980353665
      ],
      "amp": 0.16720514240061513,
      "phase": 0.07788595972065827,
      "lobes": 2,
      "density": 19,
      "scale": 0.9440291438308963
    },
    {
      "index": 1,
      "color": "#DC4FDD",
      "shape": "loop",
      "center": [
        0.32745697421748454,
        -0.2803273678788043
      ],
      "amp": 0.05756591129423787,
      "phase": 5.82882471304135,
      "lobes": 2,
      "density": 33,
      "scale": 0.9570349991081069,
      "loop_exponent": 2.5
    },
    {
      "index": 2,
      "color": "#F6FA31",
      "shape": "oval",
      "center": [
        0.28632328111211147,
        0.3729651878634991
      ],
      "amp": 0.09234569995557222,
      "phase": 2.3731207847321794,
      "lobes": 4,
      "density": 30,
      "scale": 1.0910182466776752,
      "oval_a": 1.1739583367986461,
      "oval_b": 0.750027471078538
    }
  ]
}