{
  "product_id": "597957147927",
  "seed": 4165767794,
  "colors": [
    "#1EF1F2",
    "#DC4FDD",
    "#F6FA31"
  ],
  "shape_types": [
    "arc",
    "leaf",
    "loop"
  ],
  "size": 800,
  "per_shape": [
    {
      "index": 0,
      "color": "#1EF1F2",
      "shape": "arc",
      "center": [
        0.2537668387640116,
        -0.08871862212681397
      ],
      "amp": 0.052667017946999725,
      "phase": 5.171974182641591,
      "lobes": 4,
      "density": 21,
      "scale": 0.8280609260465468
    },
    {
      "index": 1,
      "color": "#DC4FDD",
      "shape": "leaf",
      "center": [
        -0.30844676470253474,
        0.39076932263548114
      ],
      "amp": 0.14784374649678628,
      "phase": 6.066170026501774,
      "lobes": 4,
      "density": 35,
      "scale": 0.8311920249372529,
      "leaf_type": "heart_polar_r=1-sin(theta+phase)"
    },
    {
      "index": 2,
      "color": "#F6FA31",
      "shape": "loop",
      "center": [
        0.025911230235174554,
        -0.019904982792680048
      ],
      "amp": 0.05902171936564678,
      "phase": 4.203475049449255,
      "lobes": 3,
      "density": 18,
      "scale": 1.1371141932400266,
      "loop_exponent": 2.5
    }
  ]
}