{
  "product_id": "597957143163",
  "seed": 1019776104,
  "colors": [
    "#1EF1F2",
    "#DC4FDD",
    "#F6FA31"
  ],
  "shape_types": [
    "loop",
    "arc",
    "leaf"
  ],
  "size": 800,
  "per_shape": [
    {
      "index": 0,
      "color": "#1EF1F2",
      "shape": "loop",
      "center": [
        -0.3709363855831594,
        -0.36340272856998984
      ],
      "amp": 0.13119545262864196,
      "phase": 4.255939266424266,
      "lobes": 3,
      "density": 20,
      "scale": 1.0005013389013913,
      "loop_exponent": 2.5
    },
    {
      "index": 1,
      "color": "#DC4FDD",
      "shape": "arc",
      "center": [
        0.17145099588951118,
        -0.18471578392460009
      ],
      "amp": 0.10930761250006983,
      "phase": 1.3910191575978097,
      "lobes": 3,
      "density": 23,
      "scale": 0.9169387177348997
    },
    {
      "index": 2,
      "color": "#F6FA31",
      "shape": "leaf",
      "center": [
        0.16040875249969277,
        -0.3222425976935556
      ],
      "amp": 0.19168398559508304,
      "phase": 2.3790215018121033,
      "lobes": 2,
      "density": 34,
      "scale": 0.9325448435938022,
      "leaf_type": "heart_polar_r=1-sin(theta+phase)"
    }
  ]
}