{
  "product_id": "597957141099",
  "seed": 971345010,
  "colors": [
    "#1EF1F2",
    "#DC4FDD",
    "#F6FA31"
  ],
  "shape_types": [
    "loop",
    "leaf",
    "oval"
  ],
  "size": 800,
  "per_shape": [
    {
      "index": 0,
      "color": "#1EF1F2",
      "shape": "loop",
      "center": [
        -0.06632234974781392,
        -0.31329660875803766
      ],
      "amp": 0.2891798232341019,
      "phase": 2.399178687987668,
      "lobes": 2,
      "density": 29,
      "scale": 1.1200335947628843,
      "loop_exponent": 2.5
    },
    {
      "index": 1,
      "color": "#DC4FDD",
      "shape": "leaf",
      "center": [
        -0.35376512105938573,
        -0.22483588603918722
      ],
      "amp": 0.1287258830952563,
      "phase": 0.4541401977162989,
      "lobes": 2,
      "density": 18,
      "scale": 1.065378098041616,
      "leaf_type": "heart_polar_r=1-sin(theta+phase)"
    },
    {
      "index": 2,
      "color": "#F6FA31",
      "shape": "oval",
      "center": [
        -0.38704415788178426,
        0.3903869841461054
      ],
      "amp": 0.2673805154922441,
      "phase": 2.490901402596852,
      "lobes": 4,
      "density": 22,
      "scale": 1.1345519775907014,
      "oval_a": 1.1894905933399005,
      "oval_b": 0.7546466501385539
    }
  ]
}