{
  "product_id": "597957144613",
  "seed": 2447477902,
  "colors": [
    "#1EF1F2",
    "#DC4FDD",
    "#F6FA31"
  ],
  "shape_types": [
    "arc",
    "loop",
    "oval"
  ],
  "size": 800,
  "per_shape": [
    {
      "index": 0,
      "color": "#1EF1F2",
      "shape": "arc",
      "center": [
        0.3076921990580286,
        -0.135669558924371
      ],
      "amp": 0.11579277133562067,
      "phase": 4.249208137666309,
      "lobes": 2,
      "density": 27,
      "scale": 1.1336547123224268
    },
    {
      "index": 1,
      "color": "#DC4FDD",
      "shape": "loop",
      "center": [
        -0.27885946419854846,
        0.3897501161385194
      ],
      "amp": 0.1475021056032506,
      "phase": 5.307753117141902,
      "lobes": 4,
      "density": 34,
      "scale": 1.1464656527901718,
      "loop_exponent": 2.5
    },
    {
      "index": 2,
      "color": "#F6FA31",
      "shape": "oval",
      "center": [
        -0.3226966681971142,
        0.3301108783821419
      ],
      "amp": 0.2080023830317379,
      "phase": 4.457015510457748,
      "lobes": 3,
      "density": 30,
      "scale": 0.8607151853492608,
      "oval_a": 1.2717760391282713,
      "oval_b": 0.8039774472936311
    }
  ]
}