{
  "product_id": "597957148365",
  "seed": 612118785,
  "colors": [
    "#1EF1F2",
    "#DC4FDD",
    "#F6FA31"
  ],
  "shape_types": [
    "loop",
    "arc",
    "oval"
  ],
  "size": 800,
  "per_shape": [
    {
      "index": 0,
      "color": "#1EF1F2",
      "shape": "loop",
      "center": [
        -0.1540276347235821,
        -0.24524111544376687
      ],
      "amp": 0.10039873972222814,
      "phase": 4.440421732559571,
      "lobes": 3,
      "density": 36,
      "scale": 1.0639501247434686,
      "loop_exponent": 2.5
    },
    {
      "index": 1,
      "color": "#DC4FDD",
      "shape": "arc",
      "center": [
        0.23729080837148675,
        0.1921919768878826
      ],
      "amp": 0.09744748967259988,
      "phase": 2.0572084609828143,
      "lobes": 2,
      "density": 29,
      "scale": 0.888719934183534
    },
    {
      "index": 2,
      "color": "#F6FA31",
      "shape": "oval",
      "center": [
        0.20701429028547103,
        0.34918304109640785
      ],
      "amp": 0.1860765370354014,
      "phase": 1.9455816956152705,
      "lobes": 2,
      "density": 32,
      "scale": 0.9120209918612312,
      "oval_a": 1.1940796434494496,
      "oval_b": 0.7913756506395091
    }
  ]
}