{
  "product_id": "597957142683",
  "seed": 4000696470,
  "colors": [
    "#1EF1F2",
    "#DC4FDD",
    "#F6FA31"
  ],
  "shape_types": [
    "leaf",
    "oval",
    "arc"
  ],
  "size": 800,
  "per_shape": [
    {
      "index": 0,
      "color": "#1EF1F2",
      "shape": "leaf",
      "center": [
        -0.09787522063463328,
        0.2874865586019981
      ],
      "amp": 0.10934122181680277,
      "phase": 1.235552354826234,
      "lobes": 4,
      "density": 21,
      "scale": 1.0808723467495978,
      "leaf_type": "heart_polar_r=1-sin(theta+phase)"
    },
    {
      "index": 1,
      "color": "#DC4FDD",
      "shape": "oval",
      "center": [
        0.09234857059691448,
        0.32159763630747495
      ],
      "amp": 0.20569859145809521,
      "phase": 4.57435081811204,
      "lobes": 2,
      "density": 22,
      "scale": 0.8389714809084947,
      "oval_a": 1.2471028936018873,
      "oval_b": 0.7047642456697857
    },
    {
      "index": 2,
      "color": "#F6FA31",
      "shape": "arc",
      "center": [
        0.011164917070947578,
        -0.07688268336906423
      ],
      "amp": 0.06552821178707129,
      "phase": 1.7714939395667586,
      "lobes": 2,
      "density": 27,
      "scale": 0.8880250917305778
    }
  ]
}