{
  "product_id": "597957146859",
  "seed": 121132715,
  "colors": [
    "#1EF1F2",
    "#DC4FDD",
    "#F6FA31"
  ],
  "shape_types": [
    "arc",
    "oval",
    "loop"
  ],
  "size": 800,
  "per_shape": [
    {
      "index": 0,
      "color": "#1EF1F2",
      "shape": "arc",
      "center": [
        -0.2726681861694157,
        -0.27928676890542975
      ],
      "amp": 0.089101794260275,
      "phase": 4.551172808439796,
      "lobes": 3,
      "density": 24,
      "scale": 0.9129231005518476
    },
    {
      "index": 1,
      "color": "#DC4FDD",
      "shape": "oval",
      "center": [
        -0.07891789999243243,
        0.3101064523912155
      ],
      "amp": 0.23640624622227596,
      "phase": 5.450686193152462,
      "lobes": 4,
      "density": 25,
      "scale": 0.9875730832360536,
      "oval_a": 1.1871604884139542,
      "oval_b": 0.8145016849083074
    },
    {
      "index": 2,
      "color": "#F6FA31",
      "shape": "loop",
      "center": [
        0.047867843316184266,
        -0.18912802189881106
      ],
      "amp": 0.06244048431277634,
      "phase": 4.332942120466027,
      "lobes": 3,
      "density": 31,
      "scale": 0.9306135615073559,
      "loop_exponent": 2.5
    }
  ]
}