{
  "product_id": "597957147225",
  "seed": 4232189774,
  "colors": [
    "#1EF1F2",
    "#DC4FDD",
    "#F6FA31"
  ],
  "shape_types": [
    "oval",
    "loop",
    "arc"
  ],
  "size": 800,
  "per_shape": [
    {
      "index": 0,
      "color": "#1EF1F2",
      "shape": "oval",
      "center": [
        -0.13281511456587886,
        0.35872831628310886
      ],
      "amp": 0.08695234630411473,
      "phase": 5.45537296237795,
      "lobes": 4,
      "density": 29,
      "scale": 1.0719033745181998,
      "oval_a": 1.1287396232598077,
      "oval_b": 0.8346773063308363
    },
    {
      "index": 1,
      "color": "#DC4FDD",
      "shape": "loop",
      "center": [
        -0.1991012470880853,
        -0.36315967805351024
      ],
      "amp": 0.15207708549239485,
      "phase": 1.9328721687108,
      "lobes": 4,
      "density": 20,
      "scale": 0.8816413629263572,
      "loop_exponent": 2.5
    },
    {
      "index": 2,
      "color": "#F6FA31",
      "shape": "arc",
      "center": [
        -0.3283886132719114,
        -0.009661990228156003
      ],
      "amp": 0.260860457768106,
      "phase": 2.3115913596842805,
      "lobes": 4,
      "density": 24,
      "scale": 1.0173288586059732
    }
  ]
}