{
  "product_id": "597957142089",
  "seed": 3862656161,
  "colors": [
    "#1EF1F2",
    "#DC4FDD",
    "#F6FA31"
  ],
  "shape_types": [
    "arc",
    "loop",
    "oval"
  ],
  "size": 800,
  "per_shape": [
    {
      "index": 0,
      "color": "#1EF1F2",
      "shape": "arc",
      "center": [
        0.25484595381816133,
        0.30889828445991274
      ],
      "amp": 0.10481365845805664,
      "phase": 3.651117165054165,
      "lobes": 3,
      "density": 18,
      "scale": 1.007444963098807
    },
    {
      "index": 1,
      "color": "#DC4FDD",
      "shape": "loop",
      "center": [
        -0.029926524821419775,
        -0.18748157870539295
      ],
      "amp": 0.1885783887410315,
      "phase": 1.8491007589943882,
      "lobes": 3,
      "density": 34,
      "scale": 1.1401275516214668,
      "loop_exponent": 2.5
    },
    {
      "index": 2,
      "color": "#F6FA31",
      "shape": "oval",
      "center": [
        0.39190950838594285,
        0.05953042424887933
      ],
      "amp": 0.1338323981708373,
      "phase": 3.248437015994721,
      "lobes": 3,
      "density": 25,
      "scale": 1.09309238704764,
      "oval_a": 1.1619624443634904,
      "oval_b": 0.7739064512629148
    }
  ]
}