{
  "product_id": "597957147357",
  "seed": 4102395142,
  "colors": [
    "#1EF1F2",
    "#DC4FDD",
    "#F6FA31"
  ],
  "shape_types": [
    "arc",
    "loop",
    "oval"
  ],
  "size": 800,
  "per_shape": [
    {
      "index": 0,
      "color": "#1EF1F2",
      "shape": "arc",
      "center": [
        -0.2171734680057809,
        0.05522466326622544
      ],
      "amp": 0.23509231112432455,
      "phase": 1.1805468428771346,
      "lobes": 2,
      "density": 24,
      "scale": 1.0751468979906584
    },
    {
      "index": 1,
      "color": "#DC4FDD",
      "shape": "loop",
      "center": [
        0.30485293679118897,
        0.076295395777849
      ],
      "amp": 0.05689695904796972,
      "phase": 1.3739344450680016,
      "lobes": 2,
      "density": 28,
      "scale": 1.1857224714864696,
      "loop_exponent": 2.5
    },
    {
      "index": 2,
      "color": "#F6FA31",
      "shape": "oval",
      "center": [
        -0.15017892308903216,
        -0.12456935912633499
      ],
      "amp": 0.26509938560046276,
      "phase": 1.0421057455596616,
      "lobes": 4,
      "density": 31,
      "scale": 1.1939159616802384,
      "oval_a": 1.2336729277120029,
      "oval_b": 0.8303934553801677
    }
  ]
}