{
  "product_id": "597957141261",
  "seed": 727954327,
  "colors": [
    "#1EF1F2",
    "#DC4FDD",
    "#F6FA31"
  ],
  "shape_types": [
    "loop",
    "oval",
    "leaf"
  ],
  "size": 800,
  "per_shape": [
    {
      "index": 0,
      "color": "#1EF1F2",
      "shape": "loop",
      "center": [
        -0.058780293908105574,
        -0.14807029624742335
      ],
      "amp": 0.16434668055293783,
      "phase": 2.852770696455418,
      "lobes": 4,
      "density": 34,
      "scale": 1.069370657543441,
      "loop_exponent": 2.5
    },
    {
      "index": 1,
      "color": "#DC4FDD",
      "shape": "oval",
      "center": [
        -0.23462253359776097,
        0.2017392193685571
      ],
      "amp": 0.22854135519109325,
      "phase": 4.638483279643522,
      "lobes": 4,
      "density": 35,
      "scale": 1.0126547026061201,
      "oval_a": 1.1890057379521357,
      "oval_b": 0.824304991883219
    },
    {
      "index": 2,
      "color": "#F6FA31",
      "shape": "leaf",
      "center": [
        -0.06395051486464098,
        0.15856897864486819
      ],
      "amp": 0.24295767732146578,
      "phase": 1.2388953227320096,
      "lobes": 3,
      "density": 19,
      "scale": 0.9335626164888481,
      "leaf_type": "heart_polar_r=1-sin(theta+phase)"
    }
  ]
}