{
  "product_id": "597957148021",
  "seed": 1827457610,
  "colors": [
    "#1EF1F2",
    "#DC4FDD",
    "#F6FA31"
  ],
  "shape_types": [
    "arc",
    "oval",
    "leaf"
  ],
  "size": 800,
  "per_shape": [
    {
      "index": 0,
      "color": "#1EF1F2",
      "shape": "arc",
      "center": [
        0.36238077741079056,
        0.22489844688127003
      ],
      "amp": 0.15216341208897383,
      "phase": 2.8725164410445525,
      "lobes": 3,
      "density": 23,
      "scale": 1.1965692576674245
    },
    {
      "index": 1,
      "color": "#DC4FDD",
      "shape": "oval",
      "center": [
        -0.09262949109974822,
        0.11860244674397513
      ],
      "amp": 0.13617869923157772,
      "phase": 0.06768446818990963,
      "lobes": 3,
      "density": 24,
      "scale": 0.9602568289022355,
      "oval_a": 1.1812914482250927,
      "oval_b": 0.829187463721498
    },
    {
      "index": 2,
      "color": "#F6FA31",
      "shape": "leaf",
      "center": [
        -0.21561004544303142,
        -0.30368238377242607
      ],
      "amp": 0.2792921180394299,
      "phase": 4.0491840518786395,
      "lobes": 4,
      "density": 29,
      "scale": 1.1754344471071785,
      "leaf_type": "heart_polar_r=1-sin(theta+phase)"
    }
  ]
}