{
  "product_id": "597957144669",
  "seed": 2121523212,
  "colors": [
    "#1EF1F2",
    "#DC4FDD",
    "#F6FA31"
  ],
  "shape_types": [
    "oval",
    "loop",
    "leaf"
  ],
  "size": 800,
  "per_shape": [
    {
      "index": 0,
      "color": "#1EF1F2",
      "shape": "oval",
      "center": [
        -0.07406845519106708,
        0.30246600464106943
      ],
      "amp": 0.24805313630839332,
      "phase": 3.296670093970423,
      "lobes": 4,
      "density": 24,
      "scale": 0.9855774828458107,
      "oval_a": 1.213578879687758,
      "oval_b": 0.7062062544873184
    },
    {
      "index": 1,
      "color": "#DC4FDD",
      "shape": "loop",
      "center": [
        0.22845493569510456,
        0.09988059858292814
      ],
      "amp": 0.22646948314545795,
      "phase": 0.7430621506230884,
      "lobes": 3,
      "density": 25,
      "scale": 1.0337526122901726,
      "loop_exponent": 2.5
    },
    {
      "index": 2,
      "color": "#F6FA31",
      "shape": "leaf",
      "center": [
        -0.32993496346477935,
        0.031948833497293605
      ],
      "amp": 0.11803276376251744,
      "phase": 2.748156464832865,
      "lobes": 4,
      "density": 19,
      "scale": 0.8797398765777045,
      "leaf_type": "heart_polar_r=1-sin(theta+phase)"
    }
  ]
}