{
  "product_id": "597957142397",
  "seed": 2584930487,
  "colors": [
    "#1EF1F2",
    "#DC4FDD",
    "#F6FA31"
  ],
  "shape_types": [
    "loop",
    "leaf",
    "oval"
  ],
  "size": 800,
  "per_shape": [
    {
      "index": 0,
      "color": "#1EF1F2",
      "shape": "loop",
      "center": [
        -0.3027136666830903,
        -0.37065901276573004
      ],
      "amp": 0.2670164908866932,
      "phase": 2.8019235953093355,
      "lobes": 3,
      "density": 30,
      "scale": 1.0904825620893044,
      "loop_exponent": 2.5
    },
    {
      "index": 1,
      "color": "#DC4FDD",
      "shape": "leaf",
      "center": [
        0.13095834363917702,
        -0.03736059488258603
      ],
      "amp": 0.17093682937558707,
      "phase": 4.885606469093634,
      "lobes": 3,
      "density": 34,
      "scale": 1.1247058774799976,
      "leaf_type": "heart_polar_r=1-sin(theta+phase)"
    },
    {
      "index": 2,
      "color": "#F6FA31",
      "shape": "oval",
      "center": [
        -0.3410127441507353,
        -0.014381204172420503
      ],
      "amp": 0.14428285584711842,
      "phase": 5.273131692376817,
      "lobes": 2,
      "density": 27,
      "scale": 0.8425680649910117,
      "oval_a": 1.2759213369733142,
      "oval_b": 0.7782572492435391
    }
  ]
}