{
  "product_id": "597957146033",
  "seed": 1504448139,
  "colors": [
    "#1EF1F2",
    "#DC4FDD",
    "#F6FA31"
  ],
  "shape_types": [
    "oval",
    "leaf",
    "arc"
  ],
  "size": 800,
  "per_shape": [
    {
      "index": 0,
      "color": "#1EF1F2",
      "shape": "oval",
      "center": [
        -0.10737003876132684,
        -0.1319148773846922
      ],
      "amp": 0.08637422324064752,
      "phase": 3.6812736578649132,
      "lobes": 4,
      "density": 21,
      "scale": 1.0289811397762572,
      "oval_a": 1.101698541134584,
      "oval_b": 0.797618086333354
    },
    {
      "index": 1,
      "color": "#DC4FDD",
      "shape": "leaf",
      "center": [
        -0.007118334326324138,
        0.38134218324549585
      ],
      "amp": 0.20339610400952424,
      "phase": 4.41466753356389,
      "lobes": 3,
      "density": 28,
      "scale": 1.0676999469470954,
      "leaf_type": "heart_polar_r=1-sin(theta+phase)"
    },
    {
      "index": 2,
      "color": "#F6FA31",
      "shape": "arc",
      "center": [
        0.3804508815702582,
        0.23399650061505928
      ],
      "amp": 0.21067215218059238,
      "phase": 0.9427744076069249,
      "lobes": 4,
      "density": 26,
      "scale": 0.8194745058033821
    }
  ]
}