{
  "product_id": "597957142787",
  "seed": 1510119309,
  "colors": [
    "#1EF1F2",
    "#DC4FDD",
    "#F6FA31"
  ],
  "shape_types": [
    "oval",
    "leaf",
    "loop"
  ],
  "size": 800,
  "per_shape": [
    {
      "index": 0,
      "color": "#1EF1F2",
      "shape": "oval",
      "center": [
        -0.37822216067220005,
        -0.2583068900179163
      ],
      "amp": 0.18935623447314948,
      "phase": 0.28000616665030315,
      "lobes": 2,
      "density": 30,
      "scale": 0.8597149980714314,
      "oval_a": 1.2918754258565235,
      "oval_b": 0.778501358539943
    },
    {
      "index": 1,
      "color": "#DC4FDD",
      "shape": "leaf",
      "center": [
        0.15813882723966888,
        0.015762105675453053
      ],
      "amp": 0.12386135945414166,
      "phase": 4.418085077343381,
      "lobes": 4,
      "density": 22,
      "scale": 1.0959872988952315,
      "leaf_type": "heart_polar_r=1-sin(theta+phase)"
    },
    {
      "index": 2,
      "color": "#F6FA31",
      "shape": "loop",
      "center": [
        0.12405751287619249,
        0.33390116546729487
      ],
      "amp": 0.12899652341076484,
      "phase": 0.500350686200628,
      "lobes": 3,
      "density": 35,
      "scale": 0.8281732309650403,
      "loop_exponent": 2.5
    }
  ]
}