{
  "product_id": "597957147383",
  "seed": 591106962,
  "colors": [
    "#1EF1F2",
    "#DC4FDD",
    "#F6FA31"
  ],
  "shape_types": [
    "oval",
    "loop",
    "arc"
  ],
  "size": 800,
  "per_shape": [
    {
      "index": 0,
      "color": "#1EF1F2",
      "shape": "oval",
      "center": [
        -0.058046496606118214,
        -0.23655215045505784
      ],
      "amp": 0.27167572363263887,
      "phase": 0.6205670465499015,
      "lobes": 4,
      "density": 31,
      "scale": 1.0912561848730526,
      "oval_a": 1.2297026308772772,
      "oval_b": 0.7281098937437189
    },
    {
      "index": 1,
      "color": "#DC4FDD",
      "shape": "loop",
      "center": [
        0.10554559557308718,
        0.14838334691539912
      ],
      "amp": 0.21081677635624313,
      "phase": 5.764843716719693,
      "lobes": 2,
      "density": 33,
      "scale": 1.1953771799820252,
      "loop_exponent": 2.5
    },
    {
      "index": 2,
      "color": "#F6FA31",
      "shape": "arc",
      "center": [
        -0.13239921900655144,
        0.30033350650209933
      ],
      "amp": 0.2369322171254249,
      "phase": 4.86523539702448,
      "lobes": 3,
      "density": 29,
      "scale": 1.1811960954254537
    }
  ]
}