{
  "product_id": "597957139949",
  "seed": 3314159782,
  "colors": [
    "#1EF1F2",
    "#DC4FDD",
    "#F6FA31"
  ],
  "shape_types": [
    "oval",
    "loop",
    "leaf"
  ],
  "size": 800,
  "per_shape": [
    {
      "index": 0,
      "color": "#1EF1F2",
      "shape": "oval",
      "center": [
        -0.20708528528776818,
        0.37895754429706063
      ],
      "amp": 0.2329168990875115,
      "phase": 5.846255533689572,
      "lobes": 2,
      "density": 23,
      "scale": 1.042430844387249,
      "oval_a": 1.2283183506355504,
      "oval_b": 0.8113698939504272
    },
    {
      "index": 1,
      "color": "#DC4FDD",
      "shape": "loop",
      "center": [
        -0.007858083799213156,
        -0.05848661466654165
      ],
      "amp": 0.08100541858804204,
      "phase": 3.0267128827302465,
      "lobes": 3,
      "density": 28,
      "scale": 1.0507128340628795,
      "loop_exponent": 2.5
    },
    {
      "index": 2,
      "color": "#F6FA31",
      "shape": "leaf",
      "center": [
        -0.11947948396497327,
        0.14443194891981825
      ],
      "amp": 0.16915720092514852,
      "phase": 4.470288692016673,
      "lobes": 2,
      "density": 35,
      "scale": 0.8534477146059424,
      "leaf_type": "heart_polar_r=1-sin(theta+phase)"
    }
  ]
}