{
  "product_id": "597957143587",
  "seed": 3835184765,
  "colors": [
    "#1EF1F2",
    "#DC4FDD",
    "#F6FA31"
  ],
  "shape_types": [
    "loop",
    "leaf",
    "arc"
  ],
  "size": 800,
  "per_shape": [
    {
      "index": 0,
      "color": "#1EF1F2",
      "shape": "loop",
      "center": [
        0.06347263898121269,
        -0.059986034815899814
      ],
      "amp": 0.13278768097161464,
      "phase": 5.447785517643632,
      "lobes": 4,
      "density": 22,
      "scale": 0.8697131079309747,
      "loop_exponent": 2.5
    },
    {
      "index": 1,
      "color": "#DC4FDD",
      "shape": "leaf",
      "center": [
        0.14272975779704322,
        0.30236877143861196
      ],
      "amp": 0.0924005187697108,
      "phase": 1.6401073944291902,
      "lobes": 3,
      "density": 33,
      "scale": 0.9156728904469288,
      "leaf_type": "heart_polar_r=1-sin(theta+phase)"
    },
    {
      "index": 2,
      "color": "#F6FA31",
      "shape": "arc",
      "center": [
        -0.13705159881688583,
        -0.3015493083781506
      ],
      "amp": 0.2900566172959227,
      "phase": 2.795062680839268,
      "lobes": 2,
      "density": 18,
      "scale": 1.0992074117207753
    }
  ]
}