{
  "product_id": "597957145605",
  "seed": 1775347203,
  "colors": [
    "#1EF1F2",
    "#DC4FDD",
    "#F6FA31"
  ],
  "shape_types": [
    "leaf",
    "oval",
    "loop"
  ],
  "size": 800,
  "per_shape": [
    {
      "index": 0,
      "color": "#1EF1F2",
      "shape": "leaf",
      "center": [
        0.3799894298411307,
        0.1513062869653905
      ],
      "amp": 0.1693026409932777,
      "phase": 1.9189839057638636,
      "lobes": 2,
      "density": 21,
      "scale": 0.8036920882829613,
      "leaf_type": "heart_polar_r=1-sin(theta+phase)"
    },
    {
      "index": 1,
      "color": "#DC4FDD",
      "shape": "oval",
      "center": [
        -0.01754774919943003,
        0.08675544229273191
      ],
      "amp": 0.06722875380156819,
      "phase": 3.6793532964973212,
      "lobes": 3,
      "density": 33,
      "scale": 0.9697377944547065,
      "oval_a": 1.1411211821020801,
      "oval_b": 0.7944136055785598
    },
    {
      "index": 2,
      "color": "#F6FA31",
      "shape": "loop",
      "center": [
        0.385702795052686,
        0.20400932220396528
      ],
      "amp": 0.28437217075220905,
      "phase": 1.8928264439933078,
      "lobes": 4,
      "density": 31,
      "scale": 0.8860391080462159,
      "loop_exponent": 2.5
    }
  ]
}