{
  "product_id": "597957147643",
  "seed": 1307735062,
  "colors": [
    "#1EF1F2",
    "#DC4FDD",
    "#F6FA31"
  ],
  "shape_types": [
    "loop",
    "arc",
    "oval"
  ],
  "size": 800,
  "per_shape": [
    {
      "index": 0,
      "color": "#1EF1F2",
      "shape": "loop",
      "center": [
        -0.09901242796159215,
        -0.3173985654752386
      ],
      "amp": 0.16729933020098214,
      "phase": 5.97663531904944,
      "lobes": 3,
      "density": 30,
      "scale": 0.9829975536998637,
      "loop_exponent": 2.5
    },
    {
      "index": 1,
      "color": "#DC4FDD",
      "shape": "arc",
      "center": [
        0.3467118169682638,
        -0.1831562813208274
      ],
      "amp": 0.27780406148923303,
      "phase": 1.7579328549391016,
      "lobes": 3,
      "density": 26,
      "scale": 0.8633070269063271
    },
    {
      "index": 2,
      "color": "#F6FA31",
      "shape": "oval",
      "center": [
        0.07650816634388224,
        -0.2624594774360374
      ],
      "amp": 0.07592659986292911,
      "phase": 1.2092848171796287,
      "lobes": 2,
      "density": 35,
      "scale": 0.9995853360762517,
      "oval_a": 1.1594715805460125,
      "oval_b": 0.8478232146236961
    }
  ]
}