{
  "product_id": "597957146879",
  "seed": 3113789950,
  "colors": [
    "#1EF1F2",
    "#DC4FDD",
    "#F6FA31"
  ],
  "shape_types": [
    "loop",
    "oval",
    "arc"
  ],
  "size": 800,
  "per_shape": [
    {
      "index": 0,
      "color": "#1EF1F2",
      "shape": "loop",
      "center": [
        0.059936222882496115,
        -0.25954726865905864
      ],
      "amp": 0.2564632630942178,
      "phase": 1.788050873661485,
      "lobes": 4,
      "density": 29,
      "scale": 0.965679950358428,
      "loop_exponent": 2.5
    },
    {
      "index": 1,
      "color": "#DC4FDD",
      "shape": "oval",
      "center": [
        -0.07295788849226403,
        0.30344133016879005
      ],
      "amp": 0.08208994600527501,
      "phase": 2.9624132995350334,
      "lobes": 4,
      "density": 33,
      "scale": 1.0224722495476268,
      "oval_a": 1.19482524806836,
      "oval_b": 0.8399819849935959
    },
    {
      "index": 2,
      "color": "#F6FA31",
      "shape": "arc",
      "center": [
        -0.37062002795552396,
        -0.14913623463601688
      ],
      "amp": 0.122377470009386,
      "phase": 0.5849491603106859,
      "lobes": 2,
      "density": 28,
      "scale": 1.03999287883463
    }
  ]
}