{
  "product_id": "597957139247",
  "seed": 3909021348,
  "colors": [
    "#1EF1F2",
    "#DC4FDD",
    "#F6FA31"
  ],
  "shape_types": [
    "oval",
    "leaf",
    "arc"
  ],
  "size": 800,
  "per_shape": [
    {
      "index": 0,
      "color": "#1EF1F2",
      "shape": "oval",
      "center": [
        0.2576615269607131,
        0.06171071575056225
      ],
      "amp": 0.17541951064446976,
      "phase": 6.127540442441746,
      "lobes": 3,
      "density": 24,
      "scale": 0.9783042177558716,
      "oval_a": 1.1491196528973442,
      "oval_b": 0.7331183113916594
    },
    {
      "index": 1,
      "color": "#DC4FDD",
      "shape": "leaf",
      "center": [
        -0.2546950817409195,
        0.25832605685274446
      ],
      "amp": 0.2471371008228918,
      "phase": 2.7232664292688304,
      "lobes": 4,
      "density": 20,
      "scale": 0.9428392221707664,
      "leaf_type": "heart_polar_r=1-sin(theta+phase)"
    },
    {
      "index": 2,
      "color": "#F6FA31",
      "shape": "arc",
      "center": [
        0.16569960333917222,
        0.022682942499767045
      ],
      "amp": 0.17844932692965293,
      "phase": 3.9372432704177784,
      "lobes": 3,
      "density": 32,
      "scale": 0.9194664408589492
    }
  ]
}