{
  "product_id": "597957140191",
  "seed": 2833320829,
  "colors": [
    "#1EF1F2",
    "#DC4FDD",
    "#F6FA31"
  ],
  "shape_types": [
    "leaf",
    "loop",
    "oval"
  ],
  "size": 800,
  "per_shape": [
    {
      "index": 0,
      "color": "#1EF1F2",
      "shape": "leaf",
      "center": [
        0.09079235278681497,
        -0.19067994957651743
      ],
      "amp": 0.06358196219310529,
      "phase": 4.010551584430854,
      "lobes": 3,
      "density": 26,
      "scale": 0.9777786706505484,
      "leaf_type": "heart_polar_r=1-sin(theta+phase)"
    },
    {
      "index": 1,
      "color": "#DC4FDD",
      "shape": "loop",
      "center": [
        -0.022823027259505024,
        0.06606609493026994
      ],
      "amp": 0.08163572945386206,
      "phase": 4.7445806759262235,
      "lobes": 3,
      "density": 33,
      "scale": 1.015546934474414,
      "loop_exponent": 2.5
    },
    {
      "index": 2,
      "color": "#F6FA31",
      "shape": "oval",
      "center": [
        0.33485286966268124,
        0.2009487252812595
      ],
      "amp": 0.2825482538086566,
      "phase": 4.256956592812762,
      "lobes": 2,
      "density": 29,
      "scale": 1.1457993856729436,
      "oval_a": 1.113672771935709,
      "oval_b": 0.8789438086107233
    }
  ]
}