{
  "product_id": "597957144999",
  "seed": 4156711885,
  "colors": [
    "#1EF1F2",
    "#DC4FDD",
    "#F6FA31"
  ],
  "shape_types": [
    "oval",
    "loop",
    "arc"
  ],
  "size": 800,
  "per_shape": [
    {
      "index": 0,
      "color": "#1EF1F2",
      "shape": "oval",
      "center": [
        -0.375911788627886,
        0.07071965815341946
      ],
      "amp": 0.1153678512809466,
      "phase": 5.0719387428971485,
      "lobes": 4,
      "density": 18,
      "scale": 1.1510953580457377,
      "oval_a": 1.1138752203623625,
      "oval_b": 0.7692514067461511
    },
    {
      "index": 1,
      "color": "#DC4FDD",
      "shape": "loop",
      "center": [
        0.30114738369013627,
        0.20461973040238446
      ],
      "amp": 0.2821030072689598,
      "phase": 1.5389278059565483,
      "lobes": 3,
      "density": 29,
      "scale": 0.9242600941676402,
      "loop_exponent": 2.5
    },
    {
      "index": 2,
      "color": "#F6FA31",
      "shape": "arc",
      "center": [
        0.20795823369488875,
        0.108901146008201
      ],
      "amp": 0.29853257837742364,
      "phase": 4.225689987494576,
      "lobes": 4,
      "density": 32,
      "scale": 1.1496649750092724
    }
  ]
}