{
  "product_id": "597957141735",
  "seed": 573555708,
  "colors": [
    "#1EF1F2",
    "#DC4FDD",
    "#F6FA31"
  ],
  "shape_types": [
    "arc",
    "oval",
    "loop"
  ],
  "size": 800,
  "per_shape": [
    {
      "index": 0,
      "color": "#1EF1F2",
      "shape": "arc",
      "center": [
        0.15523668101381938,
        0.06606277940138405
      ],
      "amp": 0.2366643017718842,
      "phase": 3.0988916406409306,
      "lobes": 2,
      "density": 32,
      "scale": 0.9298338974504656
    },
    {
      "index": 1,
      "color": "#DC4FDD",
      "shape": "oval",
      "center": [
        -0.1515353854053304,
        -0.09307923004974727
      ],
      "amp": 0.2628916370046693,
      "phase": 1.385033662260355,
      "lobes": 2,
      "density": 35,
      "scale": 0.9476475743180516,
      "oval_a": 1.1840148727791262,
      "oval_b": 0.7791564189684479
    },
    {
      "index": 2,
      "color": "#F6FA31",
      "shape": "loop",
      "center": [
        -0.2561026207324842,
        0.2503568769964978
      ],
      "amp": 0.24055729491440603,
      "phase": 0.9843323987744129,
      "lobes": 4,
      "density": 25,
      "scale": 0.9726886681251903,
      "loop_exponent": 2.5
    }
  ]
}