{
  "product_id": "597957140217",
  "seed": 1391268524,
  "colors": [
    "#1EF1F2",
    "#DC4FDD",
    "#F6FA31"
  ],
  "shape_types": [
    "oval",
    "leaf",
    "loop"
  ],
  "size": 800,
  "per_shape": [
    {
      "index": 0,
      "color": "#1EF1F2",
      "shape": "oval",
      "center": [
        -0.013202205862252403,
        0.0338189313581555
      ],
      "amp": 0.2254290761948492,
      "phase": 2.314886573703002,
      "lobes": 4,
      "density": 34,
      "scale": 0.8931564795271147,
      "oval_a": 1.2766651455514852,
      "oval_b": 0.7550880964324126
    },
    {
      "index": 1,
      "color": "#DC4FDD",
      "shape": "leaf",
      "center": [
        -0.28453474573649695,
        0.26546286267546393
      ],
      "amp": 0.20869774563841448,
      "phase": 1.8104026377688927,
      "lobes": 3,
      "density": 22,
      "scale": 1.0471619849089908,
      "leaf_type": "heart_polar_r=1-sin(theta+phase)"
    },
    {
      "index": 2,
      "color": "#F6FA31",
      "shape": "loop",
      "center": [
        -0.0013074693503603574,
        -0.1216797029185197
      ],
      "amp": 0.2871394992915072,
      "phase": 5.124746617041159,
      "lobes": 2,
      "density": 18,
      "scale": 0.9698042127903325,
      "loop_exponent": 2.5
    }
  ]
}