{
  "product_id": "597957140889",
  "seed": 374946780,
  "colors": [
    "#1EF1F2",
    "#DC4FDD",
    "#F6FA31"
  ],
  "shape_types": [
    "loop",
    "arc",
    "leaf"
  ],
  "size": 800,
  "per_shape": [
    {
      "index": 0,
      "color": "#1EF1F2",
      "shape": "loop",
      "center": [
        0.3486197190225946,
        -0.21430646950518684
      ],
      "amp": 0.22751122307959398,
      "phase": 0.9583767750646655,
      "lobes": 4,
      "density": 22,
      "scale": 0.9573555847563051,
      "loop_exponent": 2.5
    },
    {
      "index": 1,
      "color": "#DC4FDD",
      "shape": "arc",
      "center": [
        0.2804108908760945,
        -0.23941331664865012
      ],
      "amp": 0.12438513105359704,
      "phase": 0.24490024432293353,
      "lobes": 2,
      "density": 20,
      "scale": 0.931545935958151
    },
    {
      "index": 2,
      "color": "#F6FA31",
      "shape": "leaf",
      "center": [
        0.2541439149289447,
        -0.06115533524076139
      ],
      "amp": 0.274728810056729,
      "phase": 2.760182768246284,
      "lobes": 4,
      "density": 24,
      "scale": 1.1707628080224692,
      "leaf_type": "heart_polar_r=1-sin(theta+phase)"
    }
  ]
}