{
  "product_id": "597957139289",
  "seed": 4032625110,
  "colors": [
    "#1EF1F2",
    "#DC4FDD",
    "#F6FA31"
  ],
  "shape_types": [
    "arc",
    "oval",
    "loop"
  ],
  "size": 800,
  "per_shape": [
    {
      "index": 0,
      "color": "#1EF1F2",
      "shape": "arc",
      "center": [
        0.34968061622578384,
        -0.1227101556589032
      ],
      "amp": 0.13901137166635696,
      "phase": 0.8882270593244673,
      "lobes": 4,
      "density": 30,
      "scale": 0.994589572145428
    },
    {
      "index": 1,
      "color": "#DC4FDD",
      "shape": "oval",
      "center": [
        0.32172677115057946,
        -0.19051208761491215
      ],
      "amp": 0.2529000658851196,
      "phase": 2.4497039371257436,
      "lobes": 2,
      "density": 36,
      "scale": 1.1801230520100754,
      "oval_a": 1.2228353684013942,
      "oval_b": 0.8445322971107845
    },
    {
      "index": 2,
      "color": "#F6FA31",
      "shape": "loop",
      "center": [
        0.10441037572962675,
        -0.3795532259363755
      ],
      "amp": 0.12361285860264005,
      "phase": 1.324118461561938,
      "lobes": 4,
      "density": 24,
      "scale": 0.964522114772281,
      "loop_exponent": 2.5
    }
  ]
}