{
  "product_id": "597957147823",
  "seed": 3048843067,
  "colors": [
    "#1EF1F2",
    "#DC4FDD",
    "#F6FA31"
  ],
  "shape_types": [
    "oval",
    "arc",
    "loop"
  ],
  "size": 800,
  "per_shape": [
    {
      "index": 0,
      "color": "#1EF1F2",
      "shape": "oval",
      "center": [
        0.013255521147845173,
        0.21191795557907034
      ],
      "amp": 0.26464047450363354,
      "phase": 5.066317843869965,
      "lobes": 3,
      "density": 32,
      "scale": 1.0288581912776698,
      "oval_a": 1.103548007869184,
      "oval_b": 0.7456182749516875
    },
    {
      "index": 1,
      "color": "#DC4FDD",
      "shape": "arc",
      "center": [
        0.26641312189789224,
        0.37860599364102654
      ],
      "amp": 0.13108223278504816,
      "phase": 1.887554897894431,
      "lobes": 4,
      "density": 34,
      "scale": 1.0035171828874303
    },
    {
      "index": 2,
      "color": "#F6FA31",
      "shape": "loop",
      "center": [
        -0.3223975588290528,
        0.3019556686752448
      ],
      "amp": 0.20109088647152806,
      "phase": 2.2723055440132978,
      "lobes": 4,
      "density": 26,
      "scale": 0.9357910625950177,
      "loop_exponent": 2.5
    }
  ]
}