{
  "product_id": "597957142905",
  "seed": 701744574,
  "colors": [
    "#1EF1F2",
    "#DC4FDD",
    "#F6FA31"
  ],
  "shape_types": [
    "loop",
    "arc",
    "leaf"
  ],
  "size": 800,
  "per_shape": [
    {
      "index": 0,
      "color": "#1EF1F2",
      "shape": "loop",
      "center": [
        0.023512530901285467,
        0.23065545701909496
      ],
      "amp": 0.23100603269061332,
      "phase": 3.4894407710423936,
      "lobes": 4,
      "density": 36,
      "scale": 1.0793965701828192,
      "loop_exponent": 2.5
    },
    {
      "index": 1,
      "color": "#DC4FDD",
      "shape": "arc",
      "center": [
        0.22486024708904073,
        -0.3865339156920091
      ],
      "amp": 0.2612221288880539,
      "phase": 3.5485369604649435,
      "lobes": 3,
      "density": 32,
      "scale": 1.1456161173831445
    },
    {
      "index": 2,
      "color": "#F6FA31",
      "shape": "leaf",
      "center": [
        0.3446902223662679,
        -0.32134697182789795
      ],
      "amp": 0.1384783046294571,
      "phase": 0.09609092839342834,
      "lobes": 4,
      "density": 24,
      "scale": 0.9850561513322673,
      "leaf_type": "heart_polar_r=1-sin(theta+phase)"
    }
  ]
}