{
  "product_id": "597957142505",
  "seed": 1753202614,
  "colors": [
    "#1EF1F2",
    "#DC4FDD",
    "#F6FA31"
  ],
  "shape_types": [
    "loop",
    "oval",
    "arc"
  ],
  "size": 800,
  "per_shape": [
    {
      "index": 0,
      "color": "#1EF1F2",
      "shape": "loop",
      "center": [
        -0.06485173956874357,
        -0.11287561203636004
      ],
      "amp": 0.1416702724447042,
      "phase": 2.147692634236015,
      "lobes": 4,
      "density": 20,
      "scale": 0.9421296189205524,
      "loop_exponent": 2.5
    },
    {
      "index": 1,
      "color": "#DC4FDD",
      "shape": "oval",
      "center": [
        0.22013678318684604,
        -0.18198079033420653
      ],
      "amp": 0.1472278022972039,
      "phase": 2.3894008683248353,
      "lobes": 3,
      "density": 30,
      "scale": 1.097359239198561,
      "oval_a": 1.193141473280083,
      "oval_b": 0.7197468556381104
    },
    {
      "index": 2,
      "color": "#F6FA31",
      "shape": "arc",
      "center": [
        0.02168793364930499,
        0.09705503878171379
      ],
      "amp": 0.21304070702422623,
      "phase": 6.237581735274365,
      "lobes": 2,
      "density": 35,
      "scale": 1.1500223211763088
    }
  ]
}