{
  "product_id": "597957140309",
  "seed": 3742843758,
  "colors": [
    "#1EF1F2",
    "#DC4FDD",
    "#F6FA31"
  ],
  "shape_types": [
    "oval",
    "arc",
    "loop"
  ],
  "size": 800,
  "per_shape": [
    {
      "index": 0,
      "color": "#1EF1F2",
      "shape": "oval",
      "center": [
        -0.2467939223224665,
        0.3974299622689518
      ],
      "amp": 0.1423942888316292,
      "phase": 0.9454623521972783,
      "lobes": 3,
      "density": 31,
      "scale": 1.0991599251070006,
      "oval_a": 1.2015267457484058,
      "oval_b": 0.8976654754969399
    },
    {
      "index": 1,
      "color": "#DC4FDD",
      "shape": "arc",
      "center": [
        0.042119894892213405,
        -0.34175266739048854
      ],
      "amp": 0.2561840063819882,
      "phase": 1.9398039063007722,
      "lobes": 3,
      "density": 24,
      "scale": 0.8831099950825151
    },
    {
      "index": 2,
      "color": "#F6FA31",
      "shape": "loop",
      "center": [
        -0.07212685073283193,
        0.05863955725914538
      ],
      "amp": 0.25021844715057173,
      "phase": 0.09374645481913838,
      "lobes": 4,
      "density": 36,
      "scale": 1.177068080119009,
      "loop_exponent": 2.5
    }
  ]
}