{
  "product_id": "597957141563",
  "seed": 41836809,
  "colors": [
    "#1EF1F2",
    "#DC4FDD",
    "#F6FA31"
  ],
  "shape_types": [
    "oval",
    "loop",
    "arc"
  ],
  "size": 800,
  "per_shape": [
    {
      "index": 0,
      "color": "#1EF1F2",
      "shape": "oval",
      "center": [
        -0.25552075965543253,
        0.014599467053172444
      ],
      "amp": 0.12538881644060546,
      "phase": 4.468763239907221,
      "lobes": 2,
      "density": 32,
      "scale": 0.8182855715365559,
      "oval_a": 1.2012310222153397,
      "oval_b": 0.8924827437459033
    },
    {
      "index": 1,
      "color": "#DC4FDD",
      "shape": "loop",
      "center": [
        -0.13417693697922994,
        -0.2172695727482731
      ],
      "amp": 0.2575460770687268,
      "phase": 5.3095682231223185,
      "lobes": 2,
      "density": 27,
      "scale": 1.13898904278256,
      "loop_exponent": 2.5
    },
    {
      "index": 2,
      "color": "#F6FA31",
      "shape": "arc",
      "center": [
        -0.07892636544720355,
        -0.18943590244588515
      ],
      "amp": 0.1703036071631836,
      "phase": 6.0506526929650715,
      "lobes": 4,
      "density": 29,
      "scale": 1.0611991164417605
    }
  ]
}