{
  "product_id": "597957147399",
  "seed": 883141979,
  "colors": [
    "#1EF1F2",
    "#DC4FDD",
    "#F6FA31"
  ],
  "shape_types": [
    "oval",
    "loop",
    "leaf"
  ],
  "size": 800,
  "per_shape": [
    {
      "index": 0,
      "color": "#1EF1F2",
      "shape": "oval",
      "center": [
        -0.33748205158931416,
        -0.21375992432011995
      ],
      "amp": 0.2904957541356837,
      "phase": 4.574823559066785,
      "lobes": 3,
      "density": 19,
      "scale": 0.9301213042053472,
      "oval_a": 1.2300393982305702,
      "oval_b": 0.7833739850085448
    },
    {
      "index": 1,
      "color": "#DC4FDD",
      "shape": "loop",
      "center": [
        -0.1612866189600003,
        0.07984490013789625
      ],
      "amp": 0.09406697251197559,
      "phase": 5.091123273615425,
      "lobes": 2,
      "density": 29,
      "scale": 0.969411167468283,
      "loop_exponent": 2.5
    },
    {
      "index": 2,
      "color": "#F6FA31",
      "shape": "leaf",
      "center": [
        0.15375853341568768,
        -0.39680944772388616
      ],
      "amp": 0.23359077446447396,
      "phase": 1.5487618406254624,
      "lobes": 2,
      "density": 35,
      "scale": 0.9513649002040525,
      "leaf_type": "heart_polar_r=1-sin(theta+phase)"
    }
  ]
}