{
  "product_id": "597957139103",
  "seed": 4049680470,
  "colors": [
    "#1EF1F2",
    "#DC4FDD",
    "#F6FA31"
  ],
  "shape_types": [
    "leaf",
    "loop",
    "arc"
  ],
  "size": 800,
  "per_shape": [
    {
      "index": 0,
      "color": "#1EF1F2",
      "shape": "leaf",
      "center": [
        0.29937511708405506,
        0.34331394360644607
      ],
      "amp": 0.061168851571102786,
      "phase": 0.24785156065406302,
      "lobes": 4,
      "density": 27,
      "scale": 1.0804385336327478,
      "leaf_type": "heart_polar_r=1-sin(theta+phase)"
    },
    {
      "index": 1,
      "color": "#DC4FDD",
      "shape": "loop",
      "center": [
        -0.0069262798741709375,
        0.27512364303751835
      ],
      "amp": 0.14325752882145815,
      "phase": 0.9610971566858152,
      "lobes": 2,
      "density": 26,
      "scale": 0.9858637602940933,
      "loop_exponent": 2.5
    },
    {
      "index": 2,
      "color": "#F6FA31",
      "shape": "arc",
      "center": [
        0.03411689287457309,
        -0.256860798230674
      ],
      "amp": 0.05635871770872465,
      "phase": 2.3209017414648154,
      "lobes": 3,
      "density": 33,
      "scale": 0.880922082496116
    }
  ]
}