{
  "product_id": "597957143397",
  "seed": 122233283,
  "colors": [
    "#1EF1F2",
    "#DC4FDD",
    "#F6FA31"
  ],
  "shape_types": [
    "leaf",
    "loop",
    "oval"
  ],
  "size": 800,
  "per_shape": [
    {
      "index": 0,
      "color": "#1EF1F2",
      "shape": "leaf",
      "center": [
        0.18292847418611946,
        0.37873719232549063
      ],
      "amp": 0.22368113328081662,
      "phase": 2.0917420572688004,
      "lobes": 4,
      "density": 29,
      "scale": 0.809752459490611,
      "leaf_type": "heart_polar_r=1-sin(theta+phase)"
    },
    {
      "index": 1,
      "color": "#DC4FDD",
      "shape": "loop",
      "center": [
        0.14509375296419758,
        -0.30829763576650554
      ],
      "amp": 0.15763343272956082,
      "phase": 0.4977600537341895,
      "lobes": 4,
      "density": 18,
      "scale": 0.8370686737809632,
      "loop_exponent": 2.5
    },
    {
      "index": 2,
      "color": "#F6FA31",
      "shape": "oval",
      "center": [
        0.39582915502749016,
        -0.3692053082799686
      ],
      "amp": 0.08366572988776184,
      "phase": 3.4500070927008557,
      "lobes": 2,
      "density": 32,
      "scale": 1.036882947297578,
      "oval_a": 1.2271468727783292,
      "oval_b": 0.7668030003777914
    }
  ]
}