{
  "product_id": "597957143895",
  "seed": 1615199895,
  "colors": [
    "#1EF1F2",
    "#DC4FDD",
    "#F6FA31"
  ],
  "shape_types": [
    "arc",
    "loop",
    "oval"
  ],
  "size": 800,
  "per_shape": [
    {
      "index": 0,
      "color": "#1EF1F2",
      "shape": "arc",
      "center": [
        -0.2928728697914461,
        -0.3532966226031012
      ],
      "amp": 0.17039860665575346,
      "phase": 0.5924424950245137,
      "lobes": 3,
      "density": 21,
      "scale": 1.1396749123083463
    },
    {
      "index": 1,
      "color": "#DC4FDD",
      "shape": "loop",
      "center": [
        -0.35844606206757784,
        -0.18300446128487968
      ],
      "amp": 0.19559978792455185,
      "phase": 6.1652370189701085,
      "lobes": 2,
      "density": 18,
      "scale": 1.0412318060139114,
      "loop_exponent": 2.5
    },
    {
      "index": 2,
      "color": "#F6FA31",
      "shape": "oval",
      "center": [
        -0.0415902696600301,
        0.12126805383516137
      ],
      "amp": 0.18457678757614182,
      "phase": 2.5185915905917615,
      "lobes": 4,
      "density": 34,
      "scale": 1.0473187820277876,
      "oval_a": 1.2119384554408723,
      "oval_b": 0.8425916379620534
    }
  ]
}