{
  "product_id": "597957139343",
  "seed": 2756959456,
  "colors": [
    "#1EF1F2",
    "#DC4FDD",
    "#F6FA31"
  ],
  "shape_types": [
    "leaf",
    "arc",
    "loop"
  ],
  "size": 800,
  "per_shape": [
    {
      "index": 0,
      "color": "#1EF1F2",
      "shape": "leaf",
      "center": [
        0.18196046821153666,
        -0.19302942814610013
      ],
      "amp": 0.24746755471304777,
      "phase": 2.113039870573504,
      "lobes": 3,
      "density": 25,
      "scale": 1.0913858510556051,
      "leaf_type": "heart_polar_r=1-sin(theta+phase)"
    },
    {
      "index": 1,
      "color": "#DC4FDD",
      "shape": "arc",
      "center": [
        -0.3386207288957852,
        -0.0648211851697752
      ],
      "amp": 0.18844828022078364,
      "phase": 2.0791884539566907,
      "lobes": 2,
      "density": 21,
      "scale": 0.8122042127244126
    },
    {
      "index": 2,
      "color": "#F6FA31",
      "shape": "loop",
      "center": [
        -0.2997919581356081,
        0.1689135590880576
      ],
      "amp": 0.10370634347811204,
      "phase": 1.0422480590491097,
      "lobes": 4,
      "density": 23,
      "scale": 1.028891684438158,
      "loop_exponent": 2.5
    }
  ]
}