{
  "product_id": "597957142969",
  "seed": 3413979247,
  "colors": [
    "#1EF1F2",
    "#DC4FDD",
    "#F6FA31"
  ],
  "shape_types": [
    "oval",
    "leaf",
    "arc"
  ],
  "size": 800,
  "per_shape": [
    {
      "index": 0,
      "color": "#1EF1F2",
      "shape": "oval",
      "center": [
        0.3649618969835041,
        -0.3986628531013545
      ],
      "amp": 0.16202668929865588,
      "phase": 4.646409155522083,
      "lobes": 4,
      "density": 21,
      "scale": 1.1155301760352827,
      "oval_a": 1.2613255101531102,
      "oval_b": 0.85906310776706
    },
    {
      "index": 1,
      "color": "#DC4FDD",
      "shape": "leaf",
      "center": [
        -0.3755382994729445,
        -0.35685792799380195
      ],
      "amp": 0.2884620094491901,
      "phase": 5.28211203424098,
      "lobes": 3,
      "density": 21,
      "scale": 1.1766346775701355,
      "leaf_type": "heart_polar_r=1-sin(theta+phase)"
    },
    {
      "index": 2,
      "color": "#F6FA31",
      "shape": "arc",
      "center": [
        0.25187380737911336,
        -0.3829537537004309
      ],
      "amp": 0.06324714737165353,
      "phase": 1.9209951873690931,
      "lobes": 3,
      "density": 27,
      "scale": 1.0778132886298182
    }
  ]
}