{
  "product_id": "597957141963",
  "seed": 3458813608,
  "colors": [
    "#1EF1F2",
    "#DC4FDD",
    "#F6FA31"
  ],
  "shape_types": [
    "arc",
    "oval",
    "loop"
  ],
  "size": 800,
  "per_shape": [
    {
      "index": 0,
      "color": "#1EF1F2",
      "shape": "arc",
      "center": [
        0.022182201412697444,
        -0.05459127360045357
      ],
      "amp": 0.07509061809543681,
      "phase": 4.762681751508048,
      "lobes": 3,
      "density": 35,
      "scale": 1.1858334130728516
    },
    {
      "index": 1,
      "color": "#DC4FDD",
      "shape": "oval",
      "center": [
        -0.13682647363676398,
        -0.2230514653753587
      ],
      "amp": 0.1955292460644033,
      "phase": 5.497460470195175,
      "lobes": 2,
      "density": 34,
      "scale": 1.1322453287441197,
      "oval_a": 1.152159936812647,
      "oval_b": 0.885501117384621
    },
    {
      "index": 2,
      "color": "#F6FA31",
      "shape": "loop",
      "center": [
        -0.0416122056534044,
        0.21410654151909791
      ],
      "amp": 0.16947398899052518,
      "phase": 2.857677551649747,
      "lobes": 2,
      "density": 19,
      "scale": 1.1244672862061897,
      "loop_exponent": 2.5
    }
  ]
}