{
  "product_id": "597957138991",
  "seed": 4027645320,
  "colors": [
    "#1EF1F2",
    "#DC4FDD",
    "#F6FA31"
  ],
  "shape_types": [
    "arc",
    "leaf",
    "oval"
  ],
  "size": 800,
  "per_shape": [
    {
      "index": 0,
      "color": "#1EF1F2",
      "shape": "arc",
      "center": [
        0.06217077608088928,
        0.3703435600128583
      ],
      "amp": 0.07648662782219927,
      "phase": 2.479640433746755,
      "lobes": 2,
      "density": 34,
      "scale": 0.8379060550559039
    },
    {
      "index": 1,
      "color": "#DC4FDD",
      "shape": "leaf",
      "center": [
        0.12863495569061456,
        -0.0391690991671062
      ],
      "amp": 0.23588320138824764,
      "phase": 0.6034168696026817,
      "lobes": 2,
      "density": 35,
      "scale": 0.8323685808217769,
      "leaf_type": "heart_polar_r=1-sin(theta+phase)"
    },
    {
      "index": 2,
      "color": "#F6FA31",
      "shape": "oval",
      "center": [
        -0.05987660423339847,
        0.24732679642185085
      ],
      "amp": 0.2290664318547197,
      "phase": 5.183561607623653,
      "lobes": 3,
      "density": 28,
      "scale": 1.175875773795717,
      "oval_a": 1.2821577537246651,
      "oval_b": 0.7544295916927344
    }
  ]
}