{
  "product_id": "597957142621",
  "seed": 1897282261,
  "colors": [
    "#1EF1F2",
    "#DC4FDD",
    "#F6FA31"
  ],
  "shape_types": [
    "arc",
    "leaf",
    "loop"
  ],
  "size": 800,
  "per_shape": [
    {
      "index": 0,
      "color": "#1EF1F2",
      "shape": "arc",
      "center": [
        -0.16607118448100824,
        -0.013392879324263418
      ],
      "amp": 0.08246515671259609,
      "phase": 5.233559314699064,
      "lobes": 3,
      "density": 19,
      "scale": 0.8043730219890294
    },
    {
      "index": 1,
      "color": "#DC4FDD",
      "shape": "leaf",
      "center": [
        -0.15837998566375192,
        0.16451777594973882
      ],
      "amp": 0.09663222398153877,
      "phase": 4.283989984438928,
      "lobes": 4,
      "density": 18,
      "scale": 0.8971191308506687,
      "leaf_type": "heart_polar_r=1-sin(theta+phase)"
    },
    {
      "index": 2,
      "color": "#F6FA31",
      "shape": "loop",
      "center": [
        0.3831945412249139,
        0.23939787604095653
      ],
      "amp": 0.13454048499572985,
      "phase": 2.701512996971102,
      "lobes": 3,
      "density": 26,
      "scale": 0.8509435788897285,
      "loop_exponent": 2.5
    }
  ]
}