{
  "product_id": "597957139637",
  "seed": 2282838726,
  "colors": [
    "#1EF1F2",
    "#DC4FDD",
    "#F6FA31"
  ],
  "shape_types": [
    "arc",
    "leaf",
    "oval"
  ],
  "size": 800,
  "per_shape": [
    {
      "index": 0,
      "color": "#1EF1F2",
      "shape": "arc",
      "center": [
        0.11146559242874154,
        0.30443329941086494
      ],
      "amp": 0.11049535775344065,
      "phase": 3.012344635625818,
      "lobes": 3,
      "density": 24,
      "scale": 0.97189413670387
    },
    {
      "index": 1,
      "color": "#DC4FDD",
      "shape": "leaf",
      "center": [
        0.3245413550734787,
        -0.06772777840340494
      ],
      "amp": 0.10194003135680853,
      "phase": 4.71240655872543,
      "lobes": 4,
      "density": 18,
      "scale": 0.9306718135288938,
      "leaf_type": "heart_polar_r=1-sin(theta+phase)"
    },
    {
      "index": 2,
      "color": "#F6FA31",
      "shape": "oval",
      "center": [
        -0.18556893024032953,
        0.09720174011698068
      ],
      "amp": 0.2747579929661504,
      "phase": 2.3216327937158376,
      "lobes": 3,
      "density": 33,
      "scale": 1.1865237069686347,
      "oval_a": 1.1595551258875225,
      "oval_b": 0.7931630931232421
    }
  ]
}