{
  "product_id": "597957145097",
  "seed": 3614470145,
  "colors": [
    "#1EF1F2",
    "#DC4FDD",
    "#F6FA31"
  ],
  "shape_types": [
    "oval",
    "loop",
    "arc"
  ],
  "size": 800,
  "per_shape": [
    {
      "index": 0,
      "color": "#1EF1F2",
      "shape": "oval",
      "center": [
        -0.29423125303032055,
        0.19365010872924304
      ],
      "amp": 0.07701881750313129,
      "phase": 4.445522959436453,
      "lobes": 2,
      "density": 21,
      "scale": 0.8564578045070905,
      "oval_a": 1.2139686116419317,
      "oval_b": 0.7524582401373966
    },
    {
      "index": 1,
      "color": "#DC4FDD",
      "shape": "loop",
      "center": [
        0.31933236343931837,
        0.10303910113033332
      ],
      "amp": 0.27682018614881687,
      "phase": 1.0442482652728717,
      "lobes": 3,
      "density": 20,
      "scale": 1.1517509701722783,
      "loop_exponent": 2.5
    },
    {
      "index": 2,
      "color": "#F6FA31",
      "shape": "arc",
      "center": [
        -0.19150935387677892,
        -0.385269112015904
      ],
      "amp": 0.2513584658697742,
      "phase": 1.9329010964644422,
      "lobes": 2,
      "density": 29,
      "scale": 0.906786187897872
    }
  ]
}