{
  "product_id": "597957139677",
  "seed": 986340810,
  "colors": [
    "#1EF1F2",
    "#DC4FDD",
    "#F6FA31"
  ],
  "shape_types": [
    "oval",
    "loop",
    "leaf"
  ],
  "size": 800,
  "per_shape": [
    {
      "index": 0,
      "color": "#1EF1F2",
      "shape": "oval",
      "center": [
        -0.3190064792551251,
        -0.21790435009740758
      ],
      "amp": 0.15368628485187508,
      "phase": 0.8933970305374582,
      "lobes": 3,
      "density": 28,
      "scale": 0.9002477370691465,
      "oval_a": 1.1833676385465246,
      "oval_b": 0.7561968704850448
    },
    {
      "index": 1,
      "color": "#DC4FDD",
      "shape": "loop",
      "center": [
        -0.34743007723776653,
        -0.14493580200182204
      ],
      "amp": 0.1806796766532791,
      "phase": 1.6939777048793712,
      "lobes": 3,
      "density": 34,
      "scale": 0.8097798530470939,
      "loop_exponent": 2.5
    },
    {
      "index": 2,
      "color": "#F6FA31",
      "shape": "leaf",
      "center": [
        -0.17822376073458673,
        -0.3901203266233242
      ],
      "amp": 0.0723603186132321,
      "phase": 4.672670848341414,
      "lobes": 3,
      "density": 36,
      "scale": 0.9516009158239029,
      "leaf_type": "heart_polar_r=1-sin(theta+phase)"
    }
  ]
}