{
  "product_id": "597957138965",
  "seed": 2646430582,
  "colors": [
    "#1EF1F2",
    "#DC4FDD",
    "#F6FA31"
  ],
  "shape_types": [
    "loop",
    "oval",
    "arc"
  ],
  "size": 800,
  "per_shape": [
    {
      "index": 0,
      "color": "#1EF1F2",
      "shape": "loop",
      "center": [
        -0.38632672831651144,
        0.3259650731100977
      ],
      "amp": 0.22302761652907455,
      "phase": 3.0226893954149676,
      "lobes": 2,
      "density": 18,
      "scale": 1.0729580214081849,
      "loop_exponent": 2.5
    },
    {
      "index": 1,
      "color": "#DC4FDD",
      "shape": "oval",
      "center": [
        0.09029219723802112,
        0.16982581978950784
      ],
      "amp": 0.20192368556507329,
      "phase": 0.656665918986122,
      "lobes": 2,
      "density": 19,
      "scale": 0.9976795527343392,
      "oval_a": 1.132008934523355,
      "oval_b": 0.7681202456631846
    },
    {
      "index": 2,
      "color": "#F6FA31",
      "shape": "arc",
      "center": [
        -0.09506408011008621,
        0.08766082176812162
      ],
      "amp": 0.16848938559404986,
      "phase": 4.779517941578817,
      "lobes": 4,
      "density": 35,
      "scale": 0.8322795098601976
    }
  ]
}