{
  "product_id": "597957143821",
  "seed": 743900510,
  "colors": [
    "#1EF1F2",
    "#DC4FDD",
    "#F6FA31"
  ],
  "shape_types": [
    "leaf",
    "oval",
    "arc"
  ],
  "size": 800,
  "per_shape": [
    {
      "index": 0,
      "color": "#1EF1F2",
      "shape": "leaf",
      "center": [
        0.03451972591829672,
        0.19709956158135433
      ],
      "amp": 0.204281638296947,
      "phase": 4.301901937119804,
      "lobes": 4,
      "density": 26,
      "scale": 1.066710067337784,
      "leaf_type": "heart_polar_r=1-sin(theta+phase)"
    },
    {
      "index": 1,
      "color": "#DC4FDD",
      "shape": "oval",
      "center": [
        0.1498524343870219,
        0.2389853027795933
      ],
      "amp": 0.12787350951579807,
      "phase": 3.114422208378642,
      "lobes": 3,
      "density": 36,
      "scale": 1.0017242269672477,
      "oval_a": 1.240279659137345,
      "oval_b": 0.8319534478255396
    },
    {
      "index": 2,
      "color": "#F6FA31",
      "shape": "arc",
      "center": [
        0.08081972960464956,
        0.012261112824461406
      ],
      "amp": 0.26554782187298664,
      "phase": 0.16180752805102014,
      "lobes": 4,
      "density": 31,
      "scale": 1.0221767211269344
    }
  ]
}