{
  "product_id": "597957141693",
  "seed": 1775192573,
  "colors": [
    "#1EF1F2",
    "#DC4FDD",
    "#F6FA31"
  ],
  "shape_types": [
    "leaf",
    "arc",
    "oval"
  ],
  "size": 800,
  "per_shape": [
    {
      "index": 0,
      "color": "#1EF1F2",
      "shape": "leaf",
      "center": [
        -0.28615630107774037,
        -0.2228095879257503
      ],
      "amp": 0.28912694486988266,
      "phase": 2.9347766500283936,
      "lobes": 4,
      "density": 29,
      "scale": 0.8961922668027549,
      "leaf_type": "heart_polar_r=1-sin(theta+phase)"
    },
    {
      "index": 1,
      "color": "#DC4FDD",
      "shape": "arc",
      "center": [
        0.23732134540949557,
        -0.08752040126153915
      ],
      "amp": 0.12094354046963417,
      "phase": 5.173874574032921,
      "lobes": 3,
      "density": 31,
      "scale": 0.976733107974523
    },
    {
      "index": 2,
      "color": "#F6FA31",
      "shape": "oval",
      "center": [
        -0.2253324754501967,
        -0.15025576671921864
      ],
      "amp": 0.13652445201921848,
      "phase": 2.354869179016418,
      "lobes": 4,
      "density": 21,
      "scale": 0.9191428608720738,
      "oval_a": 1.251623594165058,
      "oval_b": 0.7313345566554927
    }
  ]
}