{
  "product_id": "597957140299",
  "seed": 53198798,
  "colors": [
    "#1EF1F2",
    "#DC4FDD",
    "#F6FA31"
  ],
  "shape_types": [
    "arc",
    "loop",
    "leaf"
  ],
  "size": 800,
  "per_shape": [
    {
      "index": 0,
      "color": "#1EF1F2",
      "shape": "arc",
      "center": [
        0.00249754832743021,
        0.3733272188425397
      ],
      "amp": 0.19794010754407187,
      "phase": 3.7339136679023666,
      "lobes": 3,
      "density": 25,
      "scale": 1.0916310870379746
    },
    {
      "index": 1,
      "color": "#DC4FDD",
      "shape": "loop",
      "center": [
        0.34085507113729496,
        -0.229330688627386
      ],
      "amp": 0.12322353812838384,
      "phase": 4.524305919390758,
      "lobes": 4,
      "density": 27,
      "scale": 1.1297008737870096,
      "loop_exponent": 2.5
    },
    {
      "index": 2,
      "color": "#F6FA31",
      "shape": "leaf",
      "center": [
        0.39165139096443746,
        0.2337218047756755
      ],
      "amp": 0.09310418337329048,
      "phase": 1.629241013714617,
      "lobes": 2,
      "density": 35,
      "scale": 1.1539431764000112,
      "leaf_type": "heart_polar_r=1-sin(theta+phase)"
    }
  ]
}