{
  "product_id": "597957141611",
  "seed": 1697258967,
  "colors": [
    "#1EF1F2",
    "#DC4FDD",
    "#F6FA31"
  ],
  "shape_types": [
    "oval",
    "leaf",
    "loop"
  ],
  "size": 800,
  "per_shape": [
    {
      "index": 0,
      "color": "#1EF1F2",
      "shape": "oval",
      "center": [
        0.2829410043447571,
        0.023550736938939054
      ],
      "amp": 0.07727445279430285,
      "phase": 2.4080195900866603,
      "lobes": 4,
      "density": 34,
      "scale": 1.0384762618828671,
      "oval_a": 1.2127866433908943,
      "oval_b": 0.7918148559159515
    },
    {
      "index": 1,
      "color": "#DC4FDD",
      "shape": "leaf",
      "center": [
        0.25587049301068077,
        -0.23619859501023896
      ],
      "amp": 0.15128472541043175,
      "phase": 1.0648409369260559,
      "lobes": 4,
      "density": 36,
      "scale": 0.9155119196243691,
      "leaf_type": "heart_polar_r=1-sin(theta+phase)"
    },
    {
      "index": 2,
      "color": "#F6FA31",
      "shape": "loop",
      "center": [
        0.1491472554948492,
        -0.08039823801433432
      ],
      "amp": 0.28574191264767157,
      "phase": 2.744808797410483,
      "lobes": 4,
      "density": 18,
      "scale": 0.8855009317309582,
      "loop_exponent": 2.5
    }
  ]
}