{
  "product_id": "597957148451",
  "seed": 2397150954,
  "colors": [
    "#1EF1F2",
    "#DC4FDD",
    "#F6FA31"
  ],
  "shape_types": [
    "arc",
    "loop",
    "oval"
  ],
  "size": 800,
  "per_shape": [
    {
      "index": 0,
      "color": "#1EF1F2",
      "shape": "arc",
      "center": [
        0.2895967884933285,
        0.270327334849917
      ],
      "amp": 0.07351066559783136,
      "phase": 5.737807461257766,
      "lobes": 2,
      "density": 21,
      "scale": 0.8315282302173757
    },
    {
      "index": 1,
      "color": "#DC4FDD",
      "shape": "loop",
      "center": [
        0.2833764442194745,
        0.001464020333845517
      ],
      "amp": 0.09431660819081535,
      "phase": 4.367586832230682,
      "lobes": 4,
      "density": 18,
      "scale": 1.1866534652283574,
      "loop_exponent": 2.5
    },
    {
      "index": 2,
      "color": "#F6FA31",
      "shape": "oval",
      "center": [
        -0.0306727434689133,
        -0.03654873987441665
      ],
      "amp": 0.2832328023197215,
      "phase": 0.4067800966238369,
      "lobes": 3,
      "density": 28,
      "scale": 1.1528247749967246,
      "oval_a": 1.1240988743797309,
      "oval_b": 0.7508584583200661
    }
  ]
}