{
  "product_id": "597957148575",
  "seed": 1169823988,
  "colors": [
    "#1EF1F2",
    "#DC4FDD",
    "#F6FA31"
  ],
  "shape_types": [
    "arc",
    "leaf",
    "loop"
  ],
  "size": 800,
  "per_shape": [
    {
      "index": 0,
      "color": "#1EF1F2",
      "shape": "arc",
      "center": [
        -0.35449366513184677,
        -0.17479472341487956
      ],
      "amp": 0.2849203830754873,
      "phase": 4.719357022860329,
      "lobes": 3,
      "density": 29,
      "scale": 0.8735277361830861
    },
    {
      "index": 1,
      "color": "#DC4FDD",
      "shape": "leaf",
      "center": [
        0.12698348353860012,
        -0.2207809803820668
      ],
      "amp": 0.23852202365349406,
      "phase": 4.354495025277188,
      "lobes": 4,
      "density": 28,
      "scale": 0.8302678270488599,
      "leaf_type": "heart_polar_r=1-sin(theta+phase)"
    },
    {
      "index": 2,
      "color": "#F6FA31",
      "shape": "loop",
      "center": [
        0.1015750842500186,
        -0.18662074645037638
      ],
      "amp": 0.09130969231660187,
      "phase": 5.032088279335054,
      "lobes": 2,
      "density": 19,
      "scale": 1.1537140043724055,
      "loop_exponent": 2.5
    }
  ]
}