{
  "product_id": "597957143355",
  "seed": 1531430827,
  "colors": [
    "#1EF1F2",
    "#DC4FDD",
    "#F6FA31"
  ],
  "shape_types": [
    "loop",
    "oval",
    "arc"
  ],
  "size": 800,
  "per_shape": [
    {
      "index": 0,
      "color": "#1EF1F2",
      "shape": "loop",
      "center": [
        0.3163753135904651,
        0.11386806561455642
      ],
      "amp": 0.054946879400197976,
      "phase": 5.356155872876893,
      "lobes": 2,
      "density": 21,
      "scale": 0.9988960522141299,
      "loop_exponent": 2.5
    },
    {
      "index": 1,
      "color": "#DC4FDD",
      "shape": "oval",
      "center": [
        0.1745351839214211,
        -0.0284509240613125
      ],
      "amp": 0.25102149077105257,
      "phase": 1.1124367593956133,
      "lobes": 3,
      "density": 29,
      "scale": 1.1146744071335162,
      "oval_a": 1.1954923673548987,
      "oval_b": 0.8543882198216555
    },
    {
      "index": 2,
      "color": "#F6FA31",
      "shape": "arc",
      "center": [
        0.08415985735280318,
        0.18713324702047485
      ],
      "amp": 0.1678760837252002,
      "phase": 2.433157218565953,
      "lobes": 4,
      "density": 33,
      "scale": 1.0680821596675187
    }
  ]
}