{
  "product_id": "597957145577",
  "seed": 3390035476,
  "colors": [
    "#1EF1F2",
    "#DC4FDD",
    "#F6FA31"
  ],
  "shape_types": [
    "arc",
    "leaf",
    "oval"
  ],
  "size": 800,
  "per_shape": [
    {
      "index": 0,
      "color": "#1EF1F2",
      "shape": "arc",
      "center": [
        0.22184248127880257,
        0.02582461359014554
      ],
      "amp": 0.08163208272395418,
      "phase": 6.132999124955685,
      "lobes": 4,
      "density": 21,
      "scale": 1.0685312201739798
    },
    {
      "index": 1,
      "color": "#DC4FDD",
      "shape": "leaf",
      "center": [
        -0.295074573244327,
        -0.05728947751528296
      ],
      "amp": 0.16750766150171698,
      "phase": 3.525078104150142,
      "lobes": 3,
      "density": 27,
      "scale": 0.929927129060565,
      "leaf_type": "heart_polar_r=1-sin(theta+phase)"
    },
    {
      "index": 2,
      "color": "#F6FA31",
      "shape": "oval",
      "center": [
        0.3477329318137685,
        -0.12350650581362171
      ],
      "amp": 0.20237106877857886,
      "phase": 4.429731640239562,
      "lobes": 4,
      "density": 20,
      "scale": 0.9914718981899193,
      "oval_a": 1.2651662096965535,
      "oval_b": 0.8684634351760812
    }
  ]
}