{
  "product_id": "597957145367",
  "seed": 165254223,
  "colors": [
    "#1EF1F2",
    "#DC4FDD",
    "#F6FA31"
  ],
  "shape_types": [
    "arc",
    "loop",
    "oval"
  ],
  "size": 800,
  "per_shape": [
    {
      "index": 0,
      "color": "#1EF1F2",
      "shape": "arc",
      "center": [
        0.22558622825831687,
        0.3150254422220654
      ],
      "amp": 0.1840402462767582,
      "phase": 0.06354621015983675,
      "lobes": 2,
      "density": 27,
      "scale": 1.0288550223800623
    },
    {
      "index": 1,
      "color": "#DC4FDD",
      "shape": "loop",
      "center": [
        -0.08357284023633865,
        -0.276765072558663
      ],
      "amp": 0.2656695229355054,
      "phase": 1.3433582876416046,
      "lobes": 3,
      "density": 20,
      "scale": 1.195753572945708,
      "loop_exponent": 2.5
    },
    {
      "index": 2,
      "color": "#F6FA31",
      "shape": "oval",
      "center": [
        -0.38102785729490335,
        -0.012911035070594601
      ],
      "amp": 0.12231968597557476,
      "phase": 5.739096812209018,
      "lobes": 4,
      "density": 25,
      "scale": 1.1712618760142248,
      "oval_a": 1.180318501030744,
      "oval_b": 0.8237537693611305
    }
  ]
}