{
  "product_id": "597957143159",
  "seed": 2465431744,
  "colors": [
    "#1EF1F2",
    "#DC4FDD",
    "#F6FA31"
  ],
  "shape_types": [
    "oval",
    "leaf",
    "arc"
  ],
  "size": 800,
  "per_shape": [
    {
      "index": 0,
      "color": "#1EF1F2",
      "shape": "oval",
      "center": [
        0.08200943400803018,
        0.15982055428374353
      ],
      "amp": 0.23449393554665376,
      "phase": 4.812770657546271,
      "lobes": 4,
      "density": 30,
      "scale": 0.9184259289740033,
      "oval_a": 1.1524976028020322,
      "oval_b": 0.752506232900983
    },
    {
      "index": 1,
      "color": "#DC4FDD",
      "shape": "leaf",
      "center": [
        -0.3272230910693004,
        0.13865466846179753
      ],
      "amp": 0.05647781997238256,
      "phase": 1.2518386255308078,
      "lobes": 2,
      "density": 24,
      "scale": 1.1798850950943423,
      "leaf_type": "heart_polar_r=1-sin(theta+phase)"
    },
    {
      "index": 2,
      "color": "#F6FA31",
      "shape": "arc",
      "center": [
        0.28798719948569385,
        0.15520379972004483
      ],
      "amp": 0.1017659977564584,
      "phase": 2.7183282676733196,
      "lobes": 4,
      "density": 29,
      "scale": 0.8663437216348219
    }
  ]
}