{
  "product_id": "597957148607",
  "seed": 3533389040,
  "colors": [
    "#1EF1F2",
    "#DC4FDD",
    "#F6FA31"
  ],
  "shape_types": [
    "arc",
    "loop",
    "oval"
  ],
  "size": 800,
  "per_shape": [
    {
      "index": 0,
      "color": "#1EF1F2",
      "shape": "arc",
      "center": [
        0.13185458609531564,
        0.02850872495296325
      ],
      "amp": 0.15948058479545935,
      "phase": 2.966592504036144,
      "lobes": 2,
      "density": 22,
      "scale": 1.1439894057071431
    },
    {
      "index": 1,
      "color": "#DC4FDD",
      "shape": "loop",
      "center": [
        0.1512395855016132,
        0.00955348654668925
      ],
      "amp": 0.2920489844656172,
      "phase": 4.6511922508632475,
      "lobes": 2,
      "density": 27,
      "scale": 1.1534918184112133,
      "loop_exponent": 2.5
    },
    {
      "index": 2,
      "color": "#F6FA31",
      "shape": "oval",
      "center": [
        -0.3299105949071436,
        -0.19640751478505872
      ],
      "amp": 0.28056950541806175,
      "phase": 1.525838733759439,
      "lobes": 2,
      "density": 18,
      "scale": 0.9114627539974529,
      "oval_a": 1.2664374624948378,
      "oval_b": 0.7784406014595568
    }
  ]
}