{
  "product_id": "597957144215",
  "seed": 1074377815,
  "colors": [
    "#1EF1F2",
    "#DC4FDD",
    "#F6FA31"
  ],
  "shape_types": [
    "arc",
    "leaf",
    "oval"
  ],
  "size": 800,
  "per_shape": [
    {
      "index": 0,
      "color": "#1EF1F2",
      "shape": "arc",
      "center": [
        0.295928895887278,
        -0.10011632059583775
      ],
      "amp": 0.23823905105548293,
      "phase": 1.2115016001821228,
      "lobes": 3,
      "density": 19,
      "scale": 1.0272391405537316
    },
    {
      "index": 1,
      "color": "#DC4FDD",
      "shape": "leaf",
      "center": [
        0.38105988980614336,
        0.3767730688514206
      ],
      "amp": 0.19754597826303538,
      "phase": 4.552542698309352,
      "lobes": 2,
      "density": 23,
      "scale": 1.1992134003835473,
      "leaf_type": "heart_polar_r=1-sin(theta+phase)"
    },
    {
      "index": 2,
      "color": "#F6FA31",
      "shape": "oval",
      "center": [
        -0.3754039673775535,
        -0.3749889338037612
      ],
      "amp": 0.16753613959218583,
      "phase": 4.577689321935767,
      "lobes": 4,
      "density": 19,
      "scale": 0.8308810589109953,
      "oval_a": 1.256011259311423,
      "oval_b": 0.8018756735320764
    }
  ]
}