{
  "product_id": "597957146291",
  "seed": 1238157785,
  "colors": [
    "#1EF1F2",
    "#DC4FDD",
    "#F6FA31"
  ],
  "shape_types": [
    "arc",
    "loop",
    "leaf"
  ],
  "size": 800,
  "per_shape": [
    {
      "index": 0,
      "color": "#1EF1F2",
      "shape": "arc",
      "center": [
        -0.30756185369961586,
        -0.08486223071323706
      ],
      "amp": 0.24998865212064042,
      "phase": 1.9195883366146391,
      "lobes": 4,
      "density": 29,
      "scale": 0.8431161255240709
    },
    {
      "index": 1,
      "color": "#DC4FDD",
      "shape": "loop",
      "center": [
        -0.14328014968786856,
        0.3520692219743471
      ],
      "amp": 0.06227173251276076,
      "phase": 4.942245264646114,
      "lobes": 4,
      "density": 23,
      "scale": 0.836120001804427,
      "loop_exponent": 2.5
    },
    {
      "index": 2,
      "color": "#F6FA31",
      "shape": "leaf",
      "center": [
        -0.19965410580695844,
        -0.26456274681383296
      ],
      "amp": 0.06565887084864654,
      "phase": 3.0392334472430407,
      "lobes": 2,
      "density": 31,
      "scale": 1.18290353698106,
      "leaf_type": "heart_polar_r=1-sin(theta+phase)"
    }
  ]
}