{
  "product_id": "597957143175",
  "seed": 1637378711,
  "colors": [
    "#1EF1F2",
    "#DC4FDD",
    "#F6FA31"
  ],
  "shape_types": [
    "leaf",
    "arc",
    "loop"
  ],
  "size": 800,
  "per_shape": [
    {
      "index": 0,
      "color": "#1EF1F2",
      "shape": "leaf",
      "center": [
        0.3890488892830102,
        0.06364321808131451
      ],
      "amp": 0.2922856599036267,
      "phase": 2.435617892331494,
      "lobes": 2,
      "density": 24,
      "scale": 0.8722568247530941,
      "leaf_type": "heart_polar_r=1-sin(theta+phase)"
    },
    {
      "index": 1,
      "color": "#DC4FDD",
      "shape": "arc",
      "center": [
        0.16911318851245927,
        0.1751304273340586
      ],
      "amp": 0.08505967817741404,
      "phase": 5.966204606814488,
      "lobes": 3,
      "density": 19,
      "scale": 1.1762166851907523
    },
    {
      "index": 2,
      "color": "#F6FA31",
      "shape": "loop",
      "center": [
        -0.07719332454438171,
        -0.043145970773894426
      ],
      "amp": 0.2423179392128862,
      "phase": 4.863474828030116,
      "lobes": 2,
      "density": 36,
      "scale": 1.072780191275597,
      "loop_exponent": 2.5
    }
  ]
}