{
  "product_id": "597957143817",
  "seed": 2426302947,
  "colors": [
    "#1EF1F2",
    "#DC4FDD",
    "#F6FA31"
  ],
  "shape_types": [
    "oval",
    "arc",
    "leaf"
  ],
  "size": 800,
  "per_shape": [
    {
      "index": 0,
      "color": "#1EF1F2",
      "shape": "oval",
      "center": [
        0.28044865502855953,
        -0.3860128290222636
      ],
      "amp": 0.0569168960639594,
      "phase": 5.416517078538241,
      "lobes": 4,
      "density": 24,
      "scale": 0.8866875425669599,
      "oval_a": 1.1720700689452488,
      "oval_b": 0.8290202000863344
    },
    {
      "index": 1,
      "color": "#DC4FDD",
      "shape": "arc",
      "center": [
        -0.3226834118807159,
        -0.09570032351902807
      ],
      "amp": 0.2247377995935277,
      "phase": 3.5122467653069243,
      "lobes": 2,
      "density": 33,
      "scale": 0.828834758052183
    },
    {
      "index": 2,
      "color": "#F6FA31",
      "shape": "leaf",
      "center": [
        -0.333768231862209,
        0.33590838531472866
      ],
      "amp": 0.06873506902610614,
      "phase": 2.7345085961401834,
      "lobes": 4,
      "density": 35,
      "scale": 1.121294000511749,
      "leaf_type": "heart_polar_r=1-sin(theta+phase)"
    }
  ]
}