{
  "product_id": "597957143617",
  "seed": 3668606603,
  "colors": [
    "#1EF1F2",
    "#DC4FDD",
    "#F6FA31"
  ],
  "shape_types": [
    "leaf",
    "loop",
    "oval"
  ],
  "size": 800,
  "per_shape": [
    {
      "index": 0,
      "color": "#1EF1F2",
      "shape": "leaf",
      "center": [
        0.1194755382186421,
        -0.17447881211337482
      ],
      "amp": 0.2508382652973098,
      "phase": 0.9766588495040907,
      "lobes": 3,
      "density": 24,
      "scale": 1.0376678045303562,
      "leaf_type": "heart_polar_r=1-sin(theta+phase)"
    },
    {
      "index": 1,
      "color": "#DC4FDD",
      "shape": "loop",
      "center": [
        0.21793376213199211,
        0.10212962459032737
      ],
      "amp": 0.20243061556064573,
      "phase": 3.1985793216686176,
      "lobes": 3,
      "density": 22,
      "scale": 1.0983789836780877,
      "loop_exponent": 2.5
    },
    {
      "index": 2,
      "color": "#F6FA31",
      "shape": "oval",
      "center": [
        0.3673189897755178,
        0.045280642101624635
      ],
      "amp": 0.17193410953111676,
      "phase": 5.2211488907671075,
      "lobes": 4,
      "density": 29,
      "scale": 1.0428107580634327,
      "oval_a": 1.2650189900534345,
      "oval_b": 0.7162215964698141
    }
  ]
}