{
  "product_id": "597957140083",
  "seed": 2542879947,
  "colors": [
    "#1EF1F2",
    "#DC4FDD",
    "#F6FA31"
  ],
  "shape_types": [
    "oval",
    "leaf",
    "loop"
  ],
  "size": 800,
  "per_shape": [
    {
      "index": 0,
      "color": "#1EF1F2",
      "shape": "oval",
      "center": [
        0.2196881991855142,
        -0.2746235821378883
      ],
      "amp": 0.14870134449285682,
      "phase": 1.1277769183943938,
      "lobes": 4,
      "density": 31,
      "scale": 1.1013964582604434,
      "oval_a": 1.2131224393300886,
      "oval_b": 0.8702355141096736
    },
    {
      "index": 1,
      "color": "#DC4FDD",
      "shape": "leaf",
      "center": [
        0.24121473058592524,
        -0.3908279698562038
      ],
      "amp": 0.2514633669336939,
      "phase": 2.0627125136810185,
      "lobes": 4,
      "density": 29,
      "scale": 1.135370804839643,
      "leaf_type": "heart_polar_r=1-sin(theta+phase)"
    },
    {
      "index": 2,
      "color": "#F6FA31",
      "shape": "loop",
      "center": [
        -0.12330535331207859,
        -0.09210192442799797
      ],
      "amp": 0.13626789189017885,
      "phase": 4.768587322459714,
      "lobes": 2,
      "density": 30,
      "scale": 0.9903429052608476,
      "loop_exponent": 2.5
    }
  ]
}