{
  "product_id": "597957146199",
  "seed": 506961327,
  "colors": [
    "#1EF1F2",
    "#DC4FDD",
    "#F6FA31"
  ],
  "shape_types": [
    "oval",
    "loop",
    "arc"
  ],
  "size": 800,
  "per_shape": [
    {
      "index": 0,
      "color": "#1EF1F2",
      "shape": "oval",
      "center": [
        0.2758880366479305,
        -0.0945158698669773
      ],
      "amp": 0.24089604044662244,
      "phase": 3.2315296204278585,
      "lobes": 4,
      "density": 34,
      "scale": 0.9093226055009972,
      "oval_a": 1.2051038580507691,
      "oval_b": 0.8497840157371213
    },
    {
      "index": 1,
      "color": "#DC4FDD",
      "shape": "loop",
      "center": [
        0.0740890069187955,
        0.301406034401824
      ],
      "amp": 0.1766836168900215,
      "phase": 3.8746999576832675,
      "lobes": 2,
      "density": 20,
      "scale": 1.073120244297128,
      "loop_exponent": 2.5
    },
    {
      "index": 2,
      "color": "#F6FA31",
      "shape": "arc",
      "center": [
        -0.14990943681850616,
        -0.06000341286006228
      ],
      "amp": 0.28268138998619347,
      "phase": 1.129652646066571,
      "lobes": 3,
      "density": 18,
      "scale": 1.1829337438205907
    }
  ]
}