{
  "product_id": "597957147337",
  "seed": 499327442,
  "colors": [
    "#1EF1F2",
    "#DC4FDD",
    "#F6FA31"
  ],
  "shape_types": [
    "oval",
    "arc",
    "loop"
  ],
  "size": 800,
  "per_shape": [
    {
      "index": 0,
      "color": "#1EF1F2",
      "shape": "oval",
      "center": [
        -0.24806700094725756,
        -0.11301209869833201
      ],
      "amp": 0.29625643277180563,
      "phase": 0.3541391418955462,
      "lobes": 4,
      "density": 18,
      "scale": 0.8152828934790055,
      "oval_a": 1.1420025063087589,
      "oval_b": 0.8221580019455496
    },
    {
      "index": 1,
      "color": "#DC4FDD",
      "shape": "arc",
      "center": [
        0.3117823279036449,
        -0.20393514488375955
      ],
      "amp": 0.1250907698083889,
      "phase": 3.0360734288164473,
      "lobes": 4,
      "density": 25,
      "scale": 1.0044792019837914
    },
    {
      "index": 2,
      "color": "#F6FA31",
      "shape": "loop",
      "center": [
        0.24963719733947887,
        -0.13808392159290372
      ],
      "amp": 0.2722841286060605,
      "phase": 2.2161071709445745,
      "lobes": 2,
      "density": 25,
      "scale": 1.087011245413137,
      "loop_exponent": 2.5
    }
  ]
}