{
  "product_id": "597957141503",
  "seed": 1799863005,
  "colors": [
    "#1EF1F2",
    "#DC4FDD",
    "#F6FA31"
  ],
  "shape_types": [
    "leaf",
    "arc",
    "oval"
  ],
  "size": 800,
  "per_shape": [
    {
      "index": 0,
      "color": "#1EF1F2",
      "shape": "leaf",
      "center": [
        -0.03157953809452457,
        -0.027985105506568075
      ],
      "amp": 0.06541788107642398,
      "phase": 4.553303721401182,
      "lobes": 3,
      "density": 34,
      "scale": 0.9861321547136104,
      "leaf_type": "heart_polar_r=1-sin(theta+phase)"
    },
    {
      "index": 1,
      "color": "#DC4FDD",
      "shape": "arc",
      "center": [
        0.09857528844745678,
        0.3907508974194982
      ],
      "amp": 0.06676830948291716,
      "phase": 1.585234899358684,
      "lobes": 2,
      "density": 19,
      "scale": 0.9403929005210381
    },
    {
      "index": 2,
      "color": "#F6FA31",
      "shape": "oval",
      "center": [
        -0.01686393575966616,
        -0.14706874014695553
      ],
      "amp": 0.2830823073385517,
      "phase": 3.419627608415758,
      "lobes": 4,
      "density": 28,
      "scale": 1.0068483850754921,
      "oval_a": 1.269628475568173,
      "oval_b": 0.872664734670723
    }
  ]
}