{
  "product_id": "597957148133",
  "seed": 1058106492,
  "colors": [
    "#1EF1F2",
    "#DC4FDD",
    "#F6FA31"
  ],
  "shape_types": [
    "arc",
    "oval",
    "loop"
  ],
  "size": 800,
  "per_shape": [
    {
      "index": 0,
      "color": "#1EF1F2",
      "shape": "arc",
      "center": [
        -0.013957849204852935,
        -0.1428977070738589
      ],
      "amp": 0.21043944936860748,
      "phase": 1.2522498985882753,
      "lobes": 3,
      "density": 25,
      "scale": 1.1777862790615303
    },
    {
      "index": 1,
      "color": "#DC4FDD",
      "shape": "oval",
      "center": [
        -0.23876329509003105,
        -0.00981053534246118
      ],
      "amp": 0.28303597965803734,
      "phase": 3.750426770639841,
      "lobes": 2,
      "density": 18,
      "scale": 1.1846218404307924,
      "oval_a": 1.2325143170459771,
      "oval_b": 0.8745824161616463
    },
    {
      "index": 2,
      "color": "#F6FA31",
      "shape": "loop",
      "center": [
        0.08195274810632974,
        0.11228155947646568
      ],
      "amp": 0.16098472835376698,
      "phase": 5.0462102894787275,
      "lobes": 4,
      "density": 20,
      "scale": 1.008583770894235,
      "loop_exponent": 2.5
    }
  ]
}