{
  "product_id": "597957148447",
  "seed": 982367683,
  "colors": [
    "#1EF1F2",
    "#DC4FDD",
    "#F6FA31"
  ],
  "shape_types": [
    "oval",
    "leaf",
    "arc"
  ],
  "size": 800,
  "per_shape": [
    {
      "index": 0,
      "color": "#1EF1F2",
      "shape": "oval",
      "center": [
        -0.06559823137525755,
        0.052231927382590304
      ],
      "amp": 0.055565306604196965,
      "phase": 1.2932944405887266,
      "lobes": 4,
      "density": 31,
      "scale": 0.9394392634882619,
      "oval_a": 1.1662280608337239,
      "oval_b": 0.8342472457138457
    },
    {
      "index": 1,
      "color": "#DC4FDD",
      "shape": "leaf",
      "center": [
        -0.3886141132894514,
        0.346956241906905
      ],
      "amp": 0.13265573728947178,
      "phase": 5.88999630081777,
      "lobes": 3,
      "density": 25,
      "scale": 0.9625711947394966,
      "leaf_type": "heart_polar_r=1-sin(theta+phase)"
    },
    {
      "index": 2,
      "color": "#F6FA31",
      "shape": "arc",
      "center": [
        -0.2566718283080359,
        0.2072616099959399
      ],
      "amp": 0.22868340062529763,
      "phase": 2.0106951792460888,
      "lobes": 4,
      "density": 33,
      "scale": 0.866769965339323
    }
  ]
}