{
  "product_id": "597957139477",
  "seed": 4083016533,
  "colors": [
    "#1EF1F2",
    "#DC4FDD",
    "#F6FA31"
  ],
  "shape_types": [
    "loop",
    "oval",
    "arc"
  ],
  "size": 800,
  "per_shape": [
    {
      "index": 0,
      "color": "#1EF1F2",
      "shape": "loop",
      "center": [
        -0.2815263597748719,
        -0.06934337030379478
      ],
      "amp": 0.15220071869897983,
      "phase": 0.732839039619701,
      "lobes": 2,
      "density": 34,
      "scale": 0.8244361924984701,
      "loop_exponent": 2.5
    },
    {
      "index": 1,
      "color": "#DC4FDD",
      "shape": "oval",
      "center": [
        -0.22522475972937653,
        0.21684651819588951
      ],
      "amp": 0.15831534643940487,
      "phase": 1.528692397220811,
      "lobes": 2,
      "density": 23,
      "scale": 0.9953732081633804,
      "oval_a": 1.1521291940363283,
      "oval_b": 0.7129720046134949
    },
    {
      "index": 2,
      "color": "#F6FA31",
      "shape": "arc",
      "center": [
        0.07150421644726207,
        0.36429549892960533
      ],
      "amp": 0.22505223948174796,
      "phase": 2.163698498305333,
      "lobes": 3,
      "density": 24,
      "scale": 1.0478290709034725
    }
  ]
}