{
  "product_id": "597957148373",
  "seed": 3597686215,
  "colors": [
    "#1EF1F2",
    "#DC4FDD",
    "#F6FA31"
  ],
  "shape_types": [
    "loop",
    "leaf",
    "arc"
  ],
  "size": 800,
  "per_shape": [
    {
      "index": 0,
      "color": "#1EF1F2",
      "shape": "loop",
      "center": [
        -0.022264128893779933,
        -0.18801490554155392
      ],
      "amp": 0.10888409107280246,
      "phase": 5.658105001375008,
      "lobes": 2,
      "density": 22,
      "scale": 0.873799871947995,
      "loop_exponent": 2.5
    },
    {
      "index": 1,
      "color": "#DC4FDD",
      "shape": "leaf",
      "center": [
        0.096173882620736,
        0.21256389026258915
      ],
      "amp": 0.18996019501274986,
      "phase": 1.5638028652186562,
      "lobes": 2,
      "density": 32,
      "scale": 1.09773608942026,
      "leaf_type": "heart_polar_r=1-sin(theta+phase)"
    },
    {
      "index": 2,
      "color": "#F6FA31",
      "shape": "arc",
      "center": [
        -0.2601641343709201,
        0.18982603633147455
      ],
      "amp": 0.2338151047755132,
      "phase": 5.3633469699882355,
      "lobes": 3,
      "density": 20,
      "scale": 0.8388617159536073
    }
  ]
}