{
  "product_id": "597957141703",
  "seed": 149484366,
  "colors": [
    "#1EF1F2",
    "#DC4FDD",
    "#F6FA31"
  ],
  "shape_types": [
    "oval",
    "leaf",
    "loop"
  ],
  "size": 800,
  "per_shape": [
    {
      "index": 0,
      "color": "#1EF1F2",
      "shape": "oval",
      "center": [
        0.38773885610321246,
        0.09881880832965628
      ],
      "amp": 0.16904242118567492,
      "phase": 1.2349304247807926,
      "lobes": 3,
      "density": 26,
      "scale": 0.8436316012369802,
      "oval_a": 1.286271916935783,
      "oval_b": 0.8244092597336921
    },
    {
      "index": 1,
      "color": "#DC4FDD",
      "shape": "leaf",
      "center": [
        0.1570591519531097,
        -0.37498972076231846
      ],
      "amp": 0.23854858317596506,
      "phase": 3.892207583480553,
      "lobes": 2,
      "density": 21,
      "scale": 0.8175551579442052,
      "leaf_type": "heart_polar_r=1-sin(theta+phase)"
    },
    {
      "index": 2,
      "color": "#F6FA31",
      "shape": "loop",
      "center": [
        -0.3326370615179049,
        -0.2875156210272436
      ],
      "amp": 0.18939343472416992,
      "phase": 4.912527237240588,
      "lobes": 2,
      "density": 21,
      "scale": 0.9472680528085611,
      "loop_exponent": 2.5
    }
  ]
}