{
  "product_id": "597957141979",
  "seed": 3714903998,
  "colors": [
    "#1EF1F2",
    "#DC4FDD",
    "#F6FA31"
  ],
  "shape_types": [
    "loop",
    "arc",
    "leaf"
  ],
  "size": 800,
  "per_shape": [
    {
      "index": 0,
      "color": "#1EF1F2",
      "shape": "loop",
      "center": [
        0.24682296673267323,
        -0.040845111925717936
      ],
      "amp": 0.19827145845511412,
      "phase": 0.3647767780638965,
      "lobes": 2,
      "density": 31,
      "scale": 1.0351127605775692,
      "loop_exponent": 2.5
    },
    {
      "index": 1,
      "color": "#DC4FDD",
      "shape": "arc",
      "center": [
        0.010278537290638934,
        -0.2778844769873492
      ],
      "amp": 0.2710845423985155,
      "phase": 3.1766915210334647,
      "lobes": 4,
      "density": 18,
      "scale": 1.1171753550272103
    },
    {
      "index": 2,
      "color": "#F6FA31",
      "shape": "leaf",
      "center": [
        -0.25784277888853335,
        0.08370408566962578
      ],
      "amp": 0.22318687678582505,
      "phase": 3.3031856758362976,
      "lobes": 3,
      "density": 25,
      "scale": 0.9277445425839372,
      "leaf_type": "heart_polar_r=1-sin(theta+phase)"
    }
  ]
}