{
  "product_id": "597957147615",
  "seed": 261183691,
  "colors": [
    "#1EF1F2",
    "#DC4FDD",
    "#F6FA31"
  ],
  "shape_types": [
    "arc",
    "leaf",
    "oval"
  ],
  "size": 800,
  "per_shape": [
    {
      "index": 0,
      "color": "#1EF1F2",
      "shape": "arc",
      "center": [
        0.38239587852645895,
        0.12451079082263639
      ],
      "amp": 0.1354938948130136,
      "phase": 2.8446273193713223,
      "lobes": 4,
      "density": 25,
      "scale": 0.9630796949030298
    },
    {
      "index": 1,
      "color": "#DC4FDD",
      "shape": "leaf",
      "center": [
        -0.3669066721290333,
        -0.3448748971147212
      ],
      "amp": 0.22523589194376703,
      "phase": 5.86107963655544,
      "lobes": 2,
      "density": 34,
      "scale": 0.85484130550151,
      "leaf_type": "heart_polar_r=1-sin(theta+phase)"
    },
    {
      "index": 2,
      "color": "#F6FA31",
      "shape": "oval",
      "center": [
        -0.027993656465925,
        0.34744373278231666
      ],
      "amp": 0.20881028329911266,
      "phase": 1.768637609898097,
      "lobes": 3,
      "density": 27,
      "scale": 0.9421220559778545,
      "oval_a": 1.1989272972030456,
      "oval_b": 0.8304684229005371
    }
  ]
}