{
  "product_id": "597957143661",
  "seed": 1283482832,
  "colors": [
    "#1EF1F2",
    "#DC4FDD",
    "#F6FA31"
  ],
  "shape_types": [
    "oval",
    "leaf",
    "loop"
  ],
  "size": 800,
  "per_shape": [
    {
      "index": 0,
      "color": "#1EF1F2",
      "shape": "oval",
      "center": [
        -0.2747733352642967,
        -0.01186927818714334
      ],
      "amp": 0.09309109390566624,
      "phase": 3.100262501113889,
      "lobes": 3,
      "density": 34,
      "scale": 0.8251703302891032,
      "oval_a": 1.2023497304147022,
      "oval_b": 0.8424573638229782
    },
    {
      "index": 1,
      "color": "#DC4FDD",
      "shape": "leaf",
      "center": [
        0.2551418201821528,
        -0.09193577741207803
      ],
      "amp": 0.11493320689927135,
      "phase": 1.072826723251679,
      "lobes": 2,
      "density": 19,
      "scale": 0.9413500194511575,
      "leaf_type": "heart_polar_r=1-sin(theta+phase)"
    },
    {
      "index": 2,
      "color": "#F6FA31",
      "shape": "loop",
      "center": [
        0.2322329495658224,
        0.36748071930224224
      ],
      "amp": 0.27406602769565896,
      "phase": 5.1961720140761205,
      "lobes": 2,
      "density": 36,
      "scale": 0.8779958015689119,
      "loop_exponent": 2.5
    }
  ]
}