{
  "product_id": "597957147747",
  "seed": 890348276,
  "colors": [
    "#1EF1F2",
    "#DC4FDD",
    "#F6FA31"
  ],
  "shape_types": [
    "oval",
    "arc",
    "loop"
  ],
  "size": 800,
  "per_shape": [
    {
      "index": 0,
      "color": "#1EF1F2",
      "shape": "oval",
      "center": [
        -0.2383566256047235,
        -0.13294215466070008
      ],
      "amp": 0.06232829704757613,
      "phase": 2.994124560305149,
      "lobes": 2,
      "density": 28,
      "scale": 1.0180633593385313,
      "oval_a": 1.1073627262418289,
      "oval_b": 0.71276460439561
    },
    {
      "index": 1,
      "color": "#DC4FDD",
      "shape": "arc",
      "center": [
        0.01690494420609101,
        -0.00685195674914213
      ],
      "amp": 0.0922666874639861,
      "phase": 2.5383792347139407,
      "lobes": 4,
      "density": 19,
      "scale": 0.9778302684483968
    },
    {
      "index": 2,
      "color": "#F6FA31",
      "shape": "loop",
      "center": [
        0.349513594698468,
        -0.1547991424162296
      ],
      "amp": 0.26480970536205617,
      "phase": 4.402882396431411,
      "lobes": 4,
      "density": 19,
      "scale": 0.8875825790128354,
      "loop_exponent": 2.5
    }
  ]
}