{
  "product_id": "597957139135",
  "seed": 2012868607,
  "colors": [
    "#1EF1F2",
    "#DC4FDD",
    "#F6FA31"
  ],
  "shape_types": [
    "oval",
    "arc",
    "leaf"
  ],
  "size": 800,
  "per_shape": [
    {
      "index": 0,
      "color": "#1EF1F2",
      "shape": "oval",
      "center": [
        -0.20643365799979982,
        0.04075906851372324
      ],
      "amp": 0.2792521061807938,
      "phase": 0.9969183064793818,
      "lobes": 2,
      "density": 26,
      "scale": 1.1297802499769287,
      "oval_a": 1.2948798908783472,
      "oval_b": 0.7976650811639117
    },
    {
      "index": 1,
      "color": "#DC4FDD",
      "shape": "arc",
      "center": [
        0.05339964646709755,
        -0.08469572878824516
      ],
      "amp": 0.22656687223704675,
      "phase": 1.8132743808744958,
      "lobes": 4,
      "density": 34,
      "scale": 0.8438170351486981
    },
    {
      "index": 2,
      "color": "#F6FA31",
      "shape": "leaf",
      "center": [
        0.05735936166780481,
        -0.0876283554695757
      ],
      "amp": 0.10441490238835281,
      "phase": 0.3109421738327905,
      "lobes": 3,
      "density": 30,
      "scale": 0.8681520162950965,
      "leaf_type": "heart_polar_r=1-sin(theta+phase)"
    }
  ]
}