{
  "product_id": "597957146967",
  "seed": 1625863948,
  "colors": [
    "#1EF1F2",
    "#DC4FDD",
    "#F6FA31"
  ],
  "shape_types": [
    "leaf",
    "loop",
    "arc"
  ],
  "size": 800,
  "per_shape": [
    {
      "index": 0,
      "color": "#1EF1F2",
      "shape": "leaf",
      "center": [
        -0.09414895064371781,
        -0.1295251915916582
      ],
      "amp": 0.13728985997250448,
      "phase": 1.0814373733348495,
      "lobes": 2,
      "density": 30,
      "scale": 0.8216785491026304,
      "leaf_type": "heart_polar_r=1-sin(theta+phase)"
    },
    {
      "index": 1,
      "color": "#DC4FDD",
      "shape": "loop",
      "center": [
        0.09311115477321835,
        0.26563852177570835
      ],
      "amp": 0.1168806682544888,
      "phase": 6.1047044832869375,
      "lobes": 3,
      "density": 33,
      "scale": 1.140510108449983,
      "loop_exponent": 2.5
    },
    {
      "index": 2,
      "color": "#F6FA31",
      "shape": "arc",
      "center": [
        0.1907589596999445,
        0.006907815051385768
      ],
      "amp": 0.28003786879837217,
      "phase": 1.196624543413921,
      "lobes": 3,
      "density": 30,
      "scale": 1.1760682308421766
    }
  ]
}