{
  "product_id": "597957147415",
  "seed": 419368189,
  "colors": [
    "#1EF1F2",
    "#DC4FDD",
    "#F6FA31"
  ],
  "shape_types": [
    "leaf",
    "loop",
    "arc"
  ],
  "size": 800,
  "per_shape": [
    {
      "index": 0,
      "color": "#1EF1F2",
      "shape": "leaf",
      "center": [
        0.014469122003818224,
        0.34523692497633174
      ],
      "amp": 0.23119138492769076,
      "phase": 0.3896878335793201,
      "lobes": 4,
      "density": 30,
      "scale": 1.0101229661662348,
      "leaf_type": "heart_polar_r=1-sin(theta+phase)"
    },
    {
      "index": 1,
      "color": "#DC4FDD",
      "shape": "loop",
      "center": [
        0.2197344064392267,
        0.23818015527806846
      ],
      "amp": 0.06715214244169161,
      "phase": 0.4675401264710336,
      "lobes": 4,
      "density": 36,
      "scale": 0.8106174410976801,
      "loop_exponent": 2.5
    },
    {
      "index": 2,
      "color": "#F6FA31",
      "shape": "arc",
      "center": [
        -0.0841683771424514,
        0.2899228549773024
      ],
      "amp": 0.10603281919516937,
      "phase": 3.582413626536055,
      "lobes": 3,
      "density": 32,
      "scale": 0.9480192273893474
    }
  ]
}