{
  "product_id": "597957147839",
  "seed": 804933358,
  "colors": [
    "#1EF1F2",
    "#DC4FDD",
    "#F6FA31"
  ],
  "shape_types": [
    "arc",
    "loop",
    "leaf"
  ],
  "size": 800,
  "per_shape": [
    {
      "index": 0,
      "color": "#1EF1F2",
      "shape": "arc",
      "center": [
        0.06763963599641387,
        0.13122509751706346
      ],
      "amp": 0.20767637493152086,
      "phase": 1.5568515588641083,
      "lobes": 4,
      "density": 19,
      "scale": 0.9103017722817711
    },
    {
      "index": 1,
      "color": "#DC4FDD",
      "shape": "loop",
      "center": [
        0.17475466761789327,
        -0.3424029712246839
      ],
      "amp": 0.21715907956767416,
      "phase": 4.795413876867914,
      "lobes": 2,
      "density": 35,
      "scale": 1.0493004061668065,
      "loop_exponent": 2.5
    },
    {
      "index": 2,
      "color": "#F6FA31",
      "shape": "leaf",
      "center": [
        -0.05959083478951166,
        -0.09024529090332462
      ],
      "amp": 0.16176817338978294,
      "phase": 0.8881553667716725,
      "lobes": 4,
      "density": 27,
      "scale": 1.0411760362548386,
      "leaf_type": "heart_polar_r=1-sin(theta+phase)"
    }
  ]
}