{
  "product_id": "597957143315",
  "seed": 310709742,
  "colors": [
    "#1EF1F2",
    "#DC4FDD",
    "#F6FA31"
  ],
  "shape_types": [
    "loop",
    "oval",
    "leaf"
  ],
  "size": 800,
  "per_shape": [
    {
      "index": 0,
      "color": "#1EF1F2",
      "shape": "loop",
      "center": [
        0.22293053777584615,
        0.345907145749875
      ],
      "amp": 0.13127253414767076,
      "phase": 0.8163339352835749,
      "lobes": 2,
      "density": 22,
      "scale": 1.0583881972202946,
      "loop_exponent": 2.5
    },
    {
      "index": 1,
      "color": "#DC4FDD",
      "shape": "oval",
      "center": [
        -0.2042458503111928,
        0.38220794641767064
      ],
      "amp": 0.17737998287284695,
      "phase": 5.442537323951476,
      "lobes": 2,
      "density": 33,
      "scale": 1.0058789608654333,
      "oval_a": 1.2401456893057818,
      "oval_b": 0.7414990578193306
    },
    {
      "index": 2,
      "color": "#F6FA31",
      "shape": "leaf",
      "center": [
        0.18225780564609617,
        -0.35375591711082105
      ],
      "amp": 0.12676676480170906,
      "phase": 0.660735230359707,
      "lobes": 4,
      "density": 18,
      "scale": 1.1359755889420315,
      "leaf_type": "heart_polar_r=1-sin(theta+phase)"
    }
  ]
}