{
  "product_id": "597957145701",
  "seed": 2669731648,
  "colors": [
    "#1EF1F2",
    "#DC4FDD",
    "#F6FA31"
  ],
  "shape_types": [
    "loop",
    "oval",
    "arc"
  ],
  "size": 800,
  "per_shape": [
    {
      "index": 0,
      "color": "#1EF1F2",
      "shape": "loop",
      "center": [
        0.175779904715901,
        -0.24394901350574277
      ],
      "amp": 0.24172785752172732,
      "phase": 3.65612168609027,
      "lobes": 3,
      "density": 36,
      "scale": 1.0216038630421824,
      "loop_exponent": 2.5
    },
    {
      "index": 1,
      "color": "#DC4FDD",
      "shape": "oval",
      "center": [
        -0.1967864227125393,
        -0.01131189059567117
      ],
      "amp": 0.26895702453572384,
      "phase": 3.792282508055042,
      "lobes": 2,
      "density": 29,
      "scale": 1.1127211311529255,
      "oval_a": 1.2111067383123812,
      "oval_b": 0.8959200250192778
    },
    {
      "index": 2,
      "color": "#F6FA31",
      "shape": "arc",
      "center": [
        0.11262031097914749,
        0.08882249791502844
      ],
      "amp": 0.1323261734534193,
      "phase": 4.460537579528573,
      "lobes": 4,
      "density": 24,
      "scale": 1.158737711246022
    }
  ]
}