{
  "product_id": "597957142973",
  "seed": 1954222336,
  "colors": [
    "#1EF1F2",
    "#DC4FDD",
    "#F6FA31"
  ],
  "shape_types": [
    "loop",
    "arc",
    "oval"
  ],
  "size": 800,
  "per_shape": [
    {
      "index": 0,
      "color": "#1EF1F2",
      "shape": "loop",
      "center": [
        0.3247290805874392,
        0.1264466796471314
      ],
      "amp": 0.06333079221333159,
      "phase": 1.9208512108909819,
      "lobes": 2,
      "density": 25,
      "scale": 0.8009601828758853,
      "loop_exponent": 2.5
    },
    {
      "index": 1,
      "color": "#DC4FDD",
      "shape": "arc",
      "center": [
        0.07106991046565608,
        0.07682136073793205
      ],
      "amp": 0.09649316082755192,
      "phase": 5.190712463022888,
      "lobes": 2,
      "density": 36,
      "scale": 1.1111257078386942
    },
    {
      "index": 2,
      "color": "#F6FA31",
      "shape": "oval",
      "center": [
        -0.1426288562584686,
        0.2007534851389291
      ],
      "amp": 0.14475809084051366,
      "phase": 4.03568161883919,
      "lobes": 2,
      "density": 28,
      "scale": 0.8467404563005811,
      "oval_a": 1.1650654910418188,
      "oval_b": 0.8135296085988829
    }
  ]
}