{
  "product_id": "597957142181",
  "seed": 3078641338,
  "colors": [
    "#1EF1F2",
    "#DC4FDD",
    "#F6FA31"
  ],
  "shape_types": [
    "leaf",
    "arc",
    "oval"
  ],
  "size": 800,
  "per_shape": [
    {
      "index": 0,
      "color": "#1EF1F2",
      "shape": "leaf",
      "center": [
        -0.05651542761893885,
        0.18585630317932644
      ],
      "amp": 0.2944105225628551,
      "phase": 2.276885305902194,
      "lobes": 3,
      "density": 27,
      "scale": 1.0158998628348808,
      "leaf_type": "heart_polar_r=1-sin(theta+phase)"
    },
    {
      "index": 1,
      "color": "#DC4FDD",
      "shape": "arc",
      "center": [
        0.31318453946058433,
        -0.15640189386919162
      ],
      "amp": 0.10147323455194189,
      "phase": 4.578637319096008,
      "lobes": 2,
      "density": 28,
      "scale": 1.1046333054538906
    },
    {
      "index": 2,
      "color": "#F6FA31",
      "shape": "oval",
      "center": [
        -0.027178619942523796,
        0.32630913002263684
      ],
      "amp": 0.12906728456863836,
      "phase": 0.03838653697632073,
      "lobes": 2,
      "density": 24,
      "scale": 1.1855649050277848,
      "oval_a": 1.155509560393074,
      "oval_b": 0.8951573819115435
    }
  ]
}