{
  "product_id": "597957140387",
  "seed": 3291270115,
  "colors": [
    "#1EF1F2",
    "#DC4FDD",
    "#F6FA31"
  ],
  "shape_types": [
    "leaf",
    "oval",
    "arc"
  ],
  "size": 800,
  "per_shape": [
    {
      "index": 0,
      "color": "#1EF1F2",
      "shape": "leaf",
      "center": [
        -0.2495059717386906,
        -0.13767263333430696
      ],
      "amp": 0.24920681663180771,
      "phase": 4.276702588160491,
      "lobes": 2,
      "density": 24,
      "scale": 1.0529803200988845,
      "leaf_type": "heart_polar_r=1-sin(theta+phase)"
    },
    {
      "index": 1,
      "color": "#DC4FDD",
      "shape": "oval",
      "center": [
        -0.310864826247469,
        -0.021769844785197834
      ],
      "amp": 0.28786824178543485,
      "phase": 5.6911352504220165,
      "lobes": 3,
      "density": 20,
      "scale": 1.1731105639011068,
      "oval_a": 1.1376384845675365,
      "oval_b": 0.7068123308051337
    },
    {
      "index": 2,
      "color": "#F6FA31",
      "shape": "arc",
      "center": [
        -0.3952974154051463,
        -0.2091742814481198
      ],
      "amp": 0.23373734728590873,
      "phase": 0.8432698283387028,
      "lobes": 2,
      "density": 34,
      "scale": 0.910647156222829
    }
  ]
}