{
  "product_id": "597957143303",
  "seed": 2704144495,
  "colors": [
    "#1EF1F2",
    "#DC4FDD",
    "#F6FA31"
  ],
  "shape_types": [
    "arc",
    "oval",
    "loop"
  ],
  "size": 800,
  "per_shape": [
    {
      "index": 0,
      "color": "#1EF1F2",
      "shape": "arc",
      "center": [
        -0.2867723819216423,
        -0.11573065997092352
      ],
      "amp": 0.1980626186972645,
      "phase": 0.39692281127682794,
      "lobes": 2,
      "density": 24,
      "scale": 1.0487499352089054
    },
    {
      "index": 1,
      "color": "#DC4FDD",
      "shape": "oval",
      "center": [
        -0.21997169087885374,
        -0.28517916022979384
      ],
      "amp": 0.2567453449473438,
      "phase": 4.639671639659233,
      "lobes": 2,
      "density": 23,
      "scale": 1.021917471648928,
      "oval_a": 1.2675708753373844,
      "oval_b": 0.786927280476316
    },
    {
      "index": 2,
      "color": "#F6FA31",
      "shape": "loop",
      "center": [
        -0.24012003671320628,
        0.023108702486111743
      ],
      "amp": 0.29127452831267775,
      "phase": 0.743396502724046,
      "lobes": 3,
      "density": 36,
      "scale": 1.1810527217757911,
      "loop_exponent": 2.5
    }
  ]
}