{
  "product_id": "597957147233",
  "seed": 3157063852,
  "colors": [
    "#1EF1F2",
    "#DC4FDD",
    "#F6FA31"
  ],
  "shape_types": [
    "arc",
    "loop",
    "oval"
  ],
  "size": 800,
  "per_shape": [
    {
      "index": 0,
      "color": "#1EF1F2",
      "shape": "arc",
      "center": [
        -0.2590440435473911,
        -0.04980798629149846
      ],
      "amp": 0.09740639803840674,
      "phase": 4.417271889776995,
      "lobes": 2,
      "density": 32,
      "scale": 1.0379001465017814
    },
    {
      "index": 1,
      "color": "#DC4FDD",
      "shape": "loop",
      "center": [
        -0.0868233900079966,
        -0.13388165465658786
      ],
      "amp": 0.10612431231234122,
      "phase": 1.6617574529309855,
      "lobes": 2,
      "density": 30,
      "scale": 1.0202600252133587,
      "loop_exponent": 2.5
    },
    {
      "index": 2,
      "color": "#F6FA31",
      "shape": "oval",
      "center": [
        -0.1840784800311302,
        -0.0733244374843321
      ],
      "amp": 0.27220903076748887,
      "phase": 1.7683526285242646,
      "lobes": 3,
      "density": 27,
      "scale": 1.0348054896735255,
      "oval_a": 1.1305188543808116,
      "oval_b": 0.8951979566415642
    }
  ]
}