{
  "product_id": "597957144193",
  "seed": 991543858,
  "colors": [
    "#1EF1F2",
    "#DC4FDD",
    "#F6FA31"
  ],
  "shape_types": [
    "oval",
    "leaf",
    "arc"
  ],
  "size": 800,
  "per_shape": [
    {
      "index": 0,
      "color": "#1EF1F2",
      "shape": "oval",
      "center": [
        0.3062336629328386,
        -0.10600332847528177
      ],
      "amp": 0.2579483103573038,
      "phase": 1.8085252535325587,
      "lobes": 2,
      "density": 35,
      "scale": 1.0693987748047684,
      "oval_a": 1.180052864476838,
      "oval_b": 0.7580959869138225
    },
    {
      "index": 1,
      "color": "#DC4FDD",
      "shape": "leaf",
      "center": [
        -0.09334188086934503,
        -0.2787343657730092
      ],
      "amp": 0.08009931007806438,
      "phase": 1.6015280092588458,
      "lobes": 2,
      "density": 18,
      "scale": 0.8976111136707223,
      "leaf_type": "heart_polar_r=1-sin(theta+phase)"
    },
    {
      "index": 2,
      "color": "#F6FA31",
      "shape": "arc",
      "center": [
        0.12222482275614577,
        0.2519595169075505
      ],
      "amp": 0.054065739354772754,
      "phase": 1.559167850412532,
      "lobes": 2,
      "density": 21,
      "scale": 0.9680926120751323
    }
  ]
}