{
  "product_id": "597957145445",
  "seed": 1657863695,
  "colors": [
    "#1EF1F2",
    "#DC4FDD",
    "#F6FA31"
  ],
  "shape_types": [
    "oval",
    "loop",
    "arc"
  ],
  "size": 800,
  "per_shape": [
    {
      "index": 0,
      "color": "#1EF1F2",
      "shape": "oval",
      "center": [
        -0.21377953830541996,
        -0.2506867512676696
      ],
      "amp": 0.16877841588761344,
      "phase": 4.083879645711092,
      "lobes": 4,
      "density": 18,
      "scale": 1.0663535059874674,
      "oval_a": 1.1882609387229384,
      "oval_b": 0.8240861603847173
    },
    {
      "index": 1,
      "color": "#DC4FDD",
      "shape": "loop",
      "center": [
        0.283963201589554,
        -0.3826180774393455
      ],
      "amp": 0.20214641249765547,
      "phase": 3.3321238133081263,
      "lobes": 2,
      "density": 34,
      "scale": 1.1733675065510896,
      "loop_exponent": 2.5
    },
    {
      "index": 2,
      "color": "#F6FA31",
      "shape": "arc",
      "center": [
        0.21924515999869865,
        0.022994250223323687
      ],
      "amp": 0.1328019855807398,
      "phase": 2.699171901771227,
      "lobes": 2,
      "density": 25,
      "scale": 1.082816286409256
    }
  ]
}