{
  "product_id": "597957138821",
  "seed": 462880037,
  "colors": [
    "#1EF1F2",
    "#DC4FDD",
    "#F6FA31"
  ],
  "shape_types": [
    "loop",
    "oval",
    "leaf"
  ],
  "size": 800,
  "per_shape": [
    {
      "index": 0,
      "color": "#1EF1F2",
      "shape": "loop",
      "center": [
        0.19560741496434308,
        0.15992291323375651
      ],
      "amp": 0.2606799549255656,
      "phase": 0.14302367716301712,
      "lobes": 4,
      "density": 20,
      "scale": 1.1715428068829883,
      "loop_exponent": 2.5
    },
    {
      "index": 1,
      "color": "#DC4FDD",
      "shape": "oval",
      "center": [
        -0.09005964641123321,
        -0.3608766405794961
      ],
      "amp": 0.2772182711153609,
      "phase": 0.33880800049453397,
      "lobes": 3,
      "density": 18,
      "scale": 1.0002071949899056,
      "oval_a": 1.1436962194163982,
      "oval_b": 0.7602050497995531
    },
    {
      "index": 2,
      "color": "#F6FA31",
      "shape": "leaf",
      "center": [
        -0.22266305597975988,
        -0.39149423813019396
      ],
      "amp": 0.12841846880664387,
      "phase": 2.2936902182697483,
      "lobes": 4,
      "density": 18,
      "scale": 1.136926724895035,
      "leaf_type": "heart_polar_r=1-sin(theta+phase)"
    }
  ]
}