{
  "product_id": "597957147403",
  "seed": 2618115008,
  "colors": [
    "#1EF1F2",
    "#DC4FDD",
    "#F6FA31"
  ],
  "shape_types": [
    "oval",
    "loop",
    "arc"
  ],
  "size": 800,
  "per_shape": [
    {
      "index": 0,
      "color": "#1EF1F2",
      "shape": "oval",
      "center": [
        -0.13307463074686388,
        -0.30260885126668635
      ],
      "amp": 0.14321964474268423,
      "phase": 3.8029196572627963,
      "lobes": 4,
      "density": 35,
      "scale": 0.9515126607428975,
      "oval_a": 1.2837429085417862,
      "oval_b": 0.7263881678143398
    },
    {
      "index": 1,
      "color": "#DC4FDD",
      "shape": "loop",
      "center": [
        0.3445048781195067,
        0.39369164896797393
      ],
      "amp": 0.2518270269583256,
      "phase": 3.0313628234798897,
      "lobes": 2,
      "density": 27,
      "scale": 0.9478286380874056,
      "loop_exponent": 2.5
    },
    {
      "index": 2,
      "color": "#F6FA31",
      "shape": "arc",
      "center": [
        -0.24786623255516044,
        -0.34525372861178694
      ],
      "amp": 0.050384733641979665,
      "phase": 2.5594380673375587,
      "lobes": 2,
      "density": 23,
      "scale": 1.191422287778923
    }
  ]
}