{
  "product_id": "597957144649",
  "seed": 2051668854,
  "colors": [
    "#1EF1F2",
    "#DC4FDD",
    "#F6FA31"
  ],
  "shape_types": [
    "leaf",
    "arc",
    "oval"
  ],
  "size": 800,
  "per_shape": [
    {
      "index": 0,
      "color": "#1EF1F2",
      "shape": "leaf",
      "center": [
        0.07844845891299401,
        -0.20667503574086324
      ],
      "amp": 0.0696002949633396,
      "phase": 2.5966123180122764,
      "lobes": 3,
      "density": 36,
      "scale": 0.9537232902548052,
      "leaf_type": "heart_polar_r=1-sin(theta+phase)"
    },
    {
      "index": 1,
      "color": "#DC4FDD",
      "shape": "arc",
      "center": [
        0.29032049797895765,
        -0.3475436272332868
      ],
      "amp": 0.19192746377709674,
      "phase": 3.4963559255091776,
      "lobes": 3,
      "density": 30,
      "scale": 0.8195751781861018
    },
    {
      "index": 2,
      "color": "#F6FA31",
      "shape": "oval",
      "center": [
        -0.24605701693574542,
        -0.1634730761888612
      ],
      "amp": 0.14165115740538325,
      "phase": 3.5733101155986797,
      "lobes": 2,
      "density": 34,
      "scale": 0.9755027688866854,
      "oval_a": 1.2313178505516884,
      "oval_b": 0.7878696719728224
    }
  ]
}