{
  "product_id": "597957140237",
  "seed": 221427400,
  "colors": [
    "#1EF1F2",
    "#DC4FDD",
    "#F6FA31"
  ],
  "shape_types": [
    "loop",
    "leaf",
    "oval"
  ],
  "size": 800,
  "per_shape": [
    {
      "index": 0,
      "color": "#1EF1F2",
      "shape": "loop",
      "center": [
        -0.3547791055120601,
        -0.08200106975416988
      ],
      "amp": 0.21452433251398229,
      "phase": 2.037652045657076,
      "lobes": 3,
      "density": 34,
      "scale": 1.035487862588787,
      "loop_exponent": 2.5
    },
    {
      "index": 1,
      "color": "#DC4FDD",
      "shape": "leaf",
      "center": [
        0.26319074047276014,
        0.2367548473985155
      ],
      "amp": 0.0834267603473982,
      "phase": 3.780172149943169,
      "lobes": 3,
      "density": 36,
      "scale": 1.1041410152639162,
      "leaf_type": "heart_polar_r=1-sin(theta+phase)"
    },
    {
      "index": 2,
      "color": "#F6FA31",
      "shape": "oval",
      "center": [
        0.1854995687601565,
        0.37561944606727715
      ],
      "amp": 0.23672952629446653,
      "phase": 1.0914309939310904,
      "lobes": 4,
      "density": 29,
      "scale": 0.9882834400803815,
      "oval_a": 1.2252498287548108,
      "oval_b": 0.8480163733345168
    }
  ]
}