{
  "product_id": "597957142119",
  "seed": 2614299563,
  "colors": [
    "#1EF1F2",
    "#DC4FDD",
    "#F6FA31"
  ],
  "shape_types": [
    "arc",
    "oval",
    "loop"
  ],
  "size": 800,
  "per_shape": [
    {
      "index": 0,
      "color": "#1EF1F2",
      "shape": "arc",
      "center": [
        0.2610417467242421,
        -0.1406323834276399
      ],
      "amp": 0.27507808276125,
      "phase": 5.243399617656174,
      "lobes": 4,
      "density": 35,
      "scale": 1.1148085312736555
    },
    {
      "index": 1,
      "color": "#DC4FDD",
      "shape": "oval",
      "center": [
        0.3533570987720903,
        -0.3596390747171048
      ],
      "amp": 0.2568747964656369,
      "phase": 0.8164096148260648,
      "lobes": 4,
      "density": 23,
      "scale": 1.1652046665121718,
      "oval_a": 1.1817969385114668,
      "oval_b": 0.8150932282272836
    },
    {
      "index": 2,
      "color": "#F6FA31",
      "shape": "loop",
      "center": [
        0.09580936297512876,
        0.22876615175697068
      ],
      "amp": 0.22575880552626765,
      "phase": 4.831965591903994,
      "lobes": 3,
      "density": 32,
      "scale": 0.8220863429674509,
      "loop_exponent": 2.5
    }
  ]
}