{
  "product_id": "597957142857",
  "seed": 1330907129,
  "colors": [
    "#1EF1F2",
    "#DC4FDD",
    "#F6FA31"
  ],
  "shape_types": [
    "leaf",
    "loop",
    "oval"
  ],
  "size": 800,
  "per_shape": [
    {
      "index": 0,
      "color": "#1EF1F2",
      "shape": "leaf",
      "center": [
        -0.17608025137833155,
        -0.18946765956844447
      ],
      "amp": 0.19211433672134465,
      "phase": 3.1532855922964025,
      "lobes": 4,
      "density": 35,
      "scale": 0.8094023087235409,
      "leaf_type": "heart_polar_r=1-sin(theta+phase)"
    },
    {
      "index": 1,
      "color": "#DC4FDD",
      "shape": "loop",
      "center": [
        0.02234227421783508,
        0.08677998654905583
      ],
      "amp": 0.25090887536044154,
      "phase": 4.902921113312071,
      "lobes": 4,
      "density": 21,
      "scale": 1.0062906462679415,
      "loop_exponent": 2.5
    },
    {
      "index": 2,
      "color": "#F6FA31",
      "shape": "oval",
      "center": [
        0.1486399972917385,
        0.28025117883011774
      ],
      "amp": 0.2774087467772484,
      "phase": 0.5807742144410541,
      "lobes": 3,
      "density": 25,
      "scale": 1.0119275537422543,
      "oval_a": 1.273983848063411,
      "oval_b": 0.7859935754100187
    }
  ]
}