{
  "product_id": "597957148109",
  "seed": 1003623859,
  "colors": [
    "#1EF1F2",
    "#DC4FDD",
    "#F6FA31"
  ],
  "shape_types": [
    "arc",
    "oval",
    "leaf"
  ],
  "size": 800,
  "per_shape": [
    {
      "index": 0,
      "color": "#1EF1F2",
      "shape": "arc",
      "center": [
        -0.276284847767778,
        -0.23075057750983996
      ],
      "amp": 0.15177553717570091,
      "phase": 5.186474662518225,
      "lobes": 3,
      "density": 34,
      "scale": 0.9864388057518795
    },
    {
      "index": 1,
      "color": "#DC4FDD",
      "shape": "oval",
      "center": [
        0.15786039408276198,
        0.03946248289638976
      ],
      "amp": 0.2054051072639959,
      "phase": 4.23765364832942,
      "lobes": 2,
      "density": 22,
      "scale": 0.9498354641240302,
      "oval_a": 1.1710513340220183,
      "oval_b": 0.7689102231330447
    },
    {
      "index": 2,
      "color": "#F6FA31",
      "shape": "leaf",
      "center": [
        -0.13356969107593958,
        0.17404506094105754
      ],
      "amp": 0.1984441861857706,
      "phase": 3.133153075430947,
      "lobes": 2,
      "density": 25,
      "scale": 1.0660804546291998,
      "leaf_type": "heart_polar_r=1-sin(theta+phase)"
    }
  ]
}