{
  "product_id": "597957138817",
  "seed": 403128343,
  "colors": [
    "#1EF1F2",
    "#DC4FDD",
    "#F6FA31"
  ],
  "shape_types": [
    "oval",
    "loop",
    "arc"
  ],
  "size": 800,
  "per_shape": [
    {
      "index": 0,
      "color": "#1EF1F2",
      "shape": "oval",
      "center": [
        0.3563889445745332,
        -0.027827687489909547
      ],
      "amp": 0.20815968757679104,
      "phase": 4.281428750169968,
      "lobes": 4,
      "density": 19,
      "scale": 1.1072947819487131,
      "oval_a": 1.2197241793455715,
      "oval_b": 0.8991550224694012
    },
    {
      "index": 1,
      "color": "#DC4FDD",
      "shape": "loop",
      "center": [
        0.07719676326577102,
        0.3953177406066346
      ],
      "amp": 0.22925541403109867,
      "phase": 4.6706849201929685,
      "lobes": 4,
      "density": 30,
      "scale": 1.188151640592924,
      "loop_exponent": 2.5
    },
    {
      "index": 2,
      "color": "#F6FA31",
      "shape": "arc",
      "center": [
        0.05294727354830753,
        -0.12372465816656542
      ],
      "amp": 0.10713839160541587,
      "phase": 0.763478283263519,
      "lobes": 2,
      "density": 24,
      "scale": 0.8313116588839842
    }
  ]
}