{
  "product_id": "597957140187",
  "seed": 2722223366,
  "colors": [
    "#1EF1F2",
    "#DC4FDD",
    "#F6FA31"
  ],
  "shape_types": [
    "leaf",
    "loop",
    "oval"
  ],
  "size": 800,
  "per_shape": [
    {
      "index": 0,
      "color": "#1EF1F2",
      "shape": "leaf",
      "center": [
        0.07034804606619394,
        0.18849207502290488
      ],
      "amp": 0.1976717252908617,
      "phase": 4.964561802724447,
      "lobes": 3,
      "density": 24,
      "scale": 0.9409536584082572,
      "leaf_type": "heart_polar_r=1-sin(theta+phase)"
    },
    {
      "index": 1,
      "color": "#DC4FDD",
      "shape": "loop",
      "center": [
        -0.2149278132546324,
        -0.10791907288167746
      ],
      "amp": 0.12377039346788758,
      "phase": 4.065281096170403,
      "lobes": 4,
      "density": 20,
      "scale": 0.8360674612120265,
      "loop_exponent": 2.5
    },
    {
      "index": 2,
      "color": "#F6FA31",
      "shape": "oval",
      "center": [
        0.09805564619653911,
        -0.16017802640178935
      ],
      "amp": 0.09580233266415046,
      "phase": 3.5988699191865132,
      "lobes": 3,
      "density": 26,
      "scale": 1.1343057515938948,
      "oval_a": 1.2526931549823974,
      "oval_b": 0.8865632008695024
    }
  ]
}