{
  "product_id": "597957147395",
  "seed": 2942646016,
  "colors": [
    "#1EF1F2",
    "#DC4FDD",
    "#F6FA31"
  ],
  "shape_types": [
    "leaf",
    "arc",
    "loop"
  ],
  "size": 800,
  "per_shape": [
    {
      "index": 0,
      "color": "#1EF1F2",
      "shape": "leaf",
      "center": [
        0.07970629221631037,
        -0.2065677382651032
      ],
      "amp": 0.11524260572607377,
      "phase": 3.845099400074322,
      "lobes": 3,
      "density": 31,
      "scale": 1.0535107751778314,
      "leaf_type": "heart_polar_r=1-sin(theta+phase)"
    },
    {
      "index": 1,
      "color": "#DC4FDD",
      "shape": "arc",
      "center": [
        -0.10310834511189565,
        -0.15155463153899584
      ],
      "amp": 0.23158964456357345,
      "phase": 3.0618664628683594,
      "lobes": 3,
      "density": 28,
      "scale": 0.9317764340561466
    },
    {
      "index": 2,
      "color": "#F6FA31",
      "shape": "loop",
      "center": [
        -0.27301839242676207,
        -0.12441897017258219
      ],
      "amp": 0.1723486688401536,
      "phase": 4.57969047142586,
      "lobes": 3,
      "density": 27,
      "scale": 1.1890919468510703,
      "loop_exponent": 2.5
    }
  ]
}