{
  "product_id": "597957144281",
  "seed": 3859703579,
  "colors": [
    "#1EF1F2",
    "#DC4FDD",
    "#F6FA31"
  ],
  "shape_types": [
    "arc",
    "loop",
    "leaf"
  ],
  "size": 800,
  "per_shape": [
    {
      "index": 0,
      "color": "#1EF1F2",
      "shape": "arc",
      "center": [
        -0.2818792074850377,
        0.11666540457839969
      ],
      "amp": 0.0747528828999846,
      "phase": 4.184862520101332,
      "lobes": 4,
      "density": 21,
      "scale": 0.8036532498792587
    },
    {
      "index": 1,
      "color": "#DC4FDD",
      "shape": "loop",
      "center": [
        0.075135700199146,
        0.2751136237726268
      ],
      "amp": 0.15569260986986577,
      "phase": 2.7966412738689024,
      "lobes": 3,
      "density": 20,
      "scale": 0.9109730916051965,
      "loop_exponent": 2.5
    },
    {
      "index": 2,
      "color": "#F6FA31",
      "shape": "leaf",
      "center": [
        0.010870012026493736,
        0.2699027062098296
      ],
      "amp": 0.2686672987088341,
      "phase": 3.8170577906061096,
      "lobes": 2,
      "density": 26,
      "scale": 1.096604936343966,
      "leaf_type": "heart_polar_r=1-sin(theta+phase)"
    }
  ]
}