{
  "product_id": "597957143181",
  "seed": 2191374131,
  "colors": [
    "#1EF1F2",
    "#DC4FDD",
    "#F6FA31"
  ],
  "shape_types": [
    "arc",
    "oval",
    "loop"
  ],
  "size": 800,
  "per_shape": [
    {
      "index": 0,
      "color": "#1EF1F2",
      "shape": "arc",
      "center": [
        -0.12555621291327812,
        0.24318783313979186
      ],
      "amp": 0.057923677016000055,
      "phase": 4.872674631632853,
      "lobes": 2,
      "density": 25,
      "scale": 1.18754574430451
    },
    {
      "index": 1,
      "color": "#DC4FDD",
      "shape": "oval",
      "center": [
        0.07415643701693952,
        -0.19649775475569387
      ],
      "amp": 0.12310797867073571,
      "phase": 1.0033724382199247,
      "lobes": 2,
      "density": 32,
      "scale": 0.8859778587345533,
      "oval_a": 1.123481999826637,
      "oval_b": 0.8926551567311454
    },
    {
      "index": 2,
      "color": "#F6FA31",
      "shape": "loop",
      "center": [
        0.01730494819308348,
        0.28839384304339166
      ],
      "amp": 0.1793387276054746,
      "phase": 0.5955729412369404,
      "lobes": 4,
      "density": 20,
      "scale": 0.8683501727570304,
      "loop_exponent": 2.5
    }
  ]
}