{
  "product_id": "597957143899",
  "seed": 1356723926,
  "colors": [
    "#1EF1F2",
    "#DC4FDD",
    "#F6FA31"
  ],
  "shape_types": [
    "loop",
    "leaf",
    "oval"
  ],
  "size": 800,
  "per_shape": [
    {
      "index": 0,
      "color": "#1EF1F2",
      "shape": "loop",
      "center": [
        0.05557637301166157,
        -0.34773373756101605
      ],
      "amp": 0.056888153108920134,
      "phase": 2.6425600088567016,
      "lobes": 3,
      "density": 36,
      "scale": 0.9018304998120913,
      "loop_exponent": 2.5
    },
    {
      "index": 1,
      "color": "#DC4FDD",
      "shape": "leaf",
      "center": [
        -0.03936239931274532,
        -0.012268939558805925
      ],
      "amp": 0.09266589612305952,
      "phase": 4.387899558739978,
      "lobes": 3,
      "density": 26,
      "scale": 0.9268606210241604,
      "leaf_type": "heart_polar_r=1-sin(theta+phase)"
    },
    {
      "index": 2,
      "color": "#F6FA31",
      "shape": "oval",
      "center": [
        -0.25177816469587244,
        0.14934300097023656
      ],
      "amp": 0.07961178813733026,
      "phase": 4.4884393290483615,
      "lobes": 3,
      "density": 26,
      "scale": 1.1972195017908964,
      "oval_a": 1.1344875329006405,
      "oval_b": 0.8351274017440968
    }
  ]
}