{
  "product_id": "597957145609",
  "seed": 1158891159,
  "colors": [
    "#1EF1F2",
    "#DC4FDD",
    "#F6FA31"
  ],
  "shape_types": [
    "oval",
    "leaf",
    "arc"
  ],
  "size": 800,
  "per_shape": [
    {
      "index": 0,
      "color": "#1EF1F2",
      "shape": "oval",
      "center": [
        0.37662780353784875,
        0.29096805629695754
      ],
      "amp": 0.2665890099081092,
      "phase": 2.5883549515960986,
      "lobes": 3,
      "density": 36,
      "scale": 0.8078606428825781,
      "oval_a": 1.2388836862797916,
      "oval_b": 0.84571611462598
    },
    {
      "index": 1,
      "color": "#DC4FDD",
      "shape": "leaf",
      "center": [
        0.06745538815534735,
        0.1832761826895718
      ],
      "amp": 0.06750380004591101,
      "phase": 6.242404416213274,
      "lobes": 3,
      "density": 30,
      "scale": 1.027190332298539,
      "leaf_type": "heart_polar_r=1-sin(theta+phase)"
    },
    {
      "index": 2,
      "color": "#F6FA31",
      "shape": "arc",
      "center": [
        -0.19682665302403413,
        -0.06200000538476064
      ],
      "amp": 0.1680972502244042,
      "phase": 5.797306543939314,
      "lobes": 4,
      "density": 28,
      "scale": 0.9769074940974111
    }
  ]
}