{
  "product_id": "597957140411",
  "seed": 3089403558,
  "colors": [
    "#1EF1F2",
    "#DC4FDD",
    "#F6FA31"
  ],
  "shape_types": [
    "loop",
    "leaf",
    "arc"
  ],
  "size": 800,
  "per_shape": [
    {
      "index": 0,
      "color": "#1EF1F2",
      "shape": "loop",
      "center": [
        0.32104026803402197,
        -0.020874777467615402
      ],
      "amp": 0.251209665977664,
      "phase": 4.642378234604354,
      "lobes": 4,
      "density": 32,
      "scale": 1.1702702484437344,
      "loop_exponent": 2.5
    },
    {
      "index": 1,
      "color": "#DC4FDD",
      "shape": "leaf",
      "center": [
        -0.2420216003250295,
        0.021425235089364225
      ],
      "amp": 0.2275972031810966,
      "phase": 6.023820498691448,
      "lobes": 3,
      "density": 19,
      "scale": 0.8918316192494545,
      "leaf_type": "heart_polar_r=1-sin(theta+phase)"
    },
    {
      "index": 2,
      "color": "#F6FA31",
      "shape": "arc",
      "center": [
        -0.32948451898856707,
        -0.3299203219570428
      ],
      "amp": 0.2561031122390121,
      "phase": 2.039617531102498,
      "lobes": 2,
      "density": 24,
      "scale": 0.9558222681694715
    }
  ]
}