{
  "product_id": "597957139553",
  "seed": 3203807822,
  "colors": [
    "#1EF1F2",
    "#DC4FDD",
    "#F6FA31"
  ],
  "shape_types": [
    "oval",
    "arc",
    "leaf"
  ],
  "size": 800,
  "per_shape": [
    {
      "index": 0,
      "color": "#1EF1F2",
      "shape": "oval",
      "center": [
        -0.3826667267633502,
        0.2744980633132591
      ],
      "amp": 0.273299512468447,
      "phase": 4.648060783923059,
      "lobes": 3,
      "density": 18,
      "scale": 1.0123357889201878,
      "oval_a": 1.2642822885662146,
      "oval_b": 0.7230035521820558
    },
    {
      "index": 1,
      "color": "#DC4FDD",
      "shape": "arc",
      "center": [
        -0.085863194804838,
        0.22243713895569994
      ],
      "amp": 0.13880415122690132,
      "phase": 0.8984255576951524,
      "lobes": 2,
      "density": 22,
      "scale": 1.0833659305201615
    },
    {
      "index": 2,
      "color": "#F6FA31",
      "shape": "leaf",
      "center": [
        0.014723343693570812,
        -0.17121690413498883
      ],
      "amp": 0.06530071741712216,
      "phase": 0.5456712366187771,
      "lobes": 4,
      "density": 33,
      "scale": 0.8063038866828233,
      "leaf_type": "heart_polar_r=1-sin(theta+phase)"
    }
  ]
}