{
  "product_id": "597957141257",
  "seed": 2573032674,
  "colors": [
    "#1EF1F2",
    "#DC4FDD",
    "#F6FA31"
  ],
  "shape_types": [
    "loop",
    "oval",
    "leaf"
  ],
  "size": 800,
  "per_shape": [
    {
      "index": 0,
      "color": "#1EF1F2",
      "shape": "loop",
      "center": [
        0.19658938262700953,
        -0.10504472913854679
      ],
      "amp": 0.08800733253438901,
      "phase": 0.11940524605090512,
      "lobes": 2,
      "density": 36,
      "scale": 0.8908906959078943,
      "loop_exponent": 2.5
    },
    {
      "index": 1,
      "color": "#DC4FDD",
      "shape": "oval",
      "center": [
        0.2996161090038636,
        -0.07883471798963582
      ],
      "amp": 0.18999349787599623,
      "phase": 1.4480829312013297,
      "lobes": 3,
      "density": 28,
      "scale": 0.9434916816769237,
      "oval_a": 1.2022567501267623,
      "oval_b": 0.7902784522385637
    },
    {
      "index": 2,
      "color": "#F6FA31",
      "shape": "leaf",
      "center": [
        -0.26202620306982416,
        0.0797833864766826
      ],
      "amp": 0.209461644511936,
      "phase": 4.348039768864501,
      "lobes": 2,
      "density": 23,
      "scale": 0.8966542754850887,
      "leaf_type": "heart_polar_r=1-sin(theta+phase)"
    }
  ]
}