{
  "product_id": "597957148611",
  "seed": 3274143675,
  "colors": [
    "#1EF1F2",
    "#DC4FDD",
    "#F6FA31"
  ],
  "shape_types": [
    "oval",
    "loop",
    "arc"
  ],
  "size": 800,
  "per_shape": [
    {
      "index": 0,
      "color": "#1EF1F2",
      "shape": "oval",
      "center": [
        0.038920696527298126,
        0.03100541351709324
      ],
      "amp": 0.2243127258944319,
      "phase": 0.10870709390630248,
      "lobes": 2,
      "density": 32,
      "scale": 0.912630218580044,
      "oval_a": 1.1964779249686779,
      "oval_b": 0.734620349796897
    },
    {
      "index": 1,
      "color": "#DC4FDD",
      "shape": "loop",
      "center": [
        -0.14191679718950018,
        -0.1936760427820186
      ],
      "amp": 0.1417504946409377,
      "phase": 0.4687928846490596,
      "lobes": 3,
      "density": 26,
      "scale": 0.9016440125392352,
      "loop_exponent": 2.5
    },
    {
      "index": 2,
      "color": "#F6FA31",
      "shape": "arc",
      "center": [
        -0.1430637083892145,
        -0.39228249446022984
      ],
      "amp": 0.18246657136808891,
      "phase": 0.3832998957194919,
      "lobes": 4,
      "density": 30,
      "scale": 0.9743586327550928
    }
  ]
}