{
  "product_id": "597957140715",
  "seed": 420678815,
  "colors": [
    "#1EF1F2",
    "#DC4FDD",
    "#F6FA31"
  ],
  "shape_types": [
    "oval",
    "loop",
    "leaf"
  ],
  "size": 800,
  "per_shape": [
    {
      "index": 0,
      "color": "#1EF1F2",
      "shape": "oval",
      "center": [
        -0.3055179131373166,
        0.06934236603567462
      ],
      "amp": 0.1378639913641012,
      "phase": 1.2431651166262272,
      "lobes": 4,
      "density": 30,
      "scale": 1.1975390482152055,
      "oval_a": 1.2662852811370042,
      "oval_b": 0.7836214642578406
    },
    {
      "index": 1,
      "color": "#DC4FDD",
      "shape": "loop",
      "center": [
        0.1891010090024412,
        -0.3737573062739341
      ],
      "amp": 0.20558761817514887,
      "phase": 0.35463157588603406,
      "lobes": 4,
      "density": 21,
      "scale": 1.0551789078384441,
      "loop_exponent": 2.5
    },
    {
      "index": 2,
      "color": "#F6FA31",
      "shape": "leaf",
      "center": [
        -0.2354230854839016,
        -0.3264673599167175
      ],
      "amp": 0.2513095201420905,
      "phase": 0.14235835446614412,
      "lobes": 3,
      "density": 27,
      "scale": 1.0561976573179628,
      "leaf_type": "heart_polar_r=1-sin(theta+phase)"
    }
  ]
}