{
  "product_id": "597957138765",
  "seed": 885334177,
  "colors": [
    "#1EF1F2",
    "#DC4FDD",
    "#F6FA31"
  ],
  "shape_types": [
    "leaf",
    "arc",
    "oval"
  ],
  "size": 800,
  "per_shape": [
    {
      "index": 0,
      "color": "#1EF1F2",
      "shape": "leaf",
      "center": [
        -0.3942132816977466,
        -0.07385538961761895
      ],
      "amp": 0.21695973459426582,
      "phase": 4.616340505387969,
      "lobes": 3,
      "density": 23,
      "scale": 1.131643617846674,
      "leaf_type": "heart_polar_r=1-sin(theta+phase)"
    },
    {
      "index": 1,
      "color": "#DC4FDD",
      "shape": "arc",
      "center": [
        -0.1172876822049207,
        0.3140505052899897
      ],
      "amp": 0.08613493333382645,
      "phase": 4.376109461229919,
      "lobes": 3,
      "density": 27,
      "scale": 1.0869720298544092
    },
    {
      "index": 2,
      "color": "#F6FA31",
      "shape": "oval",
      "center": [
        -0.16911102821851856,
        0.22477136117497387
      ],
      "amp": 0.07371625506656378,
      "phase": 6.137556731600152,
      "lobes": 4,
      "density": 28,
      "scale": 0.8706867061573103,
      "oval_a": 1.2116479145960168,
      "oval_b": 0.7285688018187501
    }
  ]
}