{
  "product_id": "597957145853",
  "seed": 3000201700,
  "colors": [
    "#1EF1F2",
    "#DC4FDD",
    "#F6FA31"
  ],
  "shape_types": [
    "loop",
    "arc",
    "leaf"
  ],
  "size": 800,
  "per_shape": [
    {
      "index": 0,
      "color": "#1EF1F2",
      "shape": "loop",
      "center": [
        0.23994844937060744,
        -0.18278076576103308
      ],
      "amp": 0.11327472945035873,
      "phase": 3.3330064199644265,
      "lobes": 3,
      "density": 35,
      "scale": 1.1942133400805595,
      "loop_exponent": 2.5
    },
    {
      "index": 1,
      "color": "#DC4FDD",
      "shape": "arc",
      "center": [
        -0.06719415794526806,
        -0.15729770519667358
      ],
      "amp": 0.1164160466606682,
      "phase": 6.167111982437849,
      "lobes": 4,
      "density": 27,
      "scale": 1.1987345847379598
    },
    {
      "index": 2,
      "color": "#F6FA31",
      "shape": "leaf",
      "center": [
        -0.024006761241340713,
        0.2368938064058178
      ],
      "amp": 0.1967377352002928,
      "phase": 3.8153049829524632,
      "lobes": 4,
      "density": 29,
      "scale": 1.002334090038879,
      "leaf_type": "heart_polar_r=1-sin(theta+phase)"
    }
  ]
}