{
  "product_id": "597957146415",
  "seed": 2269916356,
  "colors": [
    "#1EF1F2",
    "#DC4FDD",
    "#F6FA31"
  ],
  "shape_types": [
    "leaf",
    "loop",
    "arc"
  ],
  "size": 800,
  "per_shape": [
    {
      "index": 0,
      "color": "#1EF1F2",
      "shape": "leaf",
      "center": [
        -0.32775779285835677,
        -0.30723260221589216
      ],
      "amp": 0.2808198207750844,
      "phase": 3.24664354961057,
      "lobes": 2,
      "density": 21,
      "scale": 1.1633660916245758,
      "leaf_type": "heart_polar_r=1-sin(theta+phase)"
    },
    {
      "index": 1,
      "color": "#DC4FDD",
      "shape": "loop",
      "center": [
        0.20363965507112558,
        0.08746147875226801
      ],
      "amp": 0.1608665431978336,
      "phase": 6.251128839291387,
      "lobes": 3,
      "density": 24,
      "scale": 0.8434105599559857,
      "loop_exponent": 2.5
    },
    {
      "index": 2,
      "color": "#F6FA31",
      "shape": "arc",
      "center": [
        -0.3591073057069772,
        0.38321881416312553
      ],
      "amp": 0.06660649187505273,
      "phase": 2.465878275591126,
      "lobes": 2,
      "density": 22,
      "scale": 0.8633313010335473
    }
  ]
}