{
  "product_id": "597957147507",
  "seed": 23001735,
  "colors": [
    "#1EF1F2",
    "#DC4FDD",
    "#F6FA31"
  ],
  "shape_types": [
    "loop",
    "arc",
    "oval"
  ],
  "size": 800,
  "per_shape": [
    {
      "index": 0,
      "color": "#1EF1F2",
      "shape": "loop",
      "center": [
        0.20465846330774573,
        -0.3512335262224393
      ],
      "amp": 0.10524138618684216,
      "phase": 4.800134509082315,
      "lobes": 2,
      "density": 19,
      "scale": 0.8079584013664733,
      "loop_exponent": 2.5
    },
    {
      "index": 1,
      "color": "#DC4FDD",
      "shape": "arc",
      "center": [
        -0.05453345348575239,
        0.09756380746696591
      ],
      "amp": 0.29718397152976433,
      "phase": 0.4756060658554782,
      "lobes": 4,
      "density": 34,
      "scale": 0.9647446687123205
    },
    {
      "index": 2,
      "color": "#F6FA31",
      "shape": "oval",
      "center": [
        0.14887449951809728,
        0.2614134175274617
      ],
      "amp": 0.050976560176649824,
      "phase": 1.3043386693301877,
      "lobes": 3,
      "density": 33,
      "scale": 1.112674255159971,
      "oval_a": 1.1273260828121687,
      "oval_b": 0.8450489915003621
    }
  ]
}