{
  "product_id": "597957143285",
  "seed": 326450850,
  "colors": [
    "#1EF1F2",
    "#DC4FDD",
    "#F6FA31"
  ],
  "shape_types": [
    "loop",
    "arc",
    "leaf"
  ],
  "size": 800,
  "per_shape": [
    {
      "index": 0,
      "color": "#1EF1F2",
      "shape": "loop",
      "center": [
        0.18238747230630925,
        -0.1760622072686645
      ],
      "amp": 0.24791101532803422,
      "phase": 3.156503136567673,
      "lobes": 3,
      "density": 20,
      "scale": 1.0464645466051,
      "loop_exponent": 2.5
    },
    {
      "index": 1,
      "color": "#DC4FDD",
      "shape": "arc",
      "center": [
        -0.24789917932924155,
        -0.2889282387347713
      ],
      "amp": 0.1564539966797474,
      "phase": 4.1167553003510315,
      "lobes": 3,
      "density": 26,
      "scale": 1.0259793978383562
    },
    {
      "index": 2,
      "color": "#F6FA31",
      "shape": "leaf",
      "center": [
        0.22071769863367008,
        -0.13436766622923962
      ],
      "amp": 0.20669580627421413,
      "phase": 2.363970845740566,
      "lobes": 2,
      "density": 25,
      "scale": 1.1048721457426907,
      "leaf_type": "heart_polar_r=1-sin(theta+phase)"
    }
  ]
}