{
  "product_id": "597957147655",
  "seed": 1799388175,
  "colors": [
    "#1EF1F2",
    "#DC4FDD",
    "#F6FA31"
  ],
  "shape_types": [
    "leaf",
    "oval",
    "arc"
  ],
  "size": 800,
  "per_shape": [
    {
      "index": 0,
      "color": "#1EF1F2",
      "shape": "leaf",
      "center": [
        0.09564141191513337,
        -0.13264298814653375
      ],
      "amp": 0.19310055635394224,
      "phase": 0.10171494755143823,
      "lobes": 3,
      "density": 26,
      "scale": 1.0547062914688878,
      "leaf_type": "heart_polar_r=1-sin(theta+phase)"
    },
    {
      "index": 1,
      "color": "#DC4FDD",
      "shape": "oval",
      "center": [
        -0.291591251176728,
        -0.1700128855030485
      ],
      "amp": 0.08723547797935986,
      "phase": 3.8120682183467025,
      "lobes": 2,
      "density": 32,
      "scale": 0.969135087255215,
      "oval_a": 1.2653107682905012,
      "oval_b": 0.8356554521769887
    },
    {
      "index": 2,
      "color": "#F6FA31",
      "shape": "arc",
      "center": [
        -0.39377363708096014,
        -0.39704157350621117
      ],
      "amp": 0.268783867135571,
      "phase": 3.371573683789656,
      "lobes": 3,
      "density": 30,
      "scale": 0.8570560470989537
    }
  ]
}