{
  "product_id": "597957144665",
  "seed": 2648721094,
  "colors": [
    "#1EF1F2",
    "#DC4FDD",
    "#F6FA31"
  ],
  "shape_types": [
    "arc",
    "leaf",
    "loop"
  ],
  "size": 800,
  "per_shape": [
    {
      "index": 0,
      "color": "#1EF1F2",
      "shape": "arc",
      "center": [
        -0.3476813995924446,
        0.06908606694689878
      ],
      "amp": 0.20643525440156568,
      "phase": 3.0037026907882827,
      "lobes": 4,
      "density": 24,
      "scale": 0.9614081078992798
    },
    {
      "index": 1,
      "color": "#DC4FDD",
      "shape": "leaf",
      "center": [
        0.31168645523308824,
        0.3193445339620814
      ],
      "amp": 0.13630405806158719,
      "phase": 4.225706937468981,
      "lobes": 2,
      "density": 36,
      "scale": 0.9902739232160311,
      "leaf_type": "heart_polar_r=1-sin(theta+phase)"
    },
    {
      "index": 2,
      "color": "#F6FA31",
      "shape": "loop",
      "center": [
        -0.19837100932233076,
        0.29480222184861515
      ],
      "amp": 0.19737636824842958,
      "phase": 0.4453281231410989,
      "lobes": 2,
      "density": 28,
      "scale": 1.0271389398620445,
      "loop_exponent": 2.5
    }
  ]
}