{
  "product_id": "597957148467",
  "seed": 3482665351,
  "colors": [
    "#1EF1F2",
    "#DC4FDD",
    "#F6FA31"
  ],
  "shape_types": [
    "leaf",
    "oval",
    "loop"
  ],
  "size": 800,
  "per_shape": [
    {
      "index": 0,
      "color": "#1EF1F2",
      "shape": "leaf",
      "center": [
        -0.18070471924767162,
        -0.0034542236376761126
      ],
      "amp": 0.26456451109958673,
      "phase": 1.8626396900948743,
      "lobes": 4,
      "density": 21,
      "scale": 0.8448548604856996,
      "leaf_type": "heart_polar_r=1-sin(theta+phase)"
    },
    {
      "index": 1,
      "color": "#DC4FDD",
      "shape": "oval",
      "center": [
        0.33765369728630157,
        -0.13948399930692423
      ],
      "amp": 0.26283344569031347,
      "phase": 1.318968975648669,
      "lobes": 3,
      "density": 23,
      "scale": 1.0994466534670218,
      "oval_a": 1.2981855316476552,
      "oval_b": 0.7195485696314734
    },
    {
      "index": 2,
      "color": "#F6FA31",
      "shape": "loop",
      "center": [
        -0.04978799995965061,
        0.003583908296087901
      ],
      "amp": 0.2391938382754913,
      "phase": 4.193657744080519,
      "lobes": 2,
      "density": 32,
      "scale": 0.9089686484370229,
      "loop_exponent": 2.5
    }
  ]
}