{
  "product_id": "597957139661",
  "seed": 1045899312,
  "colors": [
    "#1EF1F2",
    "#DC4FDD",
    "#F6FA31"
  ],
  "shape_types": [
    "oval",
    "leaf",
    "loop"
  ],
  "size": 800,
  "per_shape": [
    {
      "index": 0,
      "color": "#1EF1F2",
      "shape": "oval",
      "center": [
        -0.2702824243690414,
        0.0783271436634857
      ],
      "amp": 0.16967222920570008,
      "phase": 3.9433416228694167,
      "lobes": 4,
      "density": 18,
      "scale": 0.8426119854124573,
      "oval_a": 1.2034747890382516,
      "oval_b": 0.7006581660318911
    },
    {
      "index": 1,
      "color": "#DC4FDD",
      "shape": "leaf",
      "center": [
        -0.25059362312361044,
        0.23474318166972863
      ],
      "amp": 0.09521072542460353,
      "phase": 0.018424668974172262,
      "lobes": 3,
      "density": 31,
      "scale": 0.9973145860351864,
      "leaf_type": "heart_polar_r=1-sin(theta+phase)"
    },
    {
      "index": 2,
      "color": "#F6FA31",
      "shape": "loop",
      "center": [
        -0.053815833599648755,
        0.25009664017788
      ],
      "amp": 0.14949141194392285,
      "phase": 2.8175147725108265,
      "lobes": 4,
      "density": 21,
      "scale": 0.8365105939760207,
      "loop_exponent": 2.5
    }
  ]
}