{
  "product_id": "597957143905",
  "seed": 1999923081,
  "colors": [
    "#1EF1F2",
    "#DC4FDD",
    "#F6FA31"
  ],
  "shape_types": [
    "leaf",
    "arc",
    "oval"
  ],
  "size": 800,
  "per_shape": [
    {
      "index": 0,
      "color": "#1EF1F2",
      "shape": "leaf",
      "center": [
        0.09513597520559403,
        -0.3813384491029947
      ],
      "amp": 0.08782743423666205,
      "phase": 4.103682727090579,
      "lobes": 2,
      "density": 20,
      "scale": 0.9219100918377939,
      "leaf_type": "heart_polar_r=1-sin(theta+phase)"
    },
    {
      "index": 1,
      "color": "#DC4FDD",
      "shape": "arc",
      "center": [
        -0.15353775263030364,
        0.2885760243393779
      ],
      "amp": 0.0895647000181881,
      "phase": 2.7619212531063604,
      "lobes": 2,
      "density": 21,
      "scale": 0.9980533745684512
    },
    {
      "index": 2,
      "color": "#F6FA31",
      "shape": "oval",
      "center": [
        0.1730515725152314,
        -0.3118993538365035
      ],
      "amp": 0.22099781431626725,
      "phase": 0.553085665244237,
      "lobes": 3,
      "density": 31,
      "scale": 1.0095303703576475,
      "oval_a": 1.1135007442481828,
      "oval_b": 0.7478331799923426
    }
  ]
}