{
  "product_id": "597957148563",
  "seed": 3892873567,
  "colors": [
    "#1EF1F2",
    "#DC4FDD",
    "#F6FA31"
  ],
  "shape_types": [
    "oval",
    "arc",
    "leaf"
  ],
  "size": 800,
  "per_shape": [
    {
      "index": 0,
      "color": "#1EF1F2",
      "shape": "oval",
      "center": [
        0.31936725979003133,
        0.0681260467620487
      ],
      "amp": 0.13646143459041815,
      "phase": 4.709915966717958,
      "lobes": 3,
      "density": 27,
      "scale": 0.8807947795264981,
      "oval_a": 1.2566295070157936,
      "oval_b": 0.879301930660566
    },
    {
      "index": 1,
      "color": "#DC4FDD",
      "shape": "arc",
      "center": [
        -0.07886778057494953,
        0.20482202342300226
      ],
      "amp": 0.1377995428298826,
      "phase": 5.084909576407521,
      "lobes": 4,
      "density": 24,
      "scale": 0.9665851984995975
    },
    {
      "index": 2,
      "color": "#F6FA31",
      "shape": "leaf",
      "center": [
        -0.23982764195107312,
        0.277568029697449
      ],
      "amp": 0.14843880755655586,
      "phase": 4.182371337100141,
      "lobes": 4,
      "density": 21,
      "scale": 0.9959018737451288,
      "leaf_type": "heart_polar_r=1-sin(theta+phase)"
    }
  ]
}