{
  "product_id": "597957145795",
  "seed": 795250876,
  "colors": [
    "#1EF1F2",
    "#DC4FDD",
    "#F6FA31"
  ],
  "shape_types": [
    "leaf",
    "arc",
    "loop"
  ],
  "size": 800,
  "per_shape": [
    {
      "index": 0,
      "color": "#1EF1F2",
      "shape": "leaf",
      "center": [
        -0.16643827489697438,
        0.22192348538360052
      ],
      "amp": 0.14010672326737222,
      "phase": 1.0171684478267562,
      "lobes": 4,
      "density": 32,
      "scale": 1.1701932715497037,
      "leaf_type": "heart_polar_r=1-sin(theta+phase)"
    },
    {
      "index": 1,
      "color": "#DC4FDD",
      "shape": "arc",
      "center": [
        -0.0329835110407134,
        -0.08888025424655527
      ],
      "amp": 0.23399349140315462,
      "phase": 1.6633016579194795,
      "lobes": 2,
      "density": 36,
      "scale": 1.062528131742058
    },
    {
      "index": 2,
      "color": "#F6FA31",
      "shape": "loop",
      "center": [
        0.23516560955789656,
        -0.05318363014284849
      ],
      "amp": 0.24393346416026307,
      "phase": 0.7960088240898577,
      "lobes": 3,
      "density": 29,
      "scale": 0.8821545967090421,
      "loop_exponent": 2.5
    }
  ]
}