{
  "product_id": "597957141719",
  "seed": 2133791555,
  "colors": [
    "#1EF1F2",
    "#DC4FDD",
    "#F6FA31"
  ],
  "shape_types": [
    "oval",
    "arc",
    "leaf"
  ],
  "size": 800,
  "per_shape": [
    {
      "index": 0,
      "color": "#1EF1F2",
      "shape": "oval",
      "center": [
        -0.01854251524234163,
        -0.17198618657167675
      ],
      "amp": 0.16191981200236577,
      "phase": 6.189304588492112,
      "lobes": 4,
      "density": 23,
      "scale": 0.9043268683756917,
      "oval_a": 1.2922266080738227,
      "oval_b": 0.75547418823005
    },
    {
      "index": 1,
      "color": "#DC4FDD",
      "shape": "arc",
      "center": [
        -0.01656517956046244,
        0.23380518020162455
      ],
      "amp": 0.2741672221302601,
      "phase": 3.46256989207499,
      "lobes": 2,
      "density": 29,
      "scale": 1.0053562453367808
    },
    {
      "index": 2,
      "color": "#F6FA31",
      "shape": "leaf",
      "center": [
        -0.02144246639169589,
        -0.02389331038342385
      ],
      "amp": 0.06760493975374861,
      "phase": 2.8442173865773404,
      "lobes": 3,
      "density": 34,
      "scale": 1.1457658618888114,
      "leaf_type": "heart_polar_r=1-sin(theta+phase)"
    }
  ]
}