{
  "product_id": "597957142861",
  "seed": 2590981209,
  "colors": [
    "#1EF1F2",
    "#DC4FDD",
    "#F6FA31"
  ],
  "shape_types": [
    "loop",
    "arc",
    "oval"
  ],
  "size": 800,
  "per_shape": [
    {
      "index": 0,
      "color": "#1EF1F2",
      "shape": "loop",
      "center": [
        -0.3826528949801441,
        0.1628767100381684
      ],
      "amp": 0.11123922138771043,
      "phase": 1.9365647175710041,
      "lobes": 3,
      "density": 20,
      "scale": 1.1277770442976052,
      "loop_exponent": 2.5
    },
    {
      "index": 1,
      "color": "#DC4FDD",
      "shape": "arc",
      "center": [
        0.2734628563505699,
        0.052029645711119454
      ],
      "amp": 0.11093746480305446,
      "phase": 1.9405014834972685,
      "lobes": 4,
      "density": 21,
      "scale": 1.049556927210685
    },
    {
      "index": 2,
      "color": "#F6FA31",
      "shape": "oval",
      "center": [
        0.06332405155567483,
        -0.008669536840500869
      ],
      "amp": 0.2965792904916266,
      "phase": 4.500001637110628,
      "lobes": 2,
      "density": 22,
      "scale": 1.0489883608250785,
      "oval_a": 1.293543580785252,
      "oval_b": 0.7935344019444068
    }
  ]
}