{
  "product_id": "597957145687",
  "seed": 2651370278,
  "colors": [
    "#1EF1F2",
    "#DC4FDD",
    "#F6FA31"
  ],
  "shape_types": [
    "oval",
    "arc",
    "loop"
  ],
  "size": 800,
  "per_shape": [
    {
      "index": 0,
      "color": "#1EF1F2",
      "shape": "oval",
      "center": [
        -0.3637290914188757,
        -0.24233709132949954
      ],
      "amp": 0.12262372520654759,
      "phase": 1.0479278634196565,
      "lobes": 4,
      "density": 26,
      "scale": 1.0802991936787714,
      "oval_a": 1.230880807870682,
      "oval_b": 0.7129960429944613
    },
    {
      "index": 1,
      "color": "#DC4FDD",
      "shape": "arc",
      "center": [
        -0.02680981299234214,
        0.3404626990478693
      ],
      "amp": 0.1098893475015459,
      "phase": 3.394222757282422,
      "lobes": 3,
      "density": 27,
      "scale": 1.0586005996721088
    },
    {
      "index": 2,
      "color": "#F6FA31",
      "shape": "loop",
      "center": [
        -0.30276865499323913,
        -0.3686995029794884
      ],
      "amp": 0.250962620334961,
      "phase": 3.5425488390210464,
      "lobes": 4,
      "density": 31,
      "scale": 0.8558068586733505,
      "loop_exponent": 2.5
    }
  ]
}