{
  "product_id": "597957146287",
  "seed": 1800671284,
  "colors": [
    "#1EF1F2",
    "#DC4FDD",
    "#F6FA31"
  ],
  "shape_types": [
    "arc",
    "leaf",
    "loop"
  ],
  "size": 800,
  "per_shape": [
    {
      "index": 0,
      "color": "#1EF1F2",
      "shape": "arc",
      "center": [
        -0.024212661122592294,
        0.2868608836503216
      ],
      "amp": 0.057690513308388744,
      "phase": 4.769945951918968,
      "lobes": 4,
      "density": 35,
      "scale": 0.8712310149812046
    },
    {
      "index": 1,
      "color": "#DC4FDD",
      "shape": "leaf",
      "center": [
        -0.07862170748629477,
        -0.04293645031562282
      ],
      "amp": 0.18016526758885032,
      "phase": 5.571438454074474,
      "lobes": 3,
      "density": 33,
      "scale": 0.8540183915786936,
      "leaf_type": "heart_polar_r=1-sin(theta+phase)"
    },
    {
      "index": 2,
      "color": "#F6FA31",
      "shape": "loop",
      "center": [
        0.32817787646205676,
        0.07693428580125328
      ],
      "amp": 0.15983167558825906,
      "phase": 3.9831915375457214,
      "lobes": 4,
      "density": 19,
      "scale": 1.139910698288791,
      "loop_exponent": 2.5
    }
  ]
}