{
  "product_id": "597957140149",
  "seed": 152739580,
  "colors": [
    "#1EF1F2",
    "#DC4FDD",
    "#F6FA31"
  ],
  "shape_types": [
    "oval",
    "leaf",
    "loop"
  ],
  "size": 800,
  "per_shape": [
    {
      "index": 0,
      "color": "#1EF1F2",
      "shape": "oval",
      "center": [
        0.26062974510232817,
        0.051384774204804695
      ],
      "amp": 0.16894655000391823,
      "phase": 1.716161582928308,
      "lobes": 4,
      "density": 28,
      "scale": 1.1658113652345499,
      "oval_a": 1.1577399404288748,
      "oval_b": 0.8307198781506115
    },
    {
      "index": 1,
      "color": "#DC4FDD",
      "shape": "leaf",
      "center": [
        0.03235195470978436,
        0.1580141700653207
      ],
      "amp": 0.09321197423139778,
      "phase": 5.051739092729468,
      "lobes": 2,
      "density": 22,
      "scale": 0.9359055761812767,
      "leaf_type": "heart_polar_r=1-sin(theta+phase)"
    },
    {
      "index": 2,
      "color": "#F6FA31",
      "shape": "loop",
      "center": [
        0.17002346343674946,
        -0.06795405876687344
      ],
      "amp": 0.06182695090780631,
      "phase": 2.6429036295498283,
      "lobes": 3,
      "density": 18,
      "scale": 0.8116680173114019,
      "loop_exponent": 2.5
    }
  ]
}