{
  "product_id": "597957139787",
  "seed": 3138233703,
  "colors": [
    "#1EF1F2",
    "#DC4FDD",
    "#F6FA31"
  ],
  "shape_types": [
    "oval",
    "loop",
    "leaf"
  ],
  "size": 800,
  "per_shape": [
    {
      "index": 0,
      "color": "#1EF1F2",
      "shape": "oval",
      "center": [
        -0.19332135024420227,
        -0.04607664354259705
      ],
      "amp": 0.10345777758810319,
      "phase": 5.898473755777003,
      "lobes": 4,
      "density": 23,
      "scale": 0.8465952375114614,
      "oval_a": 1.1921314114816663,
      "oval_b": 0.827364337843554
    },
    {
      "index": 1,
      "color": "#DC4FDD",
      "shape": "loop",
      "center": [
        0.37766156931276584,
        -0.13607961783552297
      ],
      "amp": 0.18270994161127202,
      "phase": 2.227838287257131,
      "lobes": 3,
      "density": 18,
      "scale": 1.1837620468276082,
      "loop_exponent": 2.5
    },
    {
      "index": 2,
      "color": "#F6FA31",
      "shape": "leaf",
      "center": [
        0.1069962567218734,
        0.15573618578858717
      ],
      "amp": 0.148112742714675,
      "phase": 2.4639696984043775,
      "lobes": 2,
      "density": 26,
      "scale": 0.8535764592650167,
      "leaf_type": "heart_polar_r=1-sin(theta+phase)"
    }
  ]
}