{
  "product_id": "597957144235",
  "seed": 3539902539,
  "colors": [
    "#1EF1F2",
    "#DC4FDD",
    "#F6FA31"
  ],
  "shape_types": [
    "arc",
    "oval",
    "leaf"
  ],
  "size": 800,
  "per_shape": [
    {
      "index": 0,
      "color": "#1EF1F2",
      "shape": "arc",
      "center": [
        0.006921893942682111,
        0.3485448745798111
      ],
      "amp": 0.2748202722302873,
      "phase": 0.34405927837484374,
      "lobes": 2,
      "density": 25,
      "scale": 0.8773193688932099
    },
    {
      "index": 1,
      "color": "#DC4FDD",
      "shape": "oval",
      "center": [
        -0.35846395125638786,
        0.2726210745873545
      ],
      "amp": 0.27579178709855773,
      "phase": 1.122344141405741,
      "lobes": 2,
      "density": 34,
      "scale": 0.9397833993797323,
      "oval_a": 1.1699457854932693,
      "oval_b": 0.8612734624685129
    },
    {
      "index": 2,
      "color": "#F6FA31",
      "shape": "leaf",
      "center": [
        0.300477548847928,
        -0.13650324258143504
      ],
      "amp": 0.2898350262292537,
      "phase": 1.2842633039162368,
      "lobes": 3,
      "density": 31,
      "scale": 1.0723232254522284,
      "leaf_type": "heart_polar_r=1-sin(theta+phase)"
    }
  ]
}