{
  "product_id": "597957140667",
  "seed": 916937845,
  "colors": [
    "#1EF1F2",
    "#DC4FDD",
    "#F6FA31"
  ],
  "shape_types": [
    "oval",
    "arc",
    "leaf"
  ],
  "size": 800,
  "per_shape": [
    {
      "index": 0,
      "color": "#1EF1F2",
      "shape": "oval",
      "center": [
        0.1269769463555327,
        -0.02895332744654533
      ],
      "amp": 0.22156228040901543,
      "phase": 0.24479488120403206,
      "lobes": 3,
      "density": 27,
      "scale": 0.8589702109167126,
      "oval_a": 1.2394733594819292,
      "oval_b": 0.7166596742989619
    },
    {
      "index": 1,
      "color": "#DC4FDD",
      "shape": "arc",
      "center": [
        -0.055014974990751586,
        -0.08255705796148566
      ],
      "amp": 0.0522969586604808,
      "phase": 1.9586030034272295,
      "lobes": 3,
      "density": 32,
      "scale": 0.8158963092314321
    },
    {
      "index": 2,
      "color": "#F6FA31",
      "shape": "leaf",
      "center": [
        -0.032352268842107956,
        -0.05247415007722933
      ],
      "amp": 0.2895395679904964,
      "phase": 4.550341649466158,
      "lobes": 4,
      "density": 23,
      "scale": 1.0015538970555675,
      "leaf_type": "heart_polar_r=1-sin(theta+phase)"
    }
  ]
}