{
  "product_id": "597957148187",
  "seed": 584196488,
  "colors": [
    "#1EF1F2",
    "#DC4FDD",
    "#F6FA31"
  ],
  "shape_types": [
    "oval",
    "leaf",
    "loop"
  ],
  "size": 800,
  "per_shape": [
    {
      "index": 0,
      "color": "#1EF1F2",
      "shape": "oval",
      "center": [
        -0.3987954265448408,
        0.14692402220140743
      ],
      "amp": 0.06948852306840005,
      "phase": 0.5132825279137544,
      "lobes": 2,
      "density": 26,
      "scale": 1.0731467664660737,
      "oval_a": 1.1057919002733072,
      "oval_b": 0.7758599469352861
    },
    {
      "index": 1,
      "color": "#DC4FDD",
      "shape": "leaf",
      "center": [
        0.24717247388042307,
        0.1007045808148187
      ],
      "amp": 0.26178814875592177,
      "phase": 4.820443843233712,
      "lobes": 3,
      "density": 31,
      "scale": 1.080075044493268,
      "leaf_type": "heart_polar_r=1-sin(theta+phase)"
    },
    {
      "index": 2,
      "color": "#F6FA31",
      "shape": "loop",
      "center": [
        0.14395806481709894,
        -0.3669158520206449
      ],
      "amp": 0.18854950063696996,
      "phase": 0.24447068707245523,
      "lobes": 3,
      "density": 33,
      "scale": 1.018991409376511,
      "loop_exponent": 2.5
    }
  ]
}