{
  "product_id": "597957140647",
  "seed": 1156569550,
  "colors": [
    "#1EF1F2",
    "#DC4FDD",
    "#F6FA31"
  ],
  "shape_types": [
    "loop",
    "arc",
    "oval"
  ],
  "size": 800,
  "per_shape": [
    {
      "index": 0,
      "color": "#1EF1F2",
      "shape": "loop",
      "center": [
        0.15592875024799369,
        0.07209509668846248
      ],
      "amp": 0.2907924197943018,
      "phase": 4.114982360557378,
      "lobes": 2,
      "density": 31,
      "scale": 1.1031417039754023,
      "loop_exponent": 2.5
    },
    {
      "index": 1,
      "color": "#DC4FDD",
      "shape": "arc",
      "center": [
        0.017202255613986306,
        0.3627035266914109
      ],
      "amp": 0.11837503321254557,
      "phase": 0.5810905298558131,
      "lobes": 4,
      "density": 36,
      "scale": 0.9251575465553534
    },
    {
      "index": 2,
      "color": "#F6FA31",
      "shape": "oval",
      "center": [
        -0.24207627859419595,
        -0.24777810441355852
      ],
      "amp": 0.11242944578368029,
      "phase": 4.189939368961319,
      "lobes": 2,
      "density": 35,
      "scale": 1.155310986510765,
      "oval_a": 1.1754150390882574,
      "oval_b": 0.8684648416543821
    }
  ]
}