{
  "product_id": "597957141471",
  "seed": 2778602588,
  "colors": [
    "#1EF1F2",
    "#DC4FDD",
    "#F6FA31"
  ],
  "shape_types": [
    "arc",
    "oval",
    "loop"
  ],
  "size": 800,
  "per_shape": [
    {
      "index": 0,
      "color": "#1EF1F2",
      "shape": "arc",
      "center": [
        -0.15898776697873285,
        0.1837751133375054
      ],
      "amp": 0.14015205324685515,
      "phase": 6.041482539277061,
      "lobes": 4,
      "density": 23,
      "scale": 0.9535968544911018
    },
    {
      "index": 1,
      "color": "#DC4FDD",
      "shape": "oval",
      "center": [
        -0.08810594204262917,
        -0.2486683792379556
      ],
      "amp": 0.11968258863360666,
      "phase": 4.186729810276907,
      "lobes": 4,
      "density": 27,
      "scale": 1.0528324483580584,
      "oval_a": 1.2785236089405387,
      "oval_b": 0.7767696834962056
    },
    {
      "index": 2,
      "color": "#F6FA31",
      "shape": "loop",
      "center": [
        -0.11148243615210474,
        -0.316072357400093
      ],
      "amp": 0.2607870490445813,
      "phase": 3.4016171829173536,
      "lobes": 2,
      "density": 21,
      "scale": 0.8793235502064378,
      "loop_exponent": 2.5
    }
  ]
}