{
  "product_id": "597957147711",
  "seed": 2213710387,
  "colors": [
    "#1EF1F2",
    "#DC4FDD",
    "#F6FA31"
  ],
  "shape_types": [
    "oval",
    "arc",
    "loop"
  ],
  "size": 800,
  "per_shape": [
    {
      "index": 0,
      "color": "#1EF1F2",
      "shape": "oval",
      "center": [
        0.275704368929205,
        -0.23921908332718964
      ],
      "amp": 0.16269069305989786,
      "phase": 0.43434442357621605,
      "lobes": 4,
      "density": 22,
      "scale": 0.8340568407256044,
      "oval_a": 1.11391510840875,
      "oval_b": 0.8120685708075435
    },
    {
      "index": 1,
      "color": "#DC4FDD",
      "shape": "arc",
      "center": [
        -0.04935586810764231,
        0.2815712520600083
      ],
      "amp": 0.05395155792311866,
      "phase": 5.504668222343746,
      "lobes": 3,
      "density": 21,
      "scale": 1.0427475316725467
    },
    {
      "index": 2,
      "color": "#F6FA31",
      "shape": "loop",
      "center": [
        0.15126404640574664,
        0.3743932150878385
      ],
      "amp": 0.21506359380336548,
      "phase": 3.9043451274523546,
      "lobes": 3,
      "density": 35,
      "scale": 0.8434358817943984,
      "loop_exponent": 2.5
    }
  ]
}