{
  "product_id": "597957144701",
  "seed": 1061928928,
  "colors": [
    "#1EF1F2",
    "#DC4FDD",
    "#F6FA31"
  ],
  "shape_types": [
    "arc",
    "loop",
    "oval"
  ],
  "size": 800,
  "per_shape": [
    {
      "index": 0,
      "color": "#1EF1F2",
      "shape": "arc",
      "center": [
        0.14527821259363805,
        0.39899193907177555
      ],
      "amp": 0.2872519009607967,
      "phase": 5.301866059123803,
      "lobes": 2,
      "density": 36,
      "scale": 0.8379004970580612
    },
    {
      "index": 1,
      "color": "#DC4FDD",
      "shape": "loop",
      "center": [
        0.37098261944151556,
        -0.22197256747113442
      ],
      "amp": 0.2190155116769072,
      "phase": 1.9712005425758194,
      "lobes": 2,
      "density": 31,
      "scale": 1.0493188993878395,
      "loop_exponent": 2.5
    },
    {
      "index": 2,
      "color": "#F6FA31",
      "shape": "oval",
      "center": [
        -0.11332336170194707,
        -0.3983570360057477
      ],
      "amp": 0.2837183287997429,
      "phase": 2.5929648163193324,
      "lobes": 3,
      "density": 32,
      "scale": 1.1851812066047622,
      "oval_a": 1.1107429021511195,
      "oval_b": 0.7239508987116545
    }
  ]
}