{
  "product_id": "597957144901",
  "seed": 1551038179,
  "colors": [
    "#1EF1F2",
    "#DC4FDD",
    "#F6FA31"
  ],
  "shape_types": [
    "leaf",
    "oval",
    "arc"
  ],
  "size": 800,
  "per_shape": [
    {
      "index": 0,
      "color": "#1EF1F2",
      "shape": "leaf",
      "center": [
        0.27130238017944375,
        0.19040913143835703
      ],
      "amp": 0.06383477858389584,
      "phase": 5.561627692464483,
      "lobes": 3,
      "density": 32,
      "scale": 1.0745879678419639,
      "leaf_type": "heart_polar_r=1-sin(theta+phase)"
    },
    {
      "index": 1,
      "color": "#DC4FDD",
      "shape": "oval",
      "center": [
        -0.007548243371333474,
        0.18245658685664012
      ],
      "amp": 0.11024850642752602,
      "phase": 3.5041567224018824,
      "lobes": 4,
      "density": 29,
      "scale": 0.9217861957704035,
      "oval_a": 1.253219709443381,
      "oval_b": 0.8377092750270809
    },
    {
      "index": 2,
      "color": "#F6FA31",
      "shape": "arc",
      "center": [
        0.319824117223669,
        0.0023648691270567457
      ],
      "amp": 0.18286434395668016,
      "phase": 1.6000733632521467,
      "lobes": 4,
      "density": 30,
      "scale": 1.0980186687526385
    }
  ]
}