{
  "product_id": "597957144147",
  "seed": 2759289813,
  "colors": [
    "#1EF1F2",
    "#DC4FDD",
    "#F6FA31"
  ],
  "shape_types": [
    "loop",
    "leaf",
    "arc"
  ],
  "size": 800,
  "per_shape": [
    {
      "index": 0,
      "color": "#1EF1F2",
      "shape": "loop",
      "center": [
        0.2631787975054899,
        -0.040231917680520035
      ],
      "amp": 0.1577578747118395,
      "phase": 4.559287873221262,
      "lobes": 3,
      "density": 27,
      "scale": 1.0474482877249993,
      "loop_exponent": 2.5
    },
    {
      "index": 1,
      "color": "#DC4FDD",
      "shape": "leaf",
      "center": [
        -0.0058106783199129985,
        0.33464945120262457
      ],
      "amp": 0.20764493921714883,
      "phase": 2.2406692418625513,
      "lobes": 3,
      "density": 31,
      "scale": 0.9960429755296822,
      "leaf_type": "heart_polar_r=1-sin(theta+phase)"
    },
    {
      "index": 2,
      "color": "#F6FA31",
      "shape": "arc",
      "center": [
        0.1580280966686083,
        -0.3927866046522023
      ],
      "amp": 0.15749169294481508,
      "phase": 1.743325659970403,
      "lobes": 4,
      "density": 32,
      "scale": 0.8636576746380443
    }
  ]
}