{
  "product_id": "597957145111",
  "seed": 361649013,
  "colors": [
    "#1EF1F2",
    "#DC4FDD",
    "#F6FA31"
  ],
  "shape_types": [
    "loop",
    "arc",
    "leaf"
  ],
  "size": 800,
  "per_shape": [
    {
      "index": 0,
      "color": "#1EF1F2",
      "shape": "loop",
      "center": [
        0.17263637250713004,
        0.13391118331752527
      ],
      "amp": 0.28876252862351826,
      "phase": 5.149971456731527,
      "lobes": 2,
      "density": 29,
      "scale": 1.1099858356146348,
      "loop_exponent": 2.5
    },
    {
      "index": 1,
      "color": "#DC4FDD",
      "shape": "arc",
      "center": [
        0.26799896130736434,
        -0.1949222539507976
      ],
      "amp": 0.20444529518320942,
      "phase": 2.1544365845732987,
      "lobes": 2,
      "density": 24,
      "scale": 1.1224891854117942
    },
    {
      "index": 2,
      "color": "#F6FA31",
      "shape": "leaf",
      "center": [
        -0.172469189172684,
        0.3491997486170846
      ],
      "amp": 0.27471611989055467,
      "phase": 4.662530852710522,
      "lobes": 2,
      "density": 36,
      "scale": 0.8934339634934199,
      "leaf_type": "heart_polar_r=1-sin(theta+phase)"
    }
  ]
}