{
  "product_id": "597957145517",
  "seed": 448789088,
  "colors": [
    "#1EF1F2",
    "#DC4FDD",
    "#F6FA31"
  ],
  "shape_types": [
    "arc",
    "oval",
    "leaf"
  ],
  "size": 800,
  "per_shape": [
    {
      "index": 0,
      "color": "#1EF1F2",
      "shape": "arc",
      "center": [
        0.10018418857209954,
        0.13265190147817818
      ],
      "amp": 0.07487961845699338,
      "phase": 3.880215976270844,
      "lobes": 3,
      "density": 20,
      "scale": 1.0114896235421011
    },
    {
      "index": 1,
      "color": "#DC4FDD",
      "shape": "oval",
      "center": [
        0.007125133425815444,
        -0.23388793000278502
      ],
      "amp": 0.06402857352147022,
      "phase": 3.1426663597377402,
      "lobes": 3,
      "density": 36,
      "scale": 0.8593778921939106,
      "oval_a": 1.1554512287385978,
      "oval_b": 0.7640281040936979
    },
    {
      "index": 2,
      "color": "#F6FA31",
      "shape": "leaf",
      "center": [
        -0.2152001616779865,
        0.15696450763248992
      ],
      "amp": 0.19992741099314443,
      "phase": 3.9073753216374536,
      "lobes": 2,
      "density": 26,
      "scale": 0.9196361343056962,
      "leaf_type": "heart_polar_r=1-sin(theta+phase)"
    }
  ]
}