{
  "product_id": "597957145557",
  "seed": 601944225,
  "colors": [
    "#1EF1F2",
    "#DC4FDD",
    "#F6FA31"
  ],
  "shape_types": [
    "oval",
    "arc",
    "leaf"
  ],
  "size": 800,
  "per_shape": [
    {
      "index": 0,
      "color": "#1EF1F2",
      "shape": "oval",
      "center": [
        -0.2661813025587356,
        -0.1814332986274109
      ],
      "amp": 0.1542657403614121,
      "phase": 1.6269756874170773,
      "lobes": 4,
      "density": 33,
      "scale": 0.8822159133694061,
      "oval_a": 1.128461115839024,
      "oval_b": 0.8321293685149277
    },
    {
      "index": 1,
      "color": "#DC4FDD",
      "shape": "arc",
      "center": [
        -0.13281209042933034,
        -0.24374039700142536
      ],
      "amp": 0.05328161540433933,
      "phase": 4.577902565568451,
      "lobes": 4,
      "density": 26,
      "scale": 0.9359036088761739
    },
    {
      "index": 2,
      "color": "#F6FA31",
      "shape": "leaf",
      "center": [
        -0.17594865602262982,
        -0.16719527713974217
      ],
      "amp": 0.09380571847122508,
      "phase": 4.8723415845277565,
      "lobes": 3,
      "density": 31,
      "scale": 1.1445361337486553,
      "leaf_type": "heart_polar_r=1-sin(theta+phase)"
    }
  ]
}