{
  "product_id": "597957145023",
  "seed": 4194364538,
  "colors": [
    "#1EF1F2",
    "#DC4FDD",
    "#F6FA31"
  ],
  "shape_types": [
    "arc",
    "oval",
    "loop"
  ],
  "size": 800,
  "per_shape": [
    {
      "index": 0,
      "color": "#1EF1F2",
      "shape": "arc",
      "center": [
        -0.38582010288779456,
        0.29590682473671315
      ],
      "amp": 0.1492442298219787,
      "phase": 1.8105146429656827,
      "lobes": 3,
      "density": 35,
      "scale": 0.9377156618877558
    },
    {
      "index": 1,
      "color": "#DC4FDD",
      "shape": "oval",
      "center": [
        -0.37761527872034295,
        -0.3305227935630634
      ],
      "amp": 0.10840194030862603,
      "phase": 0.46643743697832407,
      "lobes": 3,
      "density": 25,
      "scale": 1.1707346644289545,
      "oval_a": 1.2286361516365398,
      "oval_b": 0.7640093737126856
    },
    {
      "index": 2,
      "color": "#F6FA31",
      "shape": "loop",
      "center": [
        -0.35510741619375036,
        0.3620143965786158
      ],
      "amp": 0.05551612454381129,
      "phase": 4.976141727290749,
      "lobes": 3,
      "density": 31,
      "scale": 0.9503905186092976,
      "loop_exponent": 2.5
    }
  ]
}