{
  "product_id": "597957144223",
  "seed": 2479089781,
  "colors": [
    "#1EF1F2",
    "#DC4FDD",
    "#F6FA31"
  ],
  "shape_types": [
    "oval",
    "arc",
    "leaf"
  ],
  "size": 800,
  "per_shape": [
    {
      "index": 0,
      "color": "#1EF1F2",
      "shape": "oval",
      "center": [
        0.3909163710334539,
        -0.23886606113603054
      ],
      "amp": 0.09036671731218664,
      "phase": 2.3407393845997264,
      "lobes": 2,
      "density": 31,
      "scale": 0.9627981168787736,
      "oval_a": 1.2329457908495969,
      "oval_b": 0.8010529406581067
    },
    {
      "index": 1,
      "color": "#DC4FDD",
      "shape": "arc",
      "center": [
        0.030985867995330818,
        -0.06294589057339584
      ],
      "amp": 0.1184849171425479,
      "phase": 3.1641260416771693,
      "lobes": 4,
      "density": 26,
      "scale": 0.9104495851376925
    },
    {
      "index": 2,
      "color": "#F6FA31",
      "shape": "leaf",
      "center": [
        -0.055820413413321224,
        -0.06352103404536147
      ],
      "amp": 0.24260167162532892,
      "phase": 5.301369648497475,
      "lobes": 2,
      "density": 26,
      "scale": 1.091316606345865,
      "leaf_type": "heart_polar_r=1-sin(theta+phase)"
    }
  ]
}