{
  "product_id": "597957140581",
  "seed": 3121417966,
  "colors": [
    "#1EF1F2",
    "#DC4FDD",
    "#F6FA31"
  ],
  "shape_types": [
    "oval",
    "arc",
    "leaf"
  ],
  "size": 800,
  "per_shape": [
    {
      "index": 0,
      "color": "#1EF1F2",
      "shape": "oval",
      "center": [
        -0.12042982376114131,
        -0.36195583940903653
      ],
      "amp": 0.26362079995650667,
      "phase": 2.2733682889212443,
      "lobes": 2,
      "density": 24,
      "scale": 0.9516395249051567,
      "oval_a": 1.164060769318182,
      "oval_b": 0.8064452620712382
    },
    {
      "index": 1,
      "color": "#DC4FDD",
      "shape": "arc",
      "center": [
        -0.2323083969117084,
        -0.16516869010045365
      ],
      "amp": 0.25811362185657194,
      "phase": 1.9181979330515957,
      "lobes": 4,
      "density": 18,
      "scale": 1.0509158259082099
    },
    {
      "index": 2,
      "color": "#F6FA31",
      "shape": "leaf",
      "center": [
        -0.06218144044260221,
        0.1020777873197235
      ],
      "amp": 0.21924186348319624,
      "phase": 0.7633956321982153,
      "lobes": 4,
      "density": 35,
      "scale": 1.1742791183888863,
      "leaf_type": "heart_polar_r=1-sin(theta+phase)"
    }
  ]
}