{
  "product_id": "597957138929",
  "seed": 1961769191,
  "colors": [
    "#1EF1F2",
    "#DC4FDD",
    "#F6FA31"
  ],
  "shape_types": [
    "oval",
    "leaf",
    "loop"
  ],
  "size": 800,
  "per_shape": [
    {
      "index": 0,
      "color": "#1EF1F2",
      "shape": "oval",
      "center": [
        -0.16489500461097686,
        -0.1285158631316367
      ],
      "amp": 0.254665214255002,
      "phase": 1.531101438126238,
      "lobes": 4,
      "density": 24,
      "scale": 0.8880161921246005,
      "oval_a": 1.2697142377225668,
      "oval_b": 0.7256784450782707
    },
    {
      "index": 1,
      "color": "#DC4FDD",
      "shape": "leaf",
      "center": [
        0.33820222246129017,
        -0.21722437513333218
      ],
      "amp": 0.08393288001676229,
      "phase": 2.463909116022961,
      "lobes": 3,
      "density": 31,
      "scale": 1.0642684088512038,
      "leaf_type": "heart_polar_r=1-sin(theta+phase)"
    },
    {
      "index": 2,
      "color": "#F6FA31",
      "shape": "loop",
      "center": [
        -0.30984722928581027,
        0.044710906191863686
      ],
      "amp": 0.13774695983002644,
      "phase": 5.235574942235789,
      "lobes": 4,
      "density": 27,
      "scale": 0.9653250179520405,
      "loop_exponent": 2.5
    }
  ]
}