{
  "product_id": "597957143197",
  "seed": 1416185714,
  "colors": [
    "#1EF1F2",
    "#DC4FDD",
    "#F6FA31"
  ],
  "shape_types": [
    "arc",
    "oval",
    "loop"
  ],
  "size": 800,
  "per_shape": [
    {
      "index": 0,
      "color": "#1EF1F2",
      "shape": "arc",
      "center": [
        -0.060301775793663026,
        -0.16659047349310044
      ],
      "amp": 0.10079612596910782,
      "phase": 5.909441360118811,
      "lobes": 3,
      "density": 23,
      "scale": 1.1139953810718102
    },
    {
      "index": 1,
      "color": "#DC4FDD",
      "shape": "oval",
      "center": [
        0.2675000239094206,
        0.016014799709028082
      ],
      "amp": 0.12095030321227647,
      "phase": 0.5566512710434678,
      "lobes": 4,
      "density": 27,
      "scale": 0.8649521747573223,
      "oval_a": 1.252248212811919,
      "oval_b": 0.7208243076562703
    },
    {
      "index": 2,
      "color": "#F6FA31",
      "shape": "loop",
      "center": [
        0.24971550558617406,
        -0.33307247909231175
      ],
      "amp": 0.20970029315312083,
      "phase": 4.841572825049867,
      "lobes": 4,
      "density": 30,
      "scale": 0.9497350155126736,
      "loop_exponent": 2.5
    }
  ]
}