{
  "product_id": "597957147993",
  "seed": 1702703224,
  "colors": [
    "#1EF1F2",
    "#DC4FDD",
    "#F6FA31"
  ],
  "shape_types": [
    "oval",
    "leaf",
    "loop"
  ],
  "size": 800,
  "per_shape": [
    {
      "index": 0,
      "color": "#1EF1F2",
      "shape": "oval",
      "center": [
        -0.005590479189817199,
        0.0025951441176682577
      ],
      "amp": 0.27043147455636585,
      "phase": 1.4281267380256848,
      "lobes": 2,
      "density": 24,
      "scale": 1.083329469300275,
      "oval_a": 1.1799474553921796,
      "oval_b": 0.7267826864251857
    },
    {
      "index": 1,
      "color": "#DC4FDD",
      "shape": "leaf",
      "center": [
        0.08751069926726662,
        0.1557326300838462
      ],
      "amp": 0.22987208168126383,
      "phase": 1.2104196292702492,
      "lobes": 2,
      "density": 36,
      "scale": 1.098400394074846,
      "leaf_type": "heart_polar_r=1-sin(theta+phase)"
    },
    {
      "index": 2,
      "color": "#F6FA31",
      "shape": "loop",
      "center": [
        -0.15148692384171822,
        0.04375576895223421
      ],
      "amp": 0.1505811260972118,
      "phase": 2.8943166329430197,
      "lobes": 3,
      "density": 25,
      "scale": 1.1162990477904502,
      "loop_exponent": 2.5
    }
  ]
}