{
  "product_id": "597957139705",
  "seed": 882720673,
  "colors": [
    "#1EF1F2",
    "#DC4FDD",
    "#F6FA31"
  ],
  "shape_types": [
    "loop",
    "leaf",
    "oval"
  ],
  "size": 800,
  "per_shape": [
    {
      "index": 0,
      "color": "#1EF1F2",
      "shape": "loop",
      "center": [
        0.17916300503154903,
        -0.16465904334758968
      ],
      "amp": 0.15129845968505407,
      "phase": 0.8173162418454312,
      "lobes": 2,
      "density": 21,
      "scale": 1.1673429040410757,
      "loop_exponent": 2.5
    },
    {
      "index": 1,
      "color": "#DC4FDD",
      "shape": "leaf",
      "center": [
        0.08994994640297493,
        0.039540460643440856
      ],
      "amp": 0.28053428997982605,
      "phase": 5.324549370062172,
      "lobes": 4,
      "density": 35,
      "scale": 1.0312635962457317,
      "leaf_type": "heart_polar_r=1-sin(theta+phase)"
    },
    {
      "index": 2,
      "color": "#F6FA31",
      "shape": "oval",
      "center": [
        0.102394945216988,
        -0.2743345467200665
      ],
      "amp": 0.1436558672549238,
      "phase": 1.0846298022161043,
      "lobes": 3,
      "density": 29,
      "scale": 1.0466839211146675,
      "oval_a": 1.1446105783650053,
      "oval_b": 0.7277332169963346
    }
  ]
}